"","Fish.Crow","Great.Crested.Flycatcher","Summer.Tanager","Brown.headed.Nuthatch","Chipping.Sparrow","White.eyed.Vireo","Northern.Parula","Yellow.throated.Warbler","N..Rough.winged.Swallow","Acadian.Flycatcher","Eastern.Wood.Pewee","Eastern.Phoebe","Brown.headed.Cowbird","Orchard.Oriole","Carolina.Wren","Prothonotary.Warbler","Prairie.Warbler","Hooded.Warbler","Ovenbird","Northern.Cardinal","Red.bellied.Woodpecker","Tufted.Titmouse","Downy.Woodpecker","White.breasted.Nuthatch","Common.Yellowthroat","American.Redstart","Black.thr.Blue.Warbler","Ring.billed.Gull","Yellow.rumped.Warbler","Blue.Jay","White.throated.Sparrow","Yellow.rumped..Myrtle..Warbler","Black.throated.Blue.Warbler","Black.and.white.Warbler","Gray.Catbird","Purple.Martin","Barn.Swallow","Cliff.Swallow","Cedar.Waxwing","House.Finch","American.Robin","Northern.Mockingbird","Blue.Grosbeak","Indigo.Bunting","Yellow.breasted.Chat","Eastern.Bluebird","American.Crow","Carolina.Chickadee","Pine.Warbler","European.Starling","House.Sparrow","Red.eyed.Vireo","Eastern.Kingbird","Scarlet.Tanager","Common.Grackle","Red.winged.Blackbird","Brown.Thrasher","Mourning.Dove","Blue.gray.Gnatcatcher","Wood.Thrush","American.Goldfinch","Eastern.Towhee","Chimney.Swift","Bobolink","Ruby.throated.Hummingbird"
"Fish.Crow",1,0.639090308230205,0.654459156438777,0.638370860688086,0.744850519057768,0.585638774600424,0.488902970896626,0.485042330025611,0.366149355853718,0.418071990056588,0.538227823005632,0.297558105483156,0.386998518903307,0.46745242832447,0.329702371009905,0.311307276472584,0.340364920753952,0.245397911395018,0.178439352695441,0.361284124848095,0.232166875893753,0.262811533468229,0.22396785204177,0.145408564473577,0.152824158298277,0.0480455229149923,0.389587374923841,0.142015117185211,0.107020333031137,-0.000393265537200169,-0.0110001846419685,-0.142613855698887,0.0977809003234938,0.388016978618034,0.439270787607127,-0.106836356629047,-0.29475494486897,0.0211816162301974,-0.211837144036417,-0.175052178308334,-0.15961900535359,-0.0347921806098039,0.0428103282812165,-0.098363451316751,-0.0221045164815011,0.0909213297739367,-0.0311766886630071,-0.0162297745108464,0.0783408070041916,-0.307595600932082,-0.2670689185899,0.0382304257423836,-0.129242018421443,-0.156130408426901,-0.452504956564375,-0.215306237454576,-0.0894611326132915,-0.0681706576006429,-0.189685477972631,-0.41944756776362,-0.303312887441263,-0.0912169258810228,-0.14961073389589,-0.436982559393525,-0.0105065846050914
"Great.Crested.Flycatcher",0.639090308230205,1,0.870272496523573,0.780808370569662,0.730662289239677,0.501087075864352,0.5826433126517,0.698443638905725,0.344745844781474,0.51746630378823,0.679483918730399,0.483326654760668,0.631893670093977,0.709001660359717,0.477160160079646,0.589819032208261,0.558321922400359,0.614463986305155,0.504044363613346,0.600534103399848,0.664746158743533,0.658396114549847,0.491793996314964,0.455635354525005,0.458979318846031,0.292927486576279,0.388875390367167,0.14299319536881,0.0368504991478225,0.323403102436943,-0.00340248582950441,-0.0318409788591882,0.0773983247854312,0.269151427229663,0.382710988453038,-0.219660512326392,-0.0830337611388504,0.117214243460503,0.0777280093259506,0.290413722471677,0.361930855744313,0.385843727192756,0.447928609175386,0.351175900399099,0.388344246201131,0.440928699839373,0.441278166271005,0.403997376814862,0.416906501203119,0.0594553315472361,0.142921425295832,0.451227555132767,0.306180020527192,0.267830826718836,0.00729967536111057,0.142871142088909,0.325369636132512,0.445744768385766,0.367436500727433,0.085778180700328,0.245686620325184,0.304048497368288,0.233210618734859,-0.226440415160101,0.296492809134786
"Summer.Tanager",0.654459156438777,0.870272496523573,1,0.755373843953529,0.783613993107671,0.575683810564593,0.711267115107338,0.747711501846844,0.303352460552117,0.5588855251448,0.706270153355188,0.377762274764985,0.658142355601052,0.656050130654688,0.503195646102786,0.552885441546807,0.648829819003359,0.762284276853762,0.633399842553244,0.698378075795996,0.696006912815783,0.626962983806096,0.417673824454071,0.454219813539348,0.509111884417666,0.216071599300553,0.414489051286945,0.209919473032254,0.133190980211502,0.357363386552353,0.0239702182209192,-0.0237594511262311,0.13108996410202,0.396110736644834,0.492226085756407,-0.261157533068909,-0.0744891937822816,0.249729764613948,-0.0823558203243109,0.223735093473456,0.265329331298137,0.295502510428959,0.449649705194922,0.389754993383931,0.445094775066481,0.445450600401132,0.444078406171417,0.385769120838238,0.465785665333237,0.0571185725352588,0.158631472648122,0.551196552605151,0.36889536577051,0.34605333825917,0.0637294288203444,0.223806677146617,0.359264655790251,0.488423645233352,0.427963568519614,0.167520334936942,0.27732723521406,0.400230121102793,0.231069864834251,-0.245667451901019,0.290379256831398
"Brown.headed.Nuthatch",0.638370860688086,0.780808370569662,0.755373843953529,1,0.763335392794864,0.537573243141601,0.619522589106322,0.554306195528241,0.355905785908604,0.48668106820178,0.636721315725783,0.561860138516638,0.594508179830466,0.655846904079672,0.556532633768513,0.50744115681478,0.729593543071967,0.57308932631528,0.640992959043435,0.694207822670893,0.72274863388446,0.725429847334269,0.613029287856488,0.608007351573762,0.630304771223212,0.502926727858543,0.611261323531814,0.187443552014077,0.241313406103521,0.264116007952637,-0.097462124406542,-0.171999520428189,0.107691640593443,0.521184609715815,0.512726743573454,-0.0531168708882219,0.0522307869377618,0.219616327043073,0.20087233331881,0.321187051975414,0.462930348158794,0.456880145177412,0.399572897719717,0.423474439985038,0.35131090182413,0.558028296583247,0.542335013777861,0.535082122080884,0.556990948483161,0.0686151915874114,0.0560279904275553,0.419778548405935,0.309896589257841,0.279598413230419,0.141529172361229,0.253973322019202,0.404625495344367,0.435945228013688,0.317872798843979,0.119541827611393,0.236172893901913,0.44315987413123,0.180556712054814,-0.0361316135904422,0.256892101276952
"Chipping.Sparrow",0.744850519057768,0.730662289239677,0.783613993107671,0.763335392794864,1,0.553125703215353,0.543917326897296,0.638371769977321,0.445451180722088,0.380744367771368,0.652399712057917,0.529125127382555,0.709206479145975,0.677463703954854,0.634747217667786,0.576831542523741,0.618139921230358,0.634307370526473,0.589657815334512,0.666264370207396,0.522017898006941,0.610951810778114,0.320937065128932,0.384276395381126,0.437308953833358,0.324543171543355,0.435755504633188,0.0765570753015322,0.300675949242791,0.359132358923765,0.0594859268412688,-0.0549845892346095,0.0474753191644159,0.44500330380784,0.373730116519669,-0.052121882054215,0.0367713820538163,0.345097826501182,-0.0607343007244307,0.298964653538184,0.198188219983119,0.380226818246028,0.417606188266583,0.293172132571829,0.330577010554661,0.516345640441476,0.416635341237499,0.372964872410005,0.4769231102285,0.0741093579705007,0.0274604463682253,0.353491141112055,0.243599460837826,0.225742305890989,0.00206387153484626,0.139632285148219,0.33309548707887,0.358574195535525,0.202408530348563,-0.0336067243153846,0.186584804681762,0.347893595051407,0.031854365514403,-0.248766987274807,0.334382037300388
"White.eyed.Vireo",0.585638774600424,0.501087075864352,0.575683810564593,0.537573243141601,0.553125703215353,1,0.609563529163083,0.670695716871441,0.184803839110884,0.478275482441233,0.514469289652474,0.0876989602438128,0.0833225716135537,0.198977346399308,0.132181867231866,0.0399251282959496,0.37790252003755,0.34078769405325,0.208987970036416,0.208342161268553,0.287072911336943,0.253117695794074,0.506323434965026,0.234174424246753,0.324227364464853,0.0305119628434659,0.286732083102337,-0.110454460382186,0.0807323931765768,-0.106093577516541,-0.130544555825891,-0.107821418221515,0.0451735715680743,0.437524919646148,0.337765975549826,-0.495686690463498,-0.385199993774054,-0.233280229777141,-0.226538233055578,0.0364397889779991,-0.225043619016801,-0.196675500065452,0.0955586109999744,0.00871886997524996,0.0804181743873019,0.00704504576203829,-0.0614707039909441,0.120566595236341,0.219315136035483,-0.279685692421246,-0.212343114852906,0.191768224018276,-0.0390674625494057,-0.157811905517448,-0.422320436021719,-0.223740403230434,0.0225024804590312,-0.0308992930705888,-0.0113016836685387,-0.240282075437901,-0.164635602081335,-0.0961704757841405,-0.0570181447893776,-0.217084702192019,-0.136976461856552
"Northern.Parula",0.488902970896626,0.5826433126517,0.711267115107338,0.619522589106322,0.543917326897296,0.609563529163083,1,0.704982095673802,0.108866474641189,0.207302638762818,0.253617856384045,0.345100691181162,0.475764935670581,0.399831046096314,0.459877048457056,0.544766954975982,0.487705794211078,0.56143311457059,0.56845501191506,0.497442545858014,0.622710110310233,0.393753880097568,0.580930016093194,0.481854213488828,0.598230936632638,0.273210043398246,0.471037781713359,0.130294665298559,0.248381662410818,0.291845170511013,0.189517971334978,0.267628709309192,0.600367999645962,0.68694050503394,0.703102844133667,-0.119978331438997,1.2272512897596e-05,0.108619306183488,-0.00994493434958784,0.0106486040485624,0.0970158752853134,0.112956755815451,0.233033388728715,0.150089423752049,0.187597865117957,0.382203221221606,0.253001194318199,0.318052382247049,0.388370686085977,-0.0179700385559434,0.0803762313052189,0.527493167428817,0.357191151274014,0.394052746001571,-0.00866563464953454,0.173044344082218,0.24407265812746,0.233837643934399,0.38352817511151,0.144720890887869,0.219873099425526,0.25965505885041,0.245684504518962,-0.0656351588361811,0.134138354031455
"Yellow.throated.Warbler",0.485042330025611,0.698443638905725,0.747711501846844,0.554306195528241,0.638371769977321,0.670695716871441,0.704982095673802,1,0.347007673174284,0.280350909385683,0.603802473049633,0.376086393151281,0.368770780456409,0.527078399262,0.415256846975302,0.440537884196289,0.569970131044704,0.627908653936953,0.49277098478942,0.400610516873465,0.507359841862486,0.473801303370987,0.481556564575632,0.211422506805415,0.551096682549625,0.265771944518033,0.361088663235653,0.0391801325392548,0.142105877639277,0.266143768512831,0.233974870678658,0.20619485727101,0.0803991092371001,0.397570467023892,0.370471385185853,-0.298044740479152,0.0340955688428729,0.0749877501274783,-0.10088126269366,0.127253775269924,0.0657585563078845,0.200722967894898,0.385093426959051,0.266850003233317,0.340491564791795,0.393786177799225,0.347124479851603,0.35034761868219,0.48883845172288,0.0852251309539477,0.0399888030086972,0.531402687269257,0.353948195609282,0.229214115184636,-0.00449812582366194,0.0717710039418573,0.222467427044541,0.280863973190347,0.292481017278011,0.0610702197330761,0.154872349848001,0.13725779340033,0.00748040474298959,-0.285696715440354,0.147805551282434
"N..Rough.winged.Swallow",0.366149355853718,0.344745844781474,0.303352460552117,0.355905785908604,0.445451180722088,0.184803839110884,0.108866474641189,0.347007673174284,1,0.30909656982216,0.416741947228165,0.427897091436873,0.250628478519483,0.177041828610835,-0.0389991837064489,0.212900402189194,-0.0202073532422278,0.140789980983551,0.0931628757870976,0.00889502592302777,-0.0536027316049116,0.196009581181291,-0.00519242081111491,-0.125173131976026,0.0900176942517252,0.199849940476329,0.183868193253234,-0.00544924312750223,-0.0360752214085834,-0.191144451676934,-0.177274125526746,-0.308479590919248,-0.0605091592464891,0.100997250946734,0.00409058672557894,-0.0091378369932829,0.240141310050793,0.236966370000968,-0.0539248604906194,-0.209526782178967,-0.0934481605857411,-0.0755004974002728,-0.0853144716242684,-0.173765897270972,-0.091061710957822,-0.0134825998950434,0.184242130627642,-0.111057025273734,-0.0223592218887094,-0.35490899908125,-0.434614366016181,-0.217161780322847,-0.150608036533065,-0.255626948688803,-0.203573545426202,-0.319097671219172,-0.206667931225017,-0.0947202588582422,-0.237199124805715,-0.386960473548507,-0.219098962976931,-0.160114777779138,-0.131191353254065,-0.223836424104194,0.052314313074492
"Acadian.Flycatcher",0.418071990056588,0.51746630378823,0.5588855251448,0.48668106820178,0.380744367771368,0.478275482441233,0.207302638762818,0.280350909385683,0.30909656982216,1,0.640846746839262,0.0378098473292892,0.200078691449844,0.224167343881253,0.0764734585240929,0.0604691241854396,0.176199128601485,0.387672194059292,0.113549642705051,0.264869318534894,0.335019140678627,0.276254445203255,0.321121239457286,0.401247236304728,-0.0352686912857279,0.0536158215426807,0.109728511845495,-0.0594535464289717,-0.106223371058256,-0.0958655921069676,-0.380204507521215,-0.463728621240595,-0.210649812453225,0.116211061941898,0.155459200979995,-0.307793133042794,-0.30004872202131,-0.0477810359724105,0.00559809201744426,0.0356011819563778,0.0503212108718322,-0.0394377615993449,0.0352788180760392,0.0983595714064932,0.09119171144304,-0.0704707187161257,-0.00883997771439402,0.0224536628413136,-0.00848813281567354,-0.246329019745047,-0.130842599595179,0.0462404531623083,-0.195853113152967,-0.155869577196567,-0.24276501474069,-0.169936293810311,0.0344344050185519,0.157386812630418,0.0395144103109288,-0.143805137219397,-0.114259636603712,0.00907424914268049,0.123922203803552,0.0505247009788404,0.147673983229132
"Eastern.Wood.Pewee",0.538227823005632,0.679483918730399,0.706270153355188,0.636721315725783,0.652399712057917,0.514469289652474,0.253617856384045,0.603802473049633,0.416741947228165,0.640846746839262,1,0.253019619511214,0.439434725701969,0.610674477629535,0.297196344591623,0.1872297820967,0.506206530707057,0.605885719554608,0.391767012088919,0.563884184595754,0.562320074412823,0.693045985054663,0.45584930269115,0.338402212135664,0.308050112781741,0.226496804237755,0.259784394675015,0.0332265595903961,-0.0107931860683781,0.241998887984212,-0.149943968896477,-0.237820273413034,-0.271020969262868,0.129872835974695,0.18807686755941,-0.355693595757809,-0.10286942577872,0.0765210214774242,-0.0178715283433737,0.308481042553836,0.337335161288651,0.362889847589798,0.508135171012052,0.436499149097836,0.477965653260887,0.337990544840998,0.402046221050737,0.432629733558408,0.418827397233427,0.15449968392742,0.130648091841066,0.429630213038609,0.225121296302824,0.166784087852249,-0.0115448589895769,0.13434915655767,0.317772591358774,0.441978627447861,0.239373626400772,0.0925289109786953,0.13260667867311,0.265803260741936,0.129900752460041,-0.000599006435155858,0.424468763673349
"Eastern.Phoebe",0.297558105483156,0.483326654760668,0.377762274764985,0.561860138516638,0.529125127382555,0.0876989602438128,0.345100691181162,0.376086393151281,0.427897091436873,0.0378098473292892,0.253019619511214,1,0.59859027944924,0.504360608430713,0.43840239675046,0.438284293293219,0.363244677494606,0.32416323691509,0.408834577815015,0.423523381122272,0.338371757584814,0.384448872541612,0.213786142181541,0.202133237922836,0.414317136824453,0.486446147219837,0.401336541569365,-0.00349557062685853,0.263507926495702,0.163544822146591,-0.0298912872989092,-0.0168929984571285,0.154641510056061,0.156222019680746,0.159804513801584,0.23119528265845,0.38973930849741,0.0831194641347192,0.254794042977756,0.408820694302095,0.417211023343884,0.48119891428485,0.319493037405638,0.322939752844448,0.224553626760479,0.62688093323296,0.517493864306634,0.349646865148414,0.425666210113794,0.162709190834233,0.102380875211066,0.221212420736385,0.25788532214165,0.233223634057373,0.272781968057717,0.206172641131579,0.457819319347489,0.307230160322549,0.22119485775059,0.075893870954145,0.254781882002106,0.303890255701578,-0.0158268329034058,-0.112154987173015,0.204803586911473
"Brown.headed.Cowbird",0.386998518903307,0.631893670093977,0.658142355601052,0.594508179830466,0.709206479145975,0.0833225716135537,0.475764935670581,0.368770780456409,0.250628478519483,0.200078691449844,0.439434725701969,0.59859027944924,1,0.739887907553433,0.679834736915073,0.691491968691943,0.4707272666474,0.676926362824211,0.657220343146143,0.765250110654349,0.682190877314593,0.649824458904649,0.400139609977686,0.578390908660045,0.419351200959489,0.433777469978975,0.293870047784037,0.150571763075074,0.291760139311723,0.536655881710534,0.0896861488209069,0.0669828484634285,0.223574870921486,0.203107184362119,0.339404300548994,0.274273644212974,0.420571950140338,0.475115298965471,0.1701893558996,0.456350390443298,0.600920587499401,0.624211816059095,0.617615612202004,0.497016668666706,0.489182899452354,0.728753002362127,0.646221307776591,0.583980376870993,0.529707386618532,0.403807443057418,0.473634177106843,0.510920239964237,0.509536813117379,0.62151264520453,0.40910600927992,0.459911488771298,0.639565629581811,0.676854298764851,0.498686917634398,0.39486370160539,0.538195369277038,0.601820693042428,0.404143224965149,0.0673893590503131,0.571140175452048
"Orchard.Oriole",0.46745242832447,0.709001660359717,0.656050130654688,0.655846904079672,0.677463703954854,0.198977346399308,0.399831046096314,0.527078399262,0.177041828610835,0.224167343881253,0.610674477629535,0.504360608430713,0.739887907553433,1,0.589919419624691,0.552639522025451,0.623094520473147,0.600969602409822,0.54445126007052,0.755672766651404,0.693135443990449,0.694328672120088,0.519468058202407,0.45118398869096,0.455748746832553,0.322009709772385,0.224618159951896,0.0677140633495867,0.156088225150757,0.475282862064167,0.138041022661561,0.142403032317683,0.103000937225102,0.226382767098725,0.461809894145041,0.0471788578473861,0.250788764160377,0.25561458936014,0.314507382824536,0.514416373275006,0.553566088146808,0.649183441487638,0.667340253120419,0.56721231407017,0.496903706071667,0.698873102823512,0.654710481155669,0.638618599259869,0.618920642676152,0.417621737481323,0.410056393574449,0.527173600267253,0.500593226502155,0.530112292350973,0.333702395631083,0.487157461040055,0.562416534657295,0.575791400565621,0.448483833592538,0.30414108726598,0.427824235054745,0.506667970134963,0.193339802352356,0.0390088651079971,0.527122754347622
"Carolina.Wren",0.329702371009905,0.477160160079646,0.503195646102786,0.556532633768513,0.634747217667786,0.132181867231866,0.459877048457056,0.415256846975302,-0.0389991837064489,0.0764734585240929,0.297196344591623,0.43840239675046,0.679834736915073,0.589919419624691,1,0.655997954487775,0.607038725867976,0.512327037462089,0.645106933531144,0.764279991524503,0.626333598188949,0.55013236978339,0.386840815906601,0.470420245204093,0.54683784315849,0.501044883204592,0.404106693210103,0.123331846411167,0.507719153521224,0.580530321047728,0.314005989458844,0.328512722077153,0.224039795091376,0.339449000771633,0.430830903764319,0.0766756019207705,0.230179107947126,0.379345611165371,0.290647290484112,0.426817555234076,0.545666425975657,0.651571062556413,0.520672685821207,0.492289833016187,0.423677143835552,0.761750561828756,0.562903140530654,0.638602319167429,0.690213975824998,0.487871528521923,0.407573789984523,0.585389223273944,0.582247048238113,0.630256729348482,0.477865306956767,0.531367399998663,0.623381997284973,0.599029164504051,0.489443882380206,0.43993248855976,0.536792883390748,0.655938012475473,0.231847173585226,0.0926967641318588,0.492341484285546
"Prothonotary.Warbler",0.311307276472584,0.589819032208261,0.552885441546807,0.50744115681478,0.576831542523741,0.0399251282959496,0.544766954975982,0.440537884196289,0.212900402189194,0.0604691241854396,0.1872297820967,0.438284293293219,0.691491968691943,0.552639522025451,0.655997954487775,1,0.391359856117894,0.566793118205636,0.674264832187057,0.635907927592771,0.555033094856345,0.512235681988032,0.348903722420884,0.425004527747755,0.44664162083412,0.242390217642096,0.363250226760091,0.325330207624827,0.412304551766189,0.529636483985641,0.302810701414603,0.207031139689372,0.397963104682806,0.361965527809847,0.523454955468493,0.286357895737967,0.206846646349957,0.437637904292775,0.0645472067993644,0.23949926975134,0.368905680806622,0.523901076334112,0.255180269385285,0.245370623171724,0.197021173954957,0.538816988793351,0.535313857196397,0.448239677531971,0.434328977217349,0.143206646706943,0.217747354642198,0.400842017108682,0.414201856254545,0.523346726434316,0.323808602428337,0.297850066650433,0.383323070760685,0.411849295677855,0.46470865907524,0.275674573882492,0.496358977800436,0.539474179274316,0.216017861419669,-0.0384088866827849,0.428620792369553
"Prairie.Warbler",0.340364920753952,0.558321922400359,0.648829819003359,0.729593543071967,0.618139921230358,0.37790252003755,0.487705794211078,0.569970131044704,-0.0202073532422278,0.176199128601485,0.506206530707057,0.363244677494606,0.4707272666474,0.623094520473147,0.607038725867976,0.391359856117894,1,0.719050072346917,0.764139709122762,0.719008212906371,0.733282135445393,0.775512487072709,0.402678530221628,0.538940668252183,0.662795068679916,0.479522894352024,0.427518802242242,0.160475766130051,0.219931214208878,0.439288338252405,0.0748458125388989,0.0506063604651183,-0.0854713819309137,0.408910444580942,0.310916822938926,-0.00712586251867551,0.177409012757041,0.399769703814605,0.0551169590083051,0.544096849783306,0.553204999001791,0.649219726800074,0.686691514849324,0.745594023499583,0.747521976951259,0.715860710744264,0.686606726159535,0.696782537304572,0.798731643725662,0.482942095743028,0.43164023693508,0.721658229962663,0.611392476764371,0.533714913774515,0.487550632811068,0.497866322624601,0.631658531728513,0.67713719090403,0.614119347950826,0.501486787814425,0.476064909261023,0.644120262965395,0.227456057839458,-0.0215859516385597,0.329018854290692
"Hooded.Warbler",0.245397911395018,0.614463986305155,0.762284276853762,0.57308932631528,0.634307370526473,0.34078769405325,0.56143311457059,0.627908653936953,0.140789980983551,0.387672194059292,0.605885719554608,0.32416323691509,0.676926362824211,0.600969602409822,0.512327037462089,0.566793118205636,0.719050072346917,1,0.849322111173457,0.762227305641567,0.824285783602655,0.774735743694434,0.439827389023712,0.649178457169462,0.506498759208935,0.402650760875709,0.333415813345939,0.227843010004947,0.269269366455236,0.588064941833349,0.175342308324282,0.106862993704043,0.0543167596626453,0.383088867698853,0.324110094892031,0.0433609850555919,0.275961988823698,0.525142143859364,-0.0828795256390665,0.505225035629932,0.492449126039946,0.554112927809623,0.602267267884026,0.632041263050766,0.671093287632731,0.600286561836311,0.67385387927741,0.637823619989773,0.624462126943728,0.423963728540818,0.49206549495841,0.729543354738405,0.551480655262935,0.665260920492127,0.431910577218566,0.399201868637074,0.660580703835675,0.72339652164865,0.706283663586814,0.550830996414606,0.624854278478359,0.67167078553318,0.481138352211044,0.0646340529856908,0.537155205500181
"Ovenbird",0.178439352695441,0.504044363613346,0.633399842553244,0.640992959043435,0.589657815334512,0.208987970036416,0.56845501191506,0.49277098478942,0.0931628757870976,0.113549642705051,0.391767012088919,0.408834577815015,0.657220343146143,0.54445126007052,0.645106933531144,0.674264832187057,0.764139709122762,0.849322111173457,1,0.83814891568369,0.801572962434799,0.773282172241578,0.449494986158594,0.562216645988802,0.739049083085229,0.60350976618852,0.623866978635284,0.462988087830051,0.551586242820599,0.703930187273827,0.318690142490389,0.228342568485425,0.234421366934221,0.570958566267476,0.493229247089065,0.120297893666604,0.332495590762802,0.624632486748555,0.0378354333075324,0.49718292527667,0.583007156257295,0.641225955988167,0.508485778528424,0.603004604835711,0.57147518098309,0.705594891080961,0.790009946013201,0.745927860363862,0.765989854307269,0.441725002175246,0.479935569332588,0.711117902665347,0.704497732077977,0.741160569592081,0.597203469662147,0.525821494239351,0.713060074297722,0.700735441530736,0.763390970386913,0.638087426040557,0.713246564769643,0.830897094755162,0.343871162718205,0.0619152016280558,0.451300820641663
"Northern.Cardinal",0.361284124848095,0.600534103399848,0.698378075795996,0.694207822670893,0.666264370207396,0.208342161268553,0.497442545858014,0.400610516873465,0.00889502592302777,0.264869318534894,0.563884184595754,0.423523381122272,0.765250110654349,0.755672766651404,0.764279991524503,0.635907927592771,0.719008212906371,0.762227305641567,0.83814891568369,1,0.837382379136574,0.817173194933797,0.529103947472067,0.614502297543577,0.632576982784968,0.430347160866702,0.445072394238593,0.298249785779561,0.482587300667508,0.668729548684676,0.166838244679706,0.148983346259429,0.25491005831872,0.436831327771817,0.599672764659328,-0.0374572808596486,0.175041567912894,0.442917378979839,0.195334915167187,0.615177987188067,0.684124031044309,0.71475719574946,0.639607788554433,0.695281507075246,0.613038136155041,0.764075860595886,0.754076579078576,0.793790076127674,0.776280802266958,0.491242036001988,0.58683616691489,0.726832648057142,0.687131595764796,0.752245530358045,0.532696357221141,0.644302991787593,0.783942649358299,0.761495349329216,0.725882343321118,0.606789800608238,0.690789063480612,0.8474642612727,0.382481483155244,0.227828234471395,0.635069008121398
"Red.bellied.Woodpecker",0.232166875893753,0.664746158743533,0.696006912815783,0.72274863388446,0.522017898006941,0.287072911336943,0.622710110310233,0.507359841862486,-0.0536027316049116,0.335019140678627,0.562320074412823,0.338371757584814,0.682190877314593,0.693135443990449,0.626333598188949,0.555033094856345,0.733282135445393,0.824285783602655,0.801572962434799,0.837382379136574,1,0.841632320325815,0.676782517663056,0.789258181957687,0.640505125724046,0.513492742722858,0.441800268324809,0.243693890646486,0.245965527335622,0.645036111683599,0.16693845335464,0.219945184417924,0.24652259684718,0.430423616601675,0.484926808511645,-0.0154377181773585,0.219440887743162,0.339540833317399,0.288666586943522,0.54458295608948,0.731942536310814,0.697479028031098,0.664879526905937,0.693414224363668,0.643033111188664,0.728387589365356,0.689303850721289,0.784267395065277,0.669788924402621,0.511386310949569,0.547646292644547,0.791508343480993,0.660445828844062,0.778236188757553,0.491653954115989,0.594835265330452,0.718961382491165,0.758572291450884,0.748311798173184,0.63587179727162,0.690474661691161,0.747899219832424,0.591956552626207,0.296946204688921,0.557534791107364
"Tufted.Titmouse",0.262811533468229,0.658396114549847,0.626962983806096,0.725429847334269,0.610951810778114,0.253117695794074,0.393753880097568,0.473801303370987,0.196009581181291,0.276254445203255,0.693045985054663,0.384448872541612,0.649824458904649,0.694328672120088,0.55013236978339,0.512235681988032,0.775512487072709,0.774735743694434,0.773282172241578,0.817173194933797,0.841632320325815,1,0.557689471768901,0.67896324864986,0.57123266556646,0.494686201877648,0.333085070684377,0.157041835747856,0.141973973622075,0.560067884982738,-0.0227415709325062,-0.020019103399145,-0.00248643533144508,0.275135514303842,0.291361166071681,-0.0197112223949584,0.236745815214903,0.444834204321581,0.170131539227221,0.648699482625522,0.764122089628293,0.780175116683562,0.76258744501836,0.784913066318184,0.784642547856914,0.7474366850465,0.831942530278595,0.849370555616423,0.777406665630141,0.543125257373894,0.545691483402875,0.764169744967714,0.646139385920409,0.662240610692544,0.5028546972782,0.497046095300541,0.698261113436604,0.780460265953315,0.692588454833702,0.59382688029814,0.621800744385764,0.725324036001111,0.460128154012083,0.233500953021378,0.617355937025223
"Downy.Woodpecker",0.22396785204177,0.491793996314964,0.417673824454071,0.613029287856488,0.320937065128932,0.506323434965026,0.580930016093194,0.481556564575632,-0.00519242081111491,0.321121239457286,0.45584930269115,0.213786142181541,0.400139609977686,0.519468058202407,0.386840815906601,0.348903722420884,0.402678530221628,0.439827389023712,0.449494986158594,0.529103947472067,0.676782517663056,0.557689471768901,1,0.643024841850744,0.563220511166449,0.39531676264092,0.327223597310913,0.0225671219558998,0.23107947604029,0.291550556991346,0.00970890334974189,0.0440981024230103,0.238170185425612,0.419804651684565,0.587671579410519,-0.146357114655055,0.0487100528203868,-0.078636443310855,0.28674326193059,0.340741501680269,0.440282706299357,0.322601512487459,0.399739943703156,0.365365518845544,0.269789937483748,0.413267583400859,0.402724916360726,0.649295177988227,0.556646440388449,0.223576243711349,0.325111547078428,0.520360057207718,0.375951822458131,0.41072500663793,0.150200100684767,0.290212344201393,0.446700984536317,0.400567296695352,0.434341904647536,0.326118224027906,0.301763372542998,0.327504119754765,0.255437378145216,0.394189608254659,0.348662587646972
"White.breasted.Nuthatch",0.145408564473577,0.455635354525005,0.454219813539348,0.608007351573762,0.384276395381126,0.234174424246753,0.481854213488828,0.211422506805415,-0.125173131976026,0.401247236304728,0.338402212135664,0.202133237922836,0.578390908660045,0.45118398869096,0.470420245204093,0.425004527747755,0.538940668252183,0.649178457169462,0.562216645988802,0.614502297543577,0.789258181957687,0.67896324864986,0.643024841850744,1,0.340961099160677,0.383612726162127,0.171630448504486,0.054669739896252,0.112878807462034,0.409712318098844,-0.0885150439765302,-0.094419237553997,0.114915463060545,0.300752567908655,0.324039595121146,0.193220299125962,0.207578790887879,0.322732421856633,0.161239570260124,0.486700945192133,0.618982242781948,0.519679350252154,0.50565010937652,0.56938105223952,0.500710679615014,0.5502529347162,0.511806215655056,0.648686560687876,0.479578550342779,0.412721287791557,0.481507308794284,0.591219985603017,0.346906690412303,0.578369668758116,0.381577381489067,0.419749243468129,0.561445970259175,0.623213453302645,0.550062528518003,0.511433776359389,0.524666914296921,0.569635705023506,0.623237424470269,0.37927539253106,0.523305862250204
"Common.Yellowthroat",0.152824158298277,0.458979318846031,0.509111884417666,0.630304771223212,0.437308953833358,0.324227364464853,0.598230936632638,0.551096682549625,0.0900176942517252,-0.0352686912857279,0.308050112781741,0.414317136824453,0.419351200959489,0.455748746832553,0.54683784315849,0.44664162083412,0.662795068679916,0.506498759208935,0.739049083085229,0.632576982784968,0.640505125724046,0.57123266556646,0.563220511166449,0.340961099160677,1,0.640992011231502,0.691735817814937,0.345242541830219,0.582183063522045,0.472321272249284,0.264507893132899,0.209011275132802,0.341328907513118,0.610623290212184,0.603684194151979,-0.251838670364833,0.286879333644756,0.300610293618843,0.152552197220101,0.360314704190292,0.463687189571785,0.45318144747947,0.440845670765306,0.467691829314106,0.407240382551991,0.575390950656456,0.60338864827777,0.611773010158593,0.692494287377529,0.273464697492973,0.335294645139037,0.585205575174315,0.684922468647423,0.514891970342694,0.471446566740371,0.611943222171045,0.494945966848228,0.546888764259251,0.610067271954106,0.489812562879777,0.557828911725438,0.602779254825907,0.179297201698096,0.132881873657006,0.336851656815752
"American.Redstart",0.0480455229149923,0.292927486576279,0.216071599300553,0.502926727858543,0.324543171543355,0.0305119628434659,0.273210043398246,0.265771944518033,0.199849940476329,0.0536158215426807,0.226496804237755,0.486446147219837,0.433777469978975,0.322009709772385,0.501044883204592,0.242390217642096,0.479522894352024,0.402650760875709,0.60350976618852,0.430347160866702,0.513492742722858,0.494686201877648,0.39531676264092,0.383612726162127,0.640992011231502,1,0.705155395207794,0.325720806431058,0.464719543144349,0.453216355365458,0.240464535746528,0.139476576257309,0.0620761826701624,0.414989373376562,0.209333336484116,0.140222637235667,0.503071484620423,0.432852040401252,0.252152698523497,0.293242746866335,0.525355091783685,0.492119467911303,0.327671412902626,0.359454987636745,0.350067203074481,0.538920584549458,0.528885884115032,0.52493502586374,0.532401138102194,0.374753082390218,0.292943313741323,0.389728691564052,0.436185932810497,0.409641365310762,0.449760545613088,0.33377632253751,0.450779384104134,0.461988105411453,0.446876776279293,0.409388319339295,0.386304437183416,0.455756037953059,0.127232965227175,0.124897127293525,0.300980248373197
"Black.thr.Blue.Warbler",0.389587374923841,0.388875390367167,0.414489051286945,0.611261323531814,0.435755504633188,0.286732083102337,0.471037781713359,0.361088663235653,0.183868193253234,0.109728511845495,0.259784394675015,0.401336541569365,0.293870047784037,0.224618159951896,0.404106693210103,0.363250226760091,0.427518802242242,0.333415813345939,0.623866978635284,0.445072394238593,0.441800268324809,0.333085070684377,0.327223597310913,0.171630448504486,0.691735817814937,0.705155395207794,1,0.64682310850657,0.632820589096834,0.406815636161286,0.341728276379336,0.134084988930533,0.257609670400733,0.665918228580116,0.513040574158368,-0.0476792878579752,0.0354354508277499,0.239554845311822,-0.0251677581429546,-0.00166894879523521,0.169316589201928,0.214778188288263,-0.0400132087703672,0.0331348775242758,-0.00108542206909832,0.279885545320286,0.26469015932097,0.268074348514808,0.322134029407861,-0.0767955835920367,-0.082521520399019,0.21471297593848,0.236397649672298,0.175729728138951,0.0845696786871049,0.141391446430548,0.182480212484716,0.138442189348672,0.249628318178362,0.0892193648213417,0.171216591424173,0.345042758429462,-0.131286776593261,-0.218962761099429,0.0106935106897037
"Ring.billed.Gull",0.142015117185211,0.14299319536881,0.209919473032254,0.187443552014077,0.0765570753015322,-0.110454460382186,0.130294665298559,0.0391801325392548,-0.00544924312750223,-0.0594535464289717,0.0332265595903961,-0.00349557062685853,0.150571763075074,0.0677140633495867,0.123331846411167,0.325330207624827,0.160475766130051,0.227843010004947,0.462988087830051,0.298249785779561,0.243693890646486,0.157041835747856,0.0225671219558998,0.054669739896252,0.345242541830219,0.325720806431058,0.64682310850657,1,0.558327541107878,0.498817770414362,0.577113090498855,0.271210826450754,0.126473826319458,0.390716665281854,0.35989920343003,0.0709371181739795,0.0933192910568435,0.440182042015293,-0.285047849429681,-0.0982097211394808,0.0756848877834297,0.0734412873526826,-0.213974455803991,-0.0449966870152891,-0.0250731472373691,0.0957418626780783,0.182439011311175,0.146038654606778,0.126429177192084,-0.0233341927722284,0.0569207537064602,0.117540583138944,0.196249063943292,0.223131497954321,0.178224812642571,0.0989784889697598,0.0658506971838823,0.0558758140561692,0.26156104639713,0.186001844328622,0.282061137658425,0.331302220488267,-0.0355939064416207,-0.237332390194768,-0.035192737432671
"Yellow.rumped.Warbler",0.107020333031137,0.0368504991478225,0.133190980211502,0.241313406103521,0.300675949242791,0.0807323931765768,0.248381662410818,0.142105877639277,-0.0360752214085834,-0.106223371058256,-0.0107931860683781,0.263507926495702,0.291760139311723,0.156088225150757,0.507719153521224,0.412304551766189,0.219931214208878,0.269269366455236,0.551586242820599,0.482587300667508,0.245965527335622,0.141973973622075,0.23107947604029,0.112878807462034,0.582183063522045,0.464719543144349,0.632820589096834,0.558327541107878,1,0.45288766889524,0.524481063497932,0.295484085285601,0.357390750938568,0.571903667442561,0.542069057052283,0.0102930531216193,0.265726999031556,0.395168665591244,-0.0572954299354508,0.199641234973238,0.122961415997417,0.217873058734637,-0.0476808504699937,0.0891441870341507,-0.0462220074812764,0.305499661813023,0.271102776679853,0.3331927773943,0.363637685604195,0.0928077135372351,0.200275914643055,0.14826262863672,0.357243750994282,0.31042378621417,0.337348245907262,0.36899554996998,0.368496605531208,0.211062912078188,0.304034483971784,0.266781332073845,0.458326129887743,0.486449982775281,-0.0312803100931653,0.0714399969625605,0.210237180091447
"Blue.Jay",-0.000393265537200169,0.323403102436943,0.357363386552353,0.264116007952637,0.359132358923765,-0.106093577516541,0.291845170511013,0.266143768512831,-0.191144451676934,-0.0958655921069676,0.241998887984212,0.163544822146591,0.536655881710534,0.475282862064167,0.580530321047728,0.529636483985641,0.439288338252405,0.588064941833349,0.703930187273827,0.668729548684676,0.645036111683599,0.560067884982738,0.291550556991346,0.409712318098844,0.472321272249284,0.453216355365458,0.406815636161286,0.498817770414362,0.45288766889524,1,0.671062371759865,0.560423895065657,0.165913278282569,0.435014047852713,0.337775790792283,0.0401388721491919,0.236045039296012,0.532161807789374,0.164692349330257,0.416679727814708,0.523463935845884,0.590324724974891,0.464401259987843,0.471542161483346,0.43157987331362,0.638158466015143,0.540707036899064,0.603305065140617,0.571616315403448,0.673978627096624,0.577561048201193,0.695240988534332,0.694525972148839,0.773636955847772,0.547086187105584,0.580166909613765,0.553126987207136,0.554559004227815,0.652273773316372,0.60218392143441,0.692680420574128,0.645720590326336,0.261523787575496,0.140350743874391,0.470623448446547
"White.throated.Sparrow",-0.0110001846419685,-0.00340248582950441,0.0239702182209192,-0.097462124406542,0.0594859268412688,-0.130544555825891,0.189517971334978,0.233974870678658,-0.177274125526746,-0.380204507521215,-0.149943968896477,-0.0298912872989092,0.0896861488209069,0.138041022661561,0.314005989458844,0.302810701414603,0.0748458125388989,0.175342308324282,0.318690142490389,0.166838244679706,0.16693845335464,-0.0227415709325062,0.00970890334974189,-0.0885150439765302,0.264507893132899,0.240464535746528,0.341728276379336,0.577113090498855,0.524481063497932,0.671062371759865,1,0.839913850421799,0.247643387322059,0.449549530687939,0.279420825303129,0.0674973391785689,0.260985911306198,0.385852638254461,0.0241188704658863,-0.0853859508509507,-0.046859670616406,0.0672952972205377,-0.075471894790187,-0.0667117817020642,-0.0893116585299576,0.21486361942089,0.087499781469908,0.12301219280323,0.166483711648362,0.304998122392893,0.14636383594747,0.235662739251756,0.356775007342398,0.394053769303262,0.218906093710728,0.194084617239145,0.084741205762299,-0.0206440381713413,0.163932357706321,0.165933987155387,0.318616443736032,0.160441066451078,-0.0121502639601499,-0.151475494913794,-0.0300285096654135
"Yellow.rumped..Myrtle..Warbler",-0.142613855698887,-0.0318409788591882,-0.0237594511262311,-0.171999520428189,-0.0549845892346095,-0.107821418221515,0.267628709309192,0.20619485727101,-0.308479590919248,-0.463728621240595,-0.237820273413034,-0.0168929984571285,0.0669828484634285,0.142403032317683,0.328512722077153,0.207031139689372,0.0506063604651183,0.106862993704043,0.228342568485425,0.148983346259429,0.219945184417924,-0.020019103399145,0.0440981024230103,-0.094419237553997,0.209011275132802,0.139476576257309,0.134084988930533,0.271210826450754,0.295484085285601,0.560423895065657,0.839913850421799,1,0.449079480967269,0.315322357454547,0.239026180592579,-0.020248862549357,0.197937140079161,0.153538374240086,0.236682603957767,0.00516663759038718,0.0589376943679578,0.119083569233812,0.0724909009997775,0.0106974487191671,0.0263701349388939,0.289342535531461,0.0944732399116531,0.192302895553939,0.210837809772959,0.392695384954139,0.239241852833348,0.325460316576517,0.471308622297198,0.520099836206818,0.238398970899719,0.251334198817583,0.213729449367264,0.0306152559592306,0.268116668584944,0.273355140787749,0.381241507794645,0.200968055011724,0.168942462001462,0.018814890183408,-2.205108189918e-05
"Black.throated.Blue.Warbler",0.0977809003234938,0.0773983247854312,0.13108996410202,0.107691640593443,0.0474753191644159,0.0451735715680743,0.600367999645962,0.0803991092371001,-0.0605091592464891,-0.210649812453225,-0.271020969262868,0.154641510056061,0.223574870921486,0.103000937225102,0.224039795091376,0.397963104682806,-0.0854713819309137,0.0543167596626453,0.234421366934221,0.25491005831872,0.24652259684718,-0.00248643533144508,0.238170185425612,0.114915463060545,0.341328907513118,0.0620761826701624,0.257609670400733,0.126473826319458,0.357390750938568,0.165913278282569,0.247643387322059,0.449079480967269,1,0.515717270795697,0.695525461454507,-0.0214772233826819,0.059074415661943,0.0370218231519648,0.183144915266346,-0.15303565077662,0.00380317611159974,-0.00748746737040865,-0.0978998067862854,-0.153418701401799,-0.200766794615507,0.108467884311417,0.0357383580388663,0.0743300971186326,0.0077820824010815,-0.132890851084969,0.0614468956770255,0.123787498842255,0.272204557071635,0.347969833477754,0.0210609311264681,0.250530273494798,0.0837816536490139,-0.0170014763205429,0.227763545629426,0.128732792811158,0.25745599027579,0.214825251911612,0.292321308279097,0.210187698886222,0.156555607164874
"Black.and.white.Warbler",0.388016978618034,0.269151427229663,0.396110736644834,0.521184609715815,0.44500330380784,0.437524919646148,0.68694050503394,0.397570467023892,0.100997250946734,0.116211061941898,0.129872835974695,0.156222019680746,0.203107184362119,0.226382767098725,0.339449000771633,0.361965527809847,0.408910444580942,0.383088867698853,0.570958566267476,0.436831327771817,0.430423616601675,0.275135514303842,0.419804651684565,0.300752567908655,0.610623290212184,0.414989373376562,0.665918228580116,0.390716665281854,0.571903667442561,0.435014047852713,0.449549530687939,0.315322357454547,0.515717270795697,1,0.745563180011735,-0.125961623825756,0.0195443024984662,0.345335936247642,0.0240442126164672,-0.0888296633149918,-0.0288675004185411,0.0179710960173694,-0.0352931615301512,-0.00269625293653123,-0.0454534338192722,0.201918291293252,0.148513514325378,0.200890876501401,0.304028524327029,-0.0379935119066655,-0.0292784539679135,0.292616844520037,0.308279597452285,0.268320505499296,0.0173672696488909,0.190523874504146,0.107933311367972,0.0493895232953229,0.24925930205479,0.0545459750797034,0.168328499549551,0.245505979591491,0.0385324000830402,0.0479480140556133,0.0632795148465478
"Gray.Catbird",0.439270787607127,0.382710988453038,0.492226085756407,0.512726743573454,0.373730116519669,0.337765975549826,0.703102844133667,0.370471385185853,0.00409058672557894,0.155459200979995,0.18807686755941,0.159804513801584,0.339404300548994,0.461809894145041,0.430830903764319,0.523454955468493,0.310916822938926,0.324110094892031,0.493229247089065,0.599672764659328,0.484926808511645,0.291361166071681,0.587671579410519,0.324039595121146,0.603684194151979,0.209333336484116,0.513040574158368,0.35989920343003,0.542069057052283,0.337775790792283,0.279420825303129,0.239026180592579,0.695525461454507,0.745563180011735,1,-0.194066476376621,-0.0852499154054809,0.129516943038269,0.0752620993558544,-0.0229559057217957,0.100269626251435,0.103487784401905,0.043368176127414,0.0545920755456836,-0.0373259446268946,0.236197801327605,0.238055352825871,0.325544167477008,0.354589843684519,-0.0866070411823317,0.116949310641826,0.332715985766836,0.342984508350843,0.358819730118661,0.0529611106272148,0.33983561886897,0.195578886935326,0.159724664378792,0.358644063026248,0.164618611902789,0.243645920720281,0.36290143154742,0.0716899397355028,0.130984884701245,0.284094313953023
"Purple.Martin",-0.106836356629047,-0.219660512326392,-0.261157533068909,-0.0531168708882219,-0.052121882054215,-0.495686690463498,-0.119978331438997,-0.298044740479152,-0.0091378369932829,-0.307793133042794,-0.355693595757809,0.23119528265845,0.274273644212974,0.0471788578473861,0.0766756019207705,0.286357895737967,-0.00712586251867551,0.0433609850555919,0.120297893666604,-0.0374572808596486,-0.0154377181773585,-0.0197112223949584,-0.146357114655055,0.193220299125962,-0.251838670364833,0.140222637235667,-0.0476792878579752,0.0709371181739795,0.0102930531216193,0.0401388721491919,0.0674973391785689,-0.020248862549357,-0.0214772233826819,-0.125961623825756,-0.194066476376621,1,0.493357241895458,0.346849185434916,0.0383185958825834,0.00426928388461401,0.182747778093481,0.276159353238613,-0.0257557225245256,0.00469462562162095,-0.0418726852949953,0.197102409498341,0.176533728123428,0.0516895093560159,-0.0510682848301804,0.171361056347981,0.0780858709658182,-0.131264077782809,-0.0860905801450533,0.169990967306576,0.258205508984729,-0.0402054628001018,0.134345698785416,0.0347608168139026,-0.0576468808610997,0.0674355886802986,0.0473731250121583,0.106781326630036,0.0898958634504777,-0.0170622190856246,0.0230619304254579
"Barn.Swallow",-0.29475494486897,-0.0830337611388504,-0.0744891937822816,0.0522307869377618,0.0367713820538163,-0.385199993774054,1.2272512897596e-05,0.0340955688428729,0.240141310050793,-0.30004872202131,-0.10286942577872,0.38973930849741,0.420571950140338,0.250788764160377,0.230179107947126,0.206846646349957,0.177409012757041,0.275961988823698,0.332495590762802,0.175041567912894,0.219440887743162,0.236745815214903,0.0487100528203868,0.207578790887879,0.286879333644756,0.503071484620423,0.0354354508277499,0.0933192910568435,0.265726999031556,0.236045039296012,0.260985911306198,0.197937140079161,0.059074415661943,0.0195443024984662,-0.0852499154054809,0.493357241895458,1,0.622347687097353,0.297453462225404,0.298537896008522,0.432730142418422,0.403002277936094,0.326552674943467,0.381759977239555,0.306642031709148,0.502229667545432,0.547851733782074,0.364013908296718,0.310906877284283,0.468316299436065,0.384407023481448,0.195685128981001,0.408499228785946,0.456648489933649,0.659721559899474,0.404464325632928,0.397962836739951,0.402024585192744,0.254580154851555,0.420659812714058,0.487188761462773,0.339534030874472,0.351176363388407,0.252425030192832,0.25353642488967
"Cliff.Swallow",0.0211816162301974,0.117214243460503,0.249729764613948,0.219616327043073,0.345097826501182,-0.233280229777141,0.108619306183488,0.0749877501274783,0.236966370000968,-0.0477810359724105,0.0765210214774242,0.0831194641347192,0.475115298965471,0.25561458936014,0.379345611165371,0.437637904292775,0.399769703814605,0.525142143859364,0.624632486748555,0.442917378979839,0.339540833317399,0.444834204321581,-0.078636443310855,0.322732421856633,0.300610293618843,0.432852040401252,0.239554845311822,0.440182042015293,0.395168665591244,0.532161807789374,0.385852638254461,0.153538374240086,0.0370218231519648,0.345335936247642,0.129516943038269,0.346849185434916,0.622347687097353,1,-0.0358752844319352,0.175958476328131,0.321982907237016,0.376737728204343,0.269447173760712,0.358590447926788,0.374777976705963,0.412207609625432,0.556313411697581,0.358833943041047,0.363368561444179,0.386408349714161,0.354608524415462,0.322273059455927,0.45943711326472,0.498114009554422,0.563679857862653,0.360441327442463,0.321097981431333,0.464584015876424,0.376133607513292,0.429056519906714,0.509583242518995,0.521589352148022,0.348601380534358,0.016983172674005,0.323100644770628
"Cedar.Waxwing",-0.211837144036417,0.0777280093259506,-0.0823558203243109,0.20087233331881,-0.0607343007244307,-0.226538233055578,-0.00994493434958784,-0.10088126269366,-0.0539248604906194,0.00559809201744426,-0.0178715283433737,0.254794042977756,0.1701893558996,0.314507382824536,0.290647290484112,0.0645472067993644,0.0551169590083051,-0.0828795256390665,0.0378354333075324,0.195334915167187,0.288666586943522,0.170131539227221,0.28674326193059,0.161239570260124,0.152552197220101,0.252152698523497,-0.0251677581429546,-0.285047849429681,-0.0572954299354508,0.164692349330257,0.0241188704658863,0.236682603957767,0.183144915266346,0.0240442126164672,0.0752620993558544,0.0383185958825834,0.297453462225404,-0.0358752844319352,1,0.31502769880218,0.492721766827794,0.374867263080615,0.257318772931359,0.31668385188647,0.0420200942748359,0.400739879552142,0.288431136443524,0.308462590585105,0.216362165705886,0.368961806626119,0.187919499946379,0.140417517471104,0.307051147558433,0.318817177622543,0.375423090900584,0.384772464822543,0.299194036843168,0.208478325245415,0.0969327015208584,0.215027889084132,0.244783998835965,0.183079956554538,0.207500988609949,0.467601338788344,0.0597320650417965
"House.Finch",-0.175052178308334,0.290413722471677,0.223735093473456,0.321187051975414,0.298964653538184,0.0364397889779991,0.0106486040485624,0.127253775269924,-0.209526782178967,0.0356011819563778,0.308481042553836,0.408820694302095,0.456350390443298,0.514416373275006,0.426817555234076,0.23949926975134,0.544096849783306,0.505225035629932,0.49718292527667,0.615177987188067,0.54458295608948,0.648699482625522,0.340741501680269,0.486700945192133,0.360314704190292,0.293242746866335,-0.00166894879523521,-0.0982097211394808,0.199641234973238,0.416679727814708,-0.0853859508509507,0.00516663759038718,-0.15303565077662,-0.0888296633149918,-0.0229559057217957,0.00426928388461401,0.298537896008522,0.175958476328131,0.31502769880218,1,0.72127259162287,0.743057469450093,0.705539009374981,0.841892102672781,0.698142647714657,0.721756015165474,0.695624306408458,0.768800856364699,0.699727626493536,0.659281553522608,0.697726135963624,0.573483928411787,0.540085334626853,0.57446489363498,0.649489914837279,0.574849748735564,0.83791509064777,0.709409172016812,0.640356837224109,0.651572773144324,0.719517804009384,0.684231262630782,0.322250726821098,0.348939421297102,0.456808534119717
"American.Robin",-0.15961900535359,0.361930855744313,0.265329331298137,0.462930348158794,0.198188219983119,-0.225043619016801,0.0970158752853134,0.0657585563078845,-0.0934481605857411,0.0503212108718322,0.337335161288651,0.417211023343884,0.600920587499401,0.553566088146808,0.545666425975657,0.368905680806622,0.553204999001791,0.492449126039946,0.583007156257295,0.684124031044309,0.731942536310814,0.764122089628293,0.440282706299357,0.618982242781948,0.463687189571785,0.525355091783685,0.169316589201928,0.0756848877834297,0.122961415997417,0.523463935845884,-0.046859670616406,0.0589376943679578,0.00380317611159974,-0.0288675004185411,0.100269626251435,0.182747778093481,0.432730142418422,0.321982907237016,0.492721766827794,0.72127259162287,1,0.890805519374018,0.765398893265573,0.834248717293495,0.723826527409131,0.801907915734443,0.82403153662188,0.839851208122336,0.696964872386701,0.748061993960957,0.728351778672181,0.661250408768133,0.716366077775529,0.7630560743688,0.792800015354075,0.733626679269832,0.82866650154583,0.865321017227819,0.723413634357819,0.790201563922363,0.751917443554489,0.797173497063379,0.558347711682964,0.48751391275989,0.637690067695291
"Northern.Mockingbird",-0.0347921806098039,0.385843727192756,0.295502510428959,0.456880145177412,0.380226818246028,-0.196675500065452,0.112956755815451,0.200722967894898,-0.0755004974002728,-0.0394377615993449,0.362889847589798,0.48119891428485,0.624211816059095,0.649183441487638,0.651571062556413,0.523901076334112,0.649219726800074,0.554112927809623,0.641225955988167,0.71475719574946,0.697479028031098,0.780175116683562,0.322601512487459,0.519679350252154,0.45318144747947,0.492119467911303,0.214778188288263,0.0734412873526826,0.217873058734637,0.590324724974891,0.0672952972205377,0.119083569233812,-0.00748746737040865,0.0179710960173694,0.103487784401905,0.276159353238613,0.403002277936094,0.376737728204343,0.374867263080615,0.743057469450093,0.890805519374018,1,0.777652336857539,0.818096324302356,0.720469414666832,0.865954971200621,0.805276746936411,0.817841243300627,0.710859274908601,0.737477999372676,0.667385073252521,0.65341601197601,0.694506288323994,0.724436397479263,0.751238778938153,0.701982719756997,0.798501918659794,0.811197099500917,0.683139644165002,0.69963837420372,0.731289743072729,0.79147840787874,0.375748141632383,0.332490039085431,0.662344212174207
"Blue.Grosbeak",0.0428103282812165,0.447928609175386,0.449649705194922,0.399572897719717,0.417606188266583,0.0955586109999744,0.233033388728715,0.385093426959051,-0.0853144716242684,0.0352788180760392,0.508135171012052,0.319493037405638,0.617615612202004,0.667340253120419,0.520672685821207,0.255180269385285,0.686691514849324,0.602267267884026,0.508485778528424,0.639607788554433,0.664879526905937,0.76258744501836,0.399739943703156,0.50565010937652,0.440845670765306,0.327671412902626,-0.0400132087703672,-0.213974455803991,-0.0476808504699937,0.464401259987843,-0.075471894790187,0.0724909009997775,-0.0978998067862854,-0.0352931615301512,0.043368176127414,-0.0257557225245256,0.326552674943467,0.269447173760712,0.257318772931359,0.705539009374981,0.765398893265573,0.777652336857539,1,0.878507963530728,0.893828303185786,0.779510035347373,0.719307347140975,0.771927714575292,0.740076359992602,0.787743542607986,0.767291710740936,0.788336501354112,0.75621052637177,0.680927805758359,0.609466530681259,0.691609268559714,0.76351318604693,0.87324463171084,0.662482254797692,0.682080322036532,0.608355488755393,0.610871999601351,0.465004467715412,0.294600266840876,0.628283270975855
"Indigo.Bunting",-0.098363451316751,0.351175900399099,0.389754993383931,0.423474439985038,0.293172132571829,0.00871886997524996,0.150089423752049,0.266850003233317,-0.173765897270972,0.0983595714064932,0.436499149097836,0.322939752844448,0.497016668666706,0.56721231407017,0.492289833016187,0.245370623171724,0.745594023499583,0.632041263050766,0.603004604835711,0.695281507075246,0.693414224363668,0.784913066318184,0.365365518845544,0.56938105223952,0.467691829314106,0.359454987636745,0.0331348775242758,-0.0449966870152891,0.0891441870341507,0.471542161483346,-0.0667117817020642,0.0106974487191671,-0.153418701401799,-0.00269625293653123,0.0545920755456836,0.00469462562162095,0.381759977239555,0.358590447926788,0.31668385188647,0.841892102672781,0.834248717293495,0.818096324302356,0.878507963530728,1,0.89655470069774,0.811596130967441,0.812222480715264,0.842359495061511,0.797716351252023,0.79705337915993,0.801380352572116,0.800522071795345,0.746911732858118,0.709224785680313,0.785752980284275,0.727149518894146,0.846188463768912,0.884470423526743,0.73977555022137,0.802194354041396,0.729041440149541,0.740734367250501,0.462499963345611,0.361834753265077,0.523357501195127
"Yellow.breasted.Chat",-0.0221045164815011,0.388344246201131,0.445094775066481,0.35131090182413,0.330577010554661,0.0804181743873019,0.187597865117957,0.340491564791795,-0.091061710957822,0.09119171144304,0.477965653260887,0.224553626760479,0.489182899452354,0.496903706071667,0.423677143835552,0.197021173954957,0.747521976951259,0.671093287632731,0.57147518098309,0.613038136155041,0.643033111188664,0.784642547856914,0.269789937483748,0.500710679615014,0.407240382551991,0.350067203074481,-0.00108542206909832,-0.0250731472373691,-0.0462220074812764,0.43157987331362,-0.0893116585299576,0.0263701349388939,-0.200766794615507,-0.0454534338192722,-0.0373259446268946,-0.0418726852949953,0.306642031709148,0.374777976705963,0.0420200942748359,0.698142647714657,0.723826527409131,0.720469414666832,0.893828303185786,0.89655470069774,1,0.707117753409508,0.714981888193771,0.740294497987844,0.745845146061559,0.729676077089567,0.766632246715814,0.809166429253858,0.708124596704462,0.661166858622667,0.631641282637882,0.564015457692053,0.75014753587514,0.857079427040594,0.766579263608994,0.750313536050702,0.630368586344468,0.659256218959032,0.476121405795885,0.262305038168199,0.557931365986514
"Eastern.Bluebird",0.0909213297739367,0.440928699839373,0.445450600401132,0.558028296583247,0.516345640441476,0.00704504576203829,0.382203221221606,0.393786177799225,-0.0134825998950434,-0.0704707187161257,0.337990544840998,0.62688093323296,0.728753002362127,0.698873102823512,0.761750561828756,0.538816988793351,0.715860710744264,0.600286561836311,0.705594891080961,0.764075860595886,0.728387589365356,0.7474366850465,0.413267583400859,0.5502529347162,0.575390950656456,0.538920584549458,0.279885545320286,0.0957418626780783,0.305499661813023,0.638158466015143,0.21486361942089,0.289342535531461,0.108467884311417,0.201918291293252,0.236197801327605,0.197102409498341,0.502229667545432,0.412207609625432,0.400739879552142,0.721756015165474,0.801907915734443,0.865954971200621,0.779510035347373,0.811596130967441,0.707117753409508,1,0.829137761263713,0.846500066004708,0.841669003334346,0.75665309983946,0.636802638912412,0.76269014490151,0.767518659071443,0.777095786917861,0.739059912475991,0.684243038951262,0.824504180857977,0.755093556218109,0.659591907649078,0.653915987081363,0.720550477507154,0.740965458827247,0.320351239622033,0.211197986328076,0.49519719016861
"American.Crow",-0.0311766886630071,0.441278166271005,0.444078406171417,0.542335013777861,0.416635341237499,-0.0614707039909441,0.253001194318199,0.347124479851603,0.184242130627642,-0.00883997771439402,0.402046221050737,0.517493864306634,0.646221307776591,0.654710481155669,0.562903140530654,0.535313857196397,0.686606726159535,0.67385387927741,0.790009946013201,0.754076579078576,0.689303850721289,0.831942530278595,0.402724916360726,0.511806215655056,0.60338864827777,0.528885884115032,0.26469015932097,0.182439011311175,0.271102776679853,0.540707036899064,0.087499781469908,0.0944732399116531,0.0357383580388663,0.148513514325378,0.238055352825871,0.176533728123428,0.547851733782074,0.556313411697581,0.288431136443524,0.695624306408458,0.82403153662188,0.805276746936411,0.719307347140975,0.812222480715264,0.714981888193771,0.829137761263713,1,0.874631739880416,0.848084054485621,0.650952037746379,0.621557129623364,0.696702893883677,0.759188241909128,0.755203712036854,0.801672018252065,0.643434366732567,0.797198069818791,0.818263302240423,0.722172232323992,0.73152105973935,0.758161970940293,0.820656305840401,0.402572294823108,0.18669952254478,0.560946222238453
"Carolina.Chickadee",-0.0162297745108464,0.403997376814862,0.385769120838238,0.535082122080884,0.372964872410005,0.120566595236341,0.318052382247049,0.35034761868219,-0.111057025273734,0.0224536628413136,0.432629733558408,0.349646865148414,0.583980376870993,0.638618599259869,0.638602319167429,0.448239677531971,0.696782537304572,0.637823619989773,0.745927860363862,0.793790076127674,0.784267395065277,0.849370555616423,0.649295177988227,0.648686560687876,0.611773010158593,0.52493502586374,0.268074348514808,0.146038654606778,0.3331927773943,0.603305065140617,0.12301219280323,0.192302895553939,0.0743300971186326,0.200890876501401,0.325544167477008,0.0516895093560159,0.364013908296718,0.358833943041047,0.308462590585105,0.768800856364699,0.839851208122336,0.817841243300627,0.771927714575292,0.842359495061511,0.740294497987844,0.846500066004708,0.874631739880416,1,0.907101201194897,0.73453305901472,0.735875631709263,0.806551757840516,0.784728834029601,0.798162163885604,0.725185122638441,0.668435553932641,0.871113206551594,0.816538020806531,0.770407519027227,0.794694106500267,0.772766887556455,0.817686108888977,0.422944189610993,0.360267148465496,0.580945154102495
"Pine.Warbler",0.0783408070041916,0.416906501203119,0.465785665333237,0.556990948483161,0.4769231102285,0.219315136035483,0.388370686085977,0.48883845172288,-0.0223592218887094,-0.00848813281567354,0.418827397233427,0.425666210113794,0.529707386618532,0.618920642676152,0.690213975824998,0.434328977217349,0.798731643725662,0.624462126943728,0.765989854307269,0.776280802266958,0.669788924402621,0.777406665630141,0.556646440388449,0.479578550342779,0.692494287377529,0.532401138102194,0.322134029407861,0.126429177192084,0.363637685604195,0.571616315403448,0.166483711648362,0.210837809772959,0.0077820824010815,0.304028524327029,0.354589843684519,-0.0510682848301804,0.310906877284283,0.363368561444179,0.216362165705886,0.699727626493536,0.696964872386701,0.710859274908601,0.740076359992602,0.797716351252023,0.745845146061559,0.841669003334346,0.848084054485621,0.907101201194897,1,0.681072770748952,0.640189830565548,0.818921650703935,0.794006003739766,0.711798759366362,0.67839975121883,0.596788267289277,0.810124038725595,0.747025549469301,0.746530780860207,0.696943992068789,0.648852194430347,0.742812745327752,0.188513166235982,0.195153534655937,0.465946940523567
"European.Starling",-0.307595600932082,0.0594553315472361,0.0571185725352588,0.0686151915874114,0.0741093579705007,-0.279685692421246,-0.0179700385559434,0.0852251309539477,-0.35490899908125,-0.246329019745047,0.15449968392742,0.162709190834233,0.403807443057418,0.417621737481323,0.487871528521923,0.143206646706943,0.482942095743028,0.423963728540818,0.441725002175246,0.491242036001988,0.511386310949569,0.543125257373894,0.223576243711349,0.412721287791557,0.273464697492973,0.374753082390218,-0.0767955835920367,-0.0233341927722284,0.0928077135372351,0.673978627096624,0.304998122392893,0.392695384954139,-0.132890851084969,-0.0379935119066655,-0.0866070411823317,0.171361056347981,0.468316299436065,0.386408349714161,0.368961806626119,0.659281553522608,0.748061993960957,0.737477999372676,0.787743542607986,0.79705337915993,0.729676077089567,0.75665309983946,0.650952037746379,0.73453305901472,0.681072770748952,1,0.838554917150133,0.748633895009467,0.762850939505489,0.788132930608539,0.791530173848572,0.705139540570702,0.746109202292771,0.735978988515499,0.628552423132347,0.793436407278798,0.687530942162456,0.60525486342612,0.408644596143393,0.3752321269462,0.497099485255567
"House.Sparrow",-0.2670689185899,0.142921425295832,0.158631472648122,0.0560279904275553,0.0274604463682253,-0.212343114852906,0.0803762313052189,0.0399888030086972,-0.434614366016181,-0.130842599595179,0.130648091841066,0.102380875211066,0.473634177106843,0.410056393574449,0.407573789984523,0.217747354642198,0.43164023693508,0.49206549495841,0.479935569332588,0.58683616691489,0.547646292644547,0.545691483402875,0.325111547078428,0.481507308794284,0.335294645139037,0.292943313741323,-0.082521520399019,0.0569207537064602,0.200275914643055,0.577561048201193,0.14636383594747,0.239241852833348,0.0614468956770255,-0.0292784539679135,0.116949310641826,0.0780858709658182,0.384407023481448,0.354608524415462,0.187919499946379,0.697726135963624,0.728351778672181,0.667385073252521,0.767291710740936,0.801380352572116,0.766632246715814,0.636802638912412,0.621557129623364,0.735875631709263,0.640189830565548,0.838554917150133,1,0.747145118697704,0.774492047705026,0.794834457649146,0.753344644375953,0.733368937677399,0.810947805182998,0.826162400326044,0.802077620013851,0.892333807543693,0.76701158276699,0.679938785830157,0.533424515666129,0.467450550348202,0.592755349043492
"Red.eyed.Vireo",0.0382304257423836,0.451227555132767,0.551196552605151,0.419778548405935,0.353491141112055,0.191768224018276,0.527493167428817,0.531402687269257,-0.217161780322847,0.0462404531623083,0.429630213038609,0.221212420736385,0.510920239964237,0.527173600267253,0.585389223273944,0.400842017108682,0.721658229962663,0.729543354738405,0.711117902665347,0.726832648057142,0.791508343480993,0.764169744967714,0.520360057207718,0.591219985603017,0.585205575174315,0.389728691564052,0.21471297593848,0.117540583138944,0.14826262863672,0.695240988534332,0.235662739251756,0.325460316576517,0.123787498842255,0.292616844520037,0.332715985766836,-0.131264077782809,0.195685128981001,0.322273059455927,0.140417517471104,0.573483928411787,0.661250408768133,0.65341601197601,0.788336501354112,0.800522071795345,0.809166429253858,0.76269014490151,0.696702893883677,0.806551757840516,0.818921650703935,0.748633895009467,0.747145118697704,1,0.813905764474543,0.826702259672292,0.602417188220411,0.630803554833768,0.72181143107383,0.775916688903472,0.82448300563248,0.782859720758359,0.67644459207459,0.67164273549145,0.428397985909121,0.241527389794059,0.518494858815125
"Eastern.Kingbird",-0.129242018421443,0.306180020527192,0.36889536577051,0.309896589257841,0.243599460837826,-0.0390674625494057,0.357191151274014,0.353948195609282,-0.150608036533065,-0.195853113152967,0.225121296302824,0.25788532214165,0.509536813117379,0.500593226502155,0.582247048238113,0.414201856254545,0.611392476764371,0.551480655262935,0.704497732077977,0.687131595764796,0.660445828844062,0.646139385920409,0.375951822458131,0.346906690412303,0.684922468647423,0.436185932810497,0.236397649672298,0.196249063943292,0.357243750994282,0.694525972148839,0.356775007342398,0.471308622297198,0.272204557071635,0.308279597452285,0.342984508350843,-0.0860905801450533,0.408499228785946,0.45943711326472,0.307051147558433,0.540085334626853,0.716366077775529,0.694506288323994,0.75621052637177,0.746911732858118,0.708124596704462,0.767518659071443,0.759188241909128,0.784728834029601,0.794006003739766,0.762850939505489,0.774492047705026,0.813905764474543,1,0.849286765581157,0.78750640111565,0.814603805202101,0.770519452316913,0.804154271639893,0.812146140150396,0.826830648010983,0.809053154500971,0.759989400214895,0.455053838080506,0.323313446242452,0.513636216253345
"Scarlet.Tanager",-0.156130408426901,0.267830826718836,0.34605333825917,0.279598413230419,0.225742305890989,-0.157811905517448,0.394052746001571,0.229214115184636,-0.255626948688803,-0.155869577196567,0.166784087852249,0.233223634057373,0.62151264520453,0.530112292350973,0.630256729348482,0.523346726434316,0.533714913774515,0.665260920492127,0.741160569592081,0.752245530358045,0.778236188757553,0.662240610692544,0.41072500663793,0.578369668758116,0.514891970342694,0.409641365310762,0.175729728138951,0.223131497954321,0.31042378621417,0.773636955847772,0.394053769303262,0.520099836206818,0.347969833477754,0.268320505499296,0.358819730118661,0.169990967306576,0.456648489933649,0.498114009554422,0.318817177622543,0.57446489363498,0.7630560743688,0.724436397479263,0.680927805758359,0.709224785680313,0.661166858622667,0.777095786917861,0.755203712036854,0.798162163885604,0.711798759366362,0.788132930608539,0.794834457649146,0.826702259672292,0.849286765581157,1,0.77325272281857,0.75366263956779,0.810915407635906,0.785263246512542,0.836856114020984,0.87013665918462,0.867685872740937,0.838179197746902,0.631361021047769,0.412877856179598,0.620563998777365
"Common.Grackle",-0.452504956564375,0.00729967536111057,0.0637294288203444,0.141529172361229,0.00206387153484626,-0.422320436021719,-0.00866563464953454,-0.00449812582366194,-0.203573545426202,-0.24276501474069,-0.0115448589895769,0.272781968057717,0.40910600927992,0.333702395631083,0.477865306956767,0.323808602428337,0.487550632811068,0.431910577218566,0.597203469662147,0.532696357221141,0.491653954115989,0.5028546972782,0.150200100684767,0.381577381489067,0.471446566740371,0.449760545613088,0.0845696786871049,0.178224812642571,0.337348245907262,0.547086187105584,0.218906093710728,0.238398970899719,0.0210609311264681,0.0173672696488909,0.0529611106272148,0.258205508984729,0.659721559899474,0.563679857862653,0.375423090900584,0.649489914837279,0.792800015354075,0.751238778938153,0.609466530681259,0.785752980284275,0.631641282637882,0.739059912475991,0.801672018252065,0.725185122638441,0.67839975121883,0.791530173848572,0.753344644375953,0.602417188220411,0.78750640111565,0.77325272281857,1,0.808332346714124,0.765151754280362,0.78203575657498,0.71577234080795,0.876227274424355,0.840964044529152,0.795255413647172,0.427196867494389,0.398150479752637,0.475521967605653
"Red.winged.Blackbird",-0.215306237454576,0.142871142088909,0.223806677146617,0.253973322019202,0.139632285148219,-0.223740403230434,0.173044344082218,0.0717710039418573,-0.319097671219172,-0.169936293810311,0.13434915655767,0.206172641131579,0.459911488771298,0.487157461040055,0.531367399998663,0.297850066650433,0.497866322624601,0.399201868637074,0.525821494239351,0.644302991787593,0.594835265330452,0.497046095300541,0.290212344201393,0.419749243468129,0.611943222171045,0.33377632253751,0.141391446430548,0.0989784889697598,0.36899554996998,0.580166909613765,0.194084617239145,0.251334198817583,0.250530273494798,0.190523874504146,0.33983561886897,-0.0402054628001018,0.404464325632928,0.360441327442463,0.384772464822543,0.574849748735564,0.733626679269832,0.701982719756997,0.691609268559714,0.727149518894146,0.564015457692053,0.684243038951262,0.643434366732567,0.668435553932641,0.596788267289277,0.705139540570702,0.733368937677399,0.630803554833768,0.814603805202101,0.75366263956779,0.808332346714124,1,0.69080580230859,0.783537456721407,0.682502406236045,0.784763700525916,0.798541034857094,0.771158746507707,0.472748181010129,0.469122589553082,0.632981791971823
"Brown.Thrasher",-0.0894611326132915,0.325369636132512,0.359264655790251,0.404625495344367,0.33309548707887,0.0225024804590312,0.24407265812746,0.222467427044541,-0.206667931225017,0.0344344050185519,0.317772591358774,0.457819319347489,0.639565629581811,0.562416534657295,0.623381997284973,0.383323070760685,0.631658531728513,0.660580703835675,0.713060074297722,0.783942649358299,0.718961382491165,0.698261113436604,0.446700984536317,0.561445970259175,0.494945966848228,0.450779384104134,0.182480212484716,0.0658506971838823,0.368496605531208,0.553126987207136,0.084741205762299,0.213729449367264,0.0837816536490139,0.107933311367972,0.195578886935326,0.134345698785416,0.397962836739951,0.321097981431333,0.299194036843168,0.83791509064777,0.82866650154583,0.798501918659794,0.76351318604693,0.846188463768912,0.75014753587514,0.824504180857977,0.797198069818791,0.871113206551594,0.810124038725595,0.746109202292771,0.810947805182998,0.72181143107383,0.770519452316913,0.810915407635906,0.765151754280362,0.69080580230859,1,0.861712032549597,0.799780998330353,0.812950954452415,0.819219193826503,0.853236375084057,0.498523806926342,0.382461519331397,0.564202953432929
"Mourning.Dove",-0.0681706576006429,0.445744768385766,0.488423645233352,0.435945228013688,0.358574195535525,-0.0308992930705888,0.233837643934399,0.280863973190347,-0.0947202588582422,0.157386812630418,0.441978627447861,0.307230160322549,0.676854298764851,0.575791400565621,0.599029164504051,0.411849295677855,0.67713719090403,0.72339652164865,0.700735441530736,0.761495349329216,0.758572291450884,0.780460265953315,0.400567296695352,0.623213453302645,0.546888764259251,0.461988105411453,0.138442189348672,0.0558758140561692,0.211062912078188,0.554559004227815,-0.0206440381713413,0.0306152559592306,-0.0170014763205429,0.0493895232953229,0.159724664378792,0.0347608168139026,0.402024585192744,0.464584015876424,0.208478325245415,0.709409172016812,0.865321017227819,0.811197099500917,0.87324463171084,0.884470423526743,0.857079427040594,0.755093556218109,0.818263302240423,0.816538020806531,0.747025549469301,0.735978988515499,0.826162400326044,0.775916688903472,0.804154271639893,0.785263246512542,0.78203575657498,0.783537456721407,0.861712032549597,1,0.831664261200738,0.851441467873712,0.805737466315586,0.838726595579285,0.60732185801327,0.363390549471019,0.724989773372933
"Blue.gray.Gnatcatcher",-0.189685477972631,0.367436500727433,0.427963568519614,0.317872798843979,0.202408530348563,-0.0113016836685387,0.38352817511151,0.292481017278011,-0.237199124805715,0.0395144103109288,0.239373626400772,0.22119485775059,0.498686917634398,0.448483833592538,0.489443882380206,0.46470865907524,0.614119347950826,0.706283663586814,0.763390970386913,0.725882343321118,0.748311798173184,0.692588454833702,0.434341904647536,0.550062528518003,0.610067271954106,0.446876776279293,0.249628318178362,0.26156104639713,0.304034483971784,0.652273773316372,0.163932357706321,0.268116668584944,0.227763545629426,0.24925930205479,0.358644063026248,-0.0576468808610997,0.254580154851555,0.376133607513292,0.0969327015208584,0.640356837224109,0.723413634357819,0.683139644165002,0.662482254797692,0.73977555022137,0.766579263608994,0.659591907649078,0.722172232323992,0.770407519027227,0.746530780860207,0.628552423132347,0.802077620013851,0.82448300563248,0.812146140150396,0.836856114020984,0.71577234080795,0.682502406236045,0.799780998330353,0.831664261200738,1,0.893655465519962,0.840070827088575,0.840696530450121,0.493299150661052,0.386565535029763,0.630902083702475
"Wood.Thrush",-0.41944756776362,0.085778180700328,0.167520334936942,0.119541827611393,-0.0336067243153846,-0.240282075437901,0.144720890887869,0.0610702197330761,-0.386960473548507,-0.143805137219397,0.0925289109786953,0.075893870954145,0.39486370160539,0.30414108726598,0.43993248855976,0.275674573882492,0.501486787814425,0.550830996414606,0.638087426040557,0.606789800608238,0.63587179727162,0.59382688029814,0.326118224027906,0.511433776359389,0.489812562879777,0.409388319339295,0.0892193648213417,0.186001844328622,0.266781332073845,0.60218392143441,0.165933987155387,0.273355140787749,0.128732792811158,0.0545459750797034,0.164618611902789,0.0674355886802986,0.420659812714058,0.429056519906714,0.215027889084132,0.651572773144324,0.790201563922363,0.69963837420372,0.682080322036532,0.802194354041396,0.750313536050702,0.653915987081363,0.73152105973935,0.794694106500267,0.696943992068789,0.793436407278798,0.892333807543693,0.782859720758359,0.826830648010983,0.87013665918462,0.876227274424355,0.784763700525916,0.812950954452415,0.851441467873712,0.893655465519962,1,0.871627818995629,0.835408609174902,0.578310701987819,0.482190558496162,0.583957032654609
"American.Goldfinch",-0.303312887441263,0.245686620325184,0.27732723521406,0.236172893901913,0.186584804681762,-0.164635602081335,0.219873099425526,0.154872349848001,-0.219098962976931,-0.114259636603712,0.13260667867311,0.254781882002106,0.538195369277038,0.427824235054745,0.536792883390748,0.496358977800436,0.476064909261023,0.624854278478359,0.713246564769643,0.690789063480612,0.690474661691161,0.621800744385764,0.301763372542998,0.524666914296921,0.557828911725438,0.386304437183416,0.171216591424173,0.282061137658425,0.458326129887743,0.692680420574128,0.318616443736032,0.381241507794645,0.25745599027579,0.168328499549551,0.243645920720281,0.0473731250121583,0.487188761462773,0.509583242518995,0.244783998835965,0.719517804009384,0.751917443554489,0.731289743072729,0.608355488755393,0.729041440149541,0.630368586344468,0.720550477507154,0.758161970940293,0.772766887556455,0.648852194430347,0.687530942162456,0.76701158276699,0.67644459207459,0.809053154500971,0.867685872740937,0.840964044529152,0.798541034857094,0.819219193826503,0.805737466315586,0.840070827088575,0.871627818995629,1,0.892819894987956,0.629087053401942,0.412545568723972,0.61659045828858
"Eastern.Towhee",-0.0912169258810228,0.304048497368288,0.400230121102793,0.44315987413123,0.347893595051407,-0.0961704757841405,0.25965505885041,0.13725779340033,-0.160114777779138,0.00907424914268049,0.265803260741936,0.303890255701578,0.601820693042428,0.506667970134963,0.655938012475473,0.539474179274316,0.644120262965395,0.67167078553318,0.830897094755162,0.8474642612727,0.747899219832424,0.725324036001111,0.327504119754765,0.569635705023506,0.602779254825907,0.455756037953059,0.345042758429462,0.331302220488267,0.486449982775281,0.645720590326336,0.160441066451078,0.200968055011724,0.214825251911612,0.245505979591491,0.36290143154742,0.106781326630036,0.339534030874472,0.521589352148022,0.183079956554538,0.684231262630782,0.797173497063379,0.79147840787874,0.610871999601351,0.740734367250501,0.659256218959032,0.740965458827247,0.820656305840401,0.817686108888977,0.742812745327752,0.60525486342612,0.679938785830157,0.67164273549145,0.759989400214895,0.838179197746902,0.795255413647172,0.771158746507707,0.853236375084057,0.838726595579285,0.840696530450121,0.835408609174902,0.892819894987956,1,0.522005646699819,0.34084512508204,0.661328974474167
"Chimney.Swift",-0.14961073389589,0.233210618734859,0.231069864834251,0.180556712054814,0.031854365514403,-0.0570181447893776,0.245684504518962,0.00748040474298959,-0.131191353254065,0.123922203803552,0.129900752460041,-0.0158268329034058,0.404143224965149,0.193339802352356,0.231847173585226,0.216017861419669,0.227456057839458,0.481138352211044,0.343871162718205,0.382481483155244,0.591956552626207,0.460128154012083,0.255437378145216,0.623237424470269,0.179297201698096,0.127232965227175,-0.131286776593261,-0.0355939064416207,-0.0312803100931653,0.261523787575496,-0.0121502639601499,0.168942462001462,0.292321308279097,0.0385324000830402,0.0716899397355028,0.0898958634504777,0.351176363388407,0.348601380534358,0.207500988609949,0.322250726821098,0.558347711682964,0.375748141632383,0.465004467715412,0.462499963345611,0.476121405795885,0.320351239622033,0.402572294823108,0.422944189610993,0.188513166235982,0.408644596143393,0.533424515666129,0.428397985909121,0.455053838080506,0.631361021047769,0.427196867494389,0.472748181010129,0.498523806926342,0.60732185801327,0.493299150661052,0.578310701987819,0.629087053401942,0.522005646699819,1,0.479629556536992,0.501364549909306
"Bobolink",-0.436982559393525,-0.226440415160101,-0.245667451901019,-0.0361316135904422,-0.248766987274807,-0.217084702192019,-0.0656351588361811,-0.285696715440354,-0.223836424104194,0.0505247009788404,-0.000599006435155858,-0.112154987173015,0.0673893590503131,0.0390088651079971,0.0926967641318588,-0.0384088866827849,-0.0215859516385597,0.0646340529856908,0.0619152016280558,0.227828234471395,0.296946204688921,0.233500953021378,0.394189608254659,0.37927539253106,0.132881873657006,0.124897127293525,-0.218962761099429,-0.237332390194768,0.0714399969625605,0.140350743874391,-0.151475494913794,0.018814890183408,0.210187698886222,0.0479480140556133,0.130984884701245,-0.0170622190856246,0.252425030192832,0.016983172674005,0.467601338788344,0.348939421297102,0.48751391275989,0.332490039085431,0.294600266840876,0.361834753265077,0.262305038168199,0.211197986328076,0.18669952254478,0.360267148465496,0.195153534655937,0.3752321269462,0.467450550348202,0.241527389794059,0.323313446242452,0.412877856179598,0.398150479752637,0.469122589553082,0.382461519331397,0.363390549471019,0.386565535029763,0.482190558496162,0.412545568723972,0.34084512508204,0.479629556536992,1,0.516307064602578
"Ruby.throated.Hummingbird",-0.0105065846050914,0.296492809134786,0.290379256831398,0.256892101276952,0.334382037300388,-0.136976461856552,0.134138354031455,0.147805551282434,0.052314313074492,0.147673983229132,0.424468763673349,0.204803586911473,0.571140175452048,0.527122754347622,0.492341484285546,0.428620792369553,0.329018854290692,0.537155205500181,0.451300820641663,0.635069008121398,0.557534791107364,0.617355937025223,0.348662587646972,0.523305862250204,0.336851656815752,0.300980248373197,0.0106935106897037,-0.035192737432671,0.210237180091447,0.470623448446547,-0.0300285096654135,-2.205108189918e-05,0.156555607164874,0.0632795148465478,0.284094313953023,0.0230619304254579,0.25353642488967,0.323100644770628,0.0597320650417965,0.456808534119717,0.637690067695291,0.662344212174207,0.628283270975855,0.523357501195127,0.557931365986514,0.49519719016861,0.560946222238453,0.580945154102495,0.465946940523567,0.497099485255567,0.592755349043492,0.518494858815125,0.513636216253345,0.620563998777365,0.475521967605653,0.632981791971823,0.564202953432929,0.724989773372933,0.630902083702475,0.583957032654609,0.61659045828858,0.661328974474167,0.501364549909306,0.516307064602578,1
