"","Carolina.Wren","White.breasted.Nuthatch","Red.bellied.Woodpecker","Brown.headed.Nuthatch","Yellow.rumped.Warbler","Brown.Thrasher","Chipping.Sparrow","Tufted.Titmouse","Downy.Woodpecker","Red.headed.Woodpecker","Hermit.Thrush","Yellow.bellied.Sapsucker","Bufflehead","Horned.Grebe","Ruddy.Duck","Bonaparte.s.Gull","Eastern.Phoebe","Red.winged.Blackbird","Song.Sparrow","White.throated.Sparrow","Swamp.Sparrow","Golden.crowned.Kinglet","Pine.Warbler","Ruby.crowned.Kinglet","Eastern.Meadowlark","Brown.headed.Cowbird","Great.Blue.Heron..Blue.form.","American.Coot","Northern.Mockingbird","Ring.necked.Duck","House.Sparrow","Rock.Pigeon..Feral.Pigeon.","Yellow.rumped.Warbler..Myrtle.","American.Robin","Cedar.Waxwing","American.Goldfinch","Northern.Flicker..Yellow.shafted.","European.Starling","Mourning.Dove","American.Pipit","Rusty.Blackbird","Dark.eyed.Junco..Slate.colored.","Fox.Sparrow","Blue.Jay","Pine.Siskin","Common.Grackle","Eastern.Bluebird","House.Finch","Hooded.Merganser","Eastern.Towhee","Northern.Cardinal","Carolina.Chickadee","Field.Sparrow","Pied.billed.Grebe","American.Crow","Herring.Gull","Ring.billed.Gull"
"Carolina.Wren",1,0.392136752136752,0.572649572649573,0.487863247863248,0.470230529920204,0.408547008547008,0.427008547008547,0.499487179487179,0.47965811965812,0.0625641025641026,0.0112820512820513,0.208205128205128,0.259487179487179,0.188376068376068,0.185641025641026,0.149401709401709,0.443418803418803,0.0728205128205128,0.231150627416625,0.305982905982906,0.096068376068376,0.0441025641025641,0.0290598290598291,0.141196581196581,-0.617094017094017,-0.305982905982906,-0.28,-0.274101098310947,-0.0823931623931624,0.128888888888889,-0.0523076923076923,-0.284786324786325,-0.0700854700854701,0.286837606837607,-0.0064957264957265,-0.114529914529915,-0.135042735042735,-0.10974358974359,-0.0694017094017094,-0.0304273504273504,-0.101538461538462,0.0406837606837607,0.143931623931624,0.36,0.13550680079202,0.0673504273504273,0.15965811965812,-0.00923076923076923,-0.109059829059829,0.476923076923077,0.237606837606838,0.418803418803419,0.145299145299145,0.0229059829059829,0.12,0.192478632478632,0.16034188034188
"White.breasted.Nuthatch",0.392136752136752,1,0.617777777777778,0.658803418803419,0.663145619118236,0.552136752136752,0.578803418803419,0.622564102564103,0.506324786324786,0.387350427350427,0.0707692307692308,0.402393162393162,0.19042735042735,0.396923076923077,0.437948717948718,0.331965811965812,0.344273504273504,0.230769230769231,0.173704909360423,0.312136752136752,-0.0762393162393162,-0.294358974358974,-0.00991452991452991,-0.0666666666666667,-0.355897435897436,0.0796581196581197,-0.12957264957265,-0.720758958136796,-0.333333333333333,-0.304615384615385,-0.217777777777778,-0.440683760683761,-0.501538461538461,0.0331623931623932,-0.393504273504273,-0.550769230769231,-0.52957264957265,-0.555555555555555,-0.258803418803419,-0.18974358974359,-0.162393162393162,-0.441367521367521,-0.0147008547008547,0.251965811965812,-0.13550680079202,-0.203418803418803,-0.000341880341880342,-0.32034188034188,-0.15965811965812,0.34974358974359,0.167179487179487,0.0837606837606838,-0.344273504273504,-0.0167521367521367,-0.0905982905982906,0.229401709401709,0.32034188034188
"Red.bellied.Woodpecker",0.572649572649573,0.617777777777778,1,0.686837606837607,0.698951828855749,0.476239316239316,0.624615384615385,0.489230769230769,0.591111111111111,0.618461538461538,0.0994871794871795,0.452991452991453,0.15965811965812,0.29982905982906,0.372307692307692,0.218461538461538,0.447521367521367,0.179487179487179,0.0909557202556544,0.0365811965811966,-0.081025641025641,-0.225982905982906,0.0413675213675214,-0.168547008547009,-0.52957264957265,0.0358974358974359,-0.197264957264957,-0.29674274097493,-0.242393162393162,-0.0461538461538461,-0.254017094017094,-0.47965811965812,-0.431111111111111,0.126837606837607,-0.231452991452991,-0.406495726495726,-0.338119658119658,-0.533675213675214,-0.315555555555556,-0.0229059829059829,-0.253333333333333,-0.349059829059829,0.13025641025641,0.397606837606838,-0.0881651843127827,0.304615384615385,0.251965811965812,-0.180854700854701,-0.170598290598291,0.484444444444444,0.141880341880342,0.126837606837607,-0.204786324786325,-0.0803418803418803,0.226666666666667,0.298461538461538,0.493333333333333
"Brown.headed.Nuthatch",0.487863247863248,0.658803418803419,0.686837606837607,1,0.773487204227717,0.452991452991453,0.576068376068376,0.677948717948718,0.466666666666667,0.444786324786325,0.161025641025641,0.46051282051282,0.130940170940171,0.149401709401709,0.448205128205128,0.383247863247863,0.40034188034188,0.0864957264957265,0.271499405575149,0.219145299145299,-0.250598290598291,-0.275897435897436,0.0386324786324786,-0.181538461538462,-0.306666666666667,-0.16034188034188,-0.13025641025641,-0.324187156325213,-0.04,-0.241025641025641,-0.0447863247863248,-0.440683760683761,-0.461196581196581,0.0673504273504273,-0.235555555555556,-0.431794871794872,-0.463247863247863,-0.491282051282051,-0.353846153846154,0.0611965811965812,0.0352136752136752,-0.271111111111111,-0.0235897435897436,0.271111111111111,-0.0216124770883475,0.00581196581196581,0.385299145299145,0.0564102564102564,-0.378461538461538,0.314871794871795,0.0447863247863248,0.154188034188034,-0.0858119658119658,0.0167521367521367,0.112478632478632,0.524102564102564,0.477606837606838
"Yellow.rumped.Warbler",0.470230529920204,0.663145619118236,0.698951828855749,0.773487204227717,1,0.534535559652881,0.517728563245477,0.633185321174602,0.56084216272534,0.489229743250313,0.198395631504795,0.459269445306679,0.223240756628784,0.495075655044193,0.445385404796215,0.241509230984658,0.350389338145668,0.111437693570833,0.0135209824999858,0.19912637047903,-0.301429826871925,-0.272931006876762,-0.0719777889621446,-0.0851310904983741,-0.298506870974986,-0.227625190474193,-0.123860256132828,-0.400721186279838,-0.245893664830068,-0.281699874567581,-0.247355142778538,-0.454885011461269,-0.492152699147253,-0.0281334505080464,-0.245162925855833,-0.717220303211624,-0.643415666813892,-0.578379898106979,-0.392041459677062,-0.0800159176787293,-0.0171723658945218,-0.333582341738264,0.012787932049112,0.257585488417827,-0.335461926300139,0.0515170976835654,0.120206561261653,-0.278776918670641,-0.142859469462937,0.370850029424248,0.0390945351215709,0.086592568446844,-0.402271805316351,0.233471102268073,0.0770929617817894,0.422732496594931,0.403733283264821
"Brown.Thrasher",0.408547008547008,0.552136752136752,0.476239316239316,0.452991452991453,0.534535559652881,1,0.589059829059829,0.65059829059829,0.440683760683761,0.368888888888889,0.158290598290598,0.261538461538461,0.468717948717949,0.461196581196581,0.417435897435897,0.281367521367521,0.496752136752137,-0.15008547008547,-0.0430842885421521,0.277264957264957,-0.185641025641026,-0.0297435897435897,0.158290598290598,0.00786324786324786,-0.215042735042735,0.0762393162393162,0.0454700854700855,-0.511495291090891,-0.216410256410256,-0.29025641025641,-0.636239316239316,-0.644444444444444,-0.37982905982906,-0.0673504273504273,-0.247863247863248,-0.385299145299145,-0.29025641025641,-0.359316239316239,-0.0673504273504273,-0.0242735042735043,-0.155555555555556,-0.257435897435897,0.0584615384615385,0.16991452991453,-0.0854207427777545,0.0434188034188034,0.27042735042735,-0.200683760683761,-0.0899145299145299,0.437264957264957,0.359316239316239,-0.0974358974358974,-0.273846153846154,-0.0577777777777778,-0.055042735042735,0.398290598290598,0.524786324786325
"Chipping.Sparrow",0.427008547008547,0.578803418803419,0.624615384615385,0.576068376068376,0.517728563245477,0.589059829059829,1,0.822905982905983,0.407179487179487,0.39965811965812,0.0201709401709402,0.409230769230769,0.28957264957265,0.132307692307692,0.374358974358974,0.249230769230769,0.379145299145299,0.0297435897435897,0.050606942097131,-0.0379487179487179,-0.174700854700855,-0.271111111111111,0.0598290598290598,-0.13025641025641,-0.474188034188034,-0.143931623931624,-0.165128205128205,-0.516984174160948,-0.366153846153846,-0.188376068376068,-0.489230769230769,-0.760683760683761,-0.517264957264957,-0.0741880341880342,-0.21025641025641,-0.469401709401709,-0.386666666666667,-0.504273504273504,-0.367521367521367,0.30051282051282,-0.151452991452991,-0.653333333333333,-0.184957264957265,0.142564102564103,0.0634652104975284,-0.132307692307692,0.0782905982905983,-0.425641025641026,-0.35042735042735,0.284786324786325,0.242393162393162,0.225982905982906,-0.150769230769231,-0.0536752136752137,0.127521367521368,0.528888888888889,0.491965811965812
"Tufted.Titmouse",0.499487179487179,0.622564102564103,0.489230769230769,0.677948717948718,0.633185321174602,0.65059829059829,0.822905982905983,1,0.405128205128205,0.37982905982906,0.108376068376068,0.331282051282051,0.171282051282051,0.182222222222222,0.264273504273504,0.284102564102564,0.446837606837607,-0.0632478632478632,0.172337154168608,0.147350427350427,-0.137094017094017,-0.101538461538462,0.0488888888888889,-0.0994871794871795,-0.256752136752137,-0.165128205128205,0.00786324786324786,-0.466898116146682,-0.126153846153846,-0.235555555555556,-0.32034188034188,-0.64991452991453,-0.313504273504273,-0.0694017094017094,-0.145982905982906,-0.463247863247863,-0.46051282051282,-0.322393162393162,-0.235555555555556,0.219145299145299,0.0495726495726496,-0.448888888888889,-0.226666666666667,0.128888888888889,0.0387652366822741,-0.222564102564103,0.188376068376068,-0.241025641025641,-0.221196581196581,0.414017094017094,0.211623931623932,0.362735042735043,0.00239316239316239,0.204786324786325,0.247863247863248,0.664273504273504,0.556923076923077
"Downy.Woodpecker",0.47965811965812,0.506324786324786,0.591111111111111,0.466666666666667,0.56084216272534,0.440683760683761,0.407179487179487,0.405128205128205,1,0.669059829059829,0.358632478632479,0.37982905982906,0.476239316239316,0.558974358974359,0.345641025641026,0.443418803418803,0.496752136752137,0.215726495726496,0.0574457180562028,0.101538461538462,0.0981196581196581,-0.153504273504273,0.303247863247863,0.228034188034188,-0.328547008547008,0.149401709401709,-0.0577777777777778,-0.465525895379168,-0.435897435897436,-0.0317948717948718,-0.191111111111111,-0.454358974358974,-0.435213675213675,0.00786324786324786,-0.10017094017094,-0.445470085470085,-0.364786324786325,-0.342222222222222,-0.117264957264957,-0.245128205128205,-0.250598290598291,-0.375042735042735,-0.237606837606838,0.24991452991453,-0.0854207427777545,0.272478632478632,0.21025641025641,-0.0358974358974359,-0.458461538461538,0.135042735042735,-0.322393162393162,0.0953846153846154,-0.223247863247863,0.0406837606837607,-0.111794871794872,0.0543589743589744,0.0105982905982906
"Red.headed.Woodpecker",0.0625641025641026,0.387350427350427,0.618461538461538,0.444786324786325,0.489229743250313,0.368888888888889,0.39965811965812,0.37982905982906,0.669059829059829,1,0.292307692307692,0.513162393162393,0.276581196581197,0.39008547008547,0.291623931623932,0.275897435897436,0.346324786324786,0.000341880341880342,-0.0892460262658864,-0.266324786324786,-0.00512820512820513,-0.0584615384615385,0.317606837606838,0.0317948717948718,-0.078974358974359,0.251965811965812,0.0823931623931624,-0.178045644584958,-0.191111111111111,-0.0570940170940171,-0.174700854700855,-0.483076923076923,-0.444102564102564,-0.122051282051282,-0.276581196581197,-0.418119658119658,-0.360683760683761,-0.280683760683761,-0.162393162393162,0.0188034188034188,-0.163076923076923,-0.482393162393162,-0.204102564102564,0.321709401709402,-0.0257291393908899,0.365470085470085,0.268376068376068,-0.141196581196581,-0.204786324786325,0.12957264957265,-0.238974358974359,-0.133675213675214,-0.291623931623932,0.0543589743589744,0.0837606837606838,0.252649572649573,0.24034188034188
"Hermit.Thrush",0.0112820512820513,0.0707692307692308,0.0994871794871795,0.161025641025641,0.198395631504795,0.158290598290598,0.0201709401709402,0.108376068376068,0.358632478632479,0.292307692307692,1,0.545299145299145,0.366153846153846,0.349059829059829,0.372307692307692,0.455042735042735,0.558290598290598,-0.091965811965812,-0.0820653115088611,0.0974358974358974,0.474188034188034,-0.0406837606837607,0.151452991452991,0.288888888888889,0.042051282051282,0.221880341880342,0.247863247863248,-0.252831676414478,-0.102222222222222,-0.0748717948717949,-0.0700854700854701,0.102222222222222,0.0967521367521367,0.272478632478632,0.10017094017094,-0.241025641025641,-0.0741880341880342,-0.141196581196581,-0.333333333333333,-0.172649572649573,0.163076923076923,-0.12,-0.215042735042735,-0.279316239316239,-0.131390138489478,0.0495726495726496,0.0741880341880342,0.0564102564102564,-0.123418803418803,-0.229401709401709,-0.470769230769231,-0.283418803418803,-0.176752136752137,0.273162393162393,0.0625641025641026,-0.166495726495726,0.109059829059829
"Yellow.bellied.Sapsucker",0.208205128205128,0.402393162393162,0.452991452991453,0.46051282051282,0.459269445306679,0.261538461538461,0.409230769230769,0.331282051282051,0.37982905982906,0.513162393162393,0.545299145299145,1,0.528888888888889,0.375042735042735,0.448205128205128,0.372307692307692,0.481709401709402,0.0926495726495726,-0.168575827391119,0.00512820512820513,0.068034188034188,-0.28957264957265,-0.0454700854700855,0.014017094017094,-0.297094017094017,0.0974358974358974,-0.0728205128205128,-0.407206512759818,-0.32991452991453,-0.154188034188034,-0.193846153846154,-0.299145299145299,-0.26017094017094,0.259487179487179,0.0475213675213675,-0.411965811965812,-0.419487179487179,-0.406495726495726,-0.410598290598291,0.0974358974358974,-0.0543589743589744,-0.326495726495727,0.0133333333333333,0.236239316239316,0.146484566932133,0.0208547008547009,0.0201709401709402,-0.264273504273504,-0.154188034188034,0.052991452991453,-0.104273504273504,-0.312820512820513,-0.393504273504273,0.0482051282051282,0.055042735042735,0.00512820512820513,0.137094017094017
"Bufflehead",0.259487179487179,0.19042735042735,0.15965811965812,0.130940170940171,0.223240756628784,0.468717948717949,0.28957264957265,0.171282051282051,0.476239316239316,0.276581196581197,0.366153846153846,0.528888888888889,1,0.622564102564103,0.534358974358974,0.617094017094017,0.550769230769231,0.0543589743589744,-0.0475294929155487,0.2,0.0276923076923077,-0.273162393162393,0.105641025641026,0.331965811965812,-0.301196581196581,0.0379487179487179,0.215042735042735,-0.455234239622812,-0.511111111111111,0.0468376068376068,-0.224615384615385,-0.394871794871795,-0.267692307692308,0.117948717948718,0.00786324786324786,-0.208888888888889,-0.081025641025641,-0.171282051282051,0.055042735042735,-0.0188034188034188,-0.0905982905982906,-0.180854700854701,-0.0646153846153846,0.024957264957265,0.0675818728000708,0.206153846153846,0.13982905982906,-0.143931623931624,-0.142564102564103,0.0488888888888889,-0.0386324786324786,-0.301880341880342,-0.362051282051282,0.0837606837606838,-0.381880341880342,-0.0447863247863248,-0.135042735042735
"Horned.Grebe",0.188376068376068,0.396923076923077,0.29982905982906,0.149401709401709,0.495075655044193,0.461196581196581,0.132307692307692,0.182222222222222,0.558974358974359,0.39008547008547,0.349059829059829,0.375042735042735,0.622564102564103,1,0.599316239316239,0.517264957264957,0.492649572649573,0.081025641025641,-0.298854509411436,0.15008547008547,0.0372649572649573,-0.358632478632479,-0.166495726495726,0.0441025641025641,-0.250598290598291,0.167863247863248,0.0352136752136752,-0.455234239622812,-0.517264957264957,-0.115213675213675,-0.260854700854701,-0.388034188034188,-0.354529914529914,0.0926495726495726,-0.0830769230769231,-0.503589743589744,-0.484444444444444,-0.315555555555556,-0.115213675213675,-0.463931623931624,-0.22051282051282,-0.353846153846154,-0.243760683760684,-0.0605128205128205,-0.311837169417586,0.246495726495726,-0.0358974358974359,-0.368205128205128,0.00102564102564103,0.23008547008547,-0.128205128205128,-0.10974358974359,-0.498803418803419,0.358632478632479,-0.256752136752137,0.0379487179487179,0.0748717948717949
"Ruddy.Duck",0.185641025641026,0.437948717948718,0.372307692307692,0.448205128205128,0.445385404796215,0.417435897435897,0.374358974358974,0.264273504273504,0.345641025641026,0.291623931623932,0.372307692307692,0.448205128205128,0.534358974358974,0.599316239316239,1,0.636923076923077,0.61025641025641,-0.014017094017094,-0.246537873324537,0.0297435897435897,-0.00923076923076923,-0.323760683760684,0.0201709401709402,-0.0311111111111111,-0.295726495726496,0.186324786324786,-0.0393162393162393,-0.534823044138631,-0.47965811965812,-0.130940170940171,-0.16991452991453,-0.377777777777778,-0.582222222222222,0.146666666666667,-0.269059829059829,-0.474188034188034,-0.439316239316239,-0.511111111111111,-0.356581196581197,-0.338119658119658,-0.186324786324786,-0.543931623931624,-0.348376068376068,-0.0427350427350427,-0.156776222688489,0.0488888888888889,0.0605128205128205,-0.24034188034188,-0.245128205128205,0.0912820512820513,0.120683760683761,-0.13982905982906,-0.375726495726496,0.16034188034188,-0.217094017094017,0.223931623931624,0.324444444444444
"Bonaparte.s.Gull",0.149401709401709,0.331965811965812,0.218461538461538,0.383247863247863,0.241509230984658,0.281367521367521,0.249230769230769,0.284102564102564,0.443418803418803,0.275897435897436,0.455042735042735,0.372307692307692,0.617094017094017,0.517264957264957,0.636923076923077,1,0.664273504273504,0.265641025641026,0.159001541048418,0.211623931623932,0.114529914529915,-0.394188034188034,-0.0618803418803419,0.014017094017094,-0.164444444444444,0.316239316239316,0.347008547008547,-0.435337038493857,-0.375042735042735,0.0611965811965812,0.0988034188034188,-0.29025641025641,-0.282735042735043,0.096068376068376,-0.0584615384615385,-0.175384615384615,-0.126153846153846,-0.264957264957265,-0.00239316239316239,-0.193846153846154,0.0147008547008547,-0.274529914529914,-0.335384615384615,-0.163760683760684,-0.0668957624163138,0.133675213675214,0.30051282051282,0.151452991452991,-0.273846153846154,0.180854700854701,-0.181538461538462,-0.0215384615384615,-0.181538461538462,0.332649572649573,-0.178119658119658,0.0482051282051282,0.0728205128205128
"Eastern.Phoebe",0.443418803418803,0.344273504273504,0.447521367521367,0.40034188034188,0.350389338145668,0.496752136752137,0.379145299145299,0.446837606837607,0.496752136752137,0.346324786324786,0.558290598290598,0.481709401709402,0.550769230769231,0.492649572649573,0.61025641025641,0.664273504273504,1,-0.134358974358974,0.0434262273401056,0.21982905982906,0.306666666666667,-0.0447863247863248,-0.0304273504273504,0.0646153846153846,-0.279316239316239,0.36,0.303931623931624,-0.320756604406428,-0.185641025641026,0.135726495726496,-0.0728205128205128,-0.330598290598291,-0.104273504273504,0.187692307692308,0.042051282051282,-0.205470085470085,-0.103589743589744,-0.198632478632479,-0.0803418803418803,-0.298461538461538,-0.15008547008547,-0.225982905982906,-0.285470085470085,-0.042051282051282,-0.0607207689625002,-0.0153846153846154,0.205470085470085,-0.00581196581196581,-0.186324786324786,0.29025641025641,-0.00170940170940171,0.132991452991453,0.0974358974358974,0.210940170940171,0.0543589743589744,0.158290598290598,0.345641025641026
"Red.winged.Blackbird",0.0728205128205128,0.230769230769231,0.179487179487179,0.0864957264957265,0.111437693570833,-0.15008547008547,0.0297435897435897,-0.0632478632478632,0.215726495726496,0.000341880341880342,-0.091965811965812,0.0926495726495726,0.0543589743589744,0.081025641025641,-0.014017094017094,0.265641025641026,-0.134358974358974,1,0.313899816521394,0.344957264957265,-0.0618803418803419,-0.107008547008547,0.0311111111111111,0.115897435897436,-0.0782905982905983,-0.00170940170940171,-0.193162393162393,-0.331734370546541,-0.491282051282051,0.052991452991453,-0.0276923076923077,-0.0461538461538461,-0.173333333333333,0.182905982905983,0.0933333333333333,-0.0133333333333333,-0.0406837606837607,-0.342222222222222,0.105641025641026,-0.117948717948718,-0.186324786324786,-0.0557264957264957,0.0523076923076923,0.156923076923077,0.00651804864569211,-0.0147008547008547,-0.0666666666666667,0.0878632478632479,-0.014017094017094,0.182222222222222,-0.140512820512821,0.042051282051282,-0.381880341880342,0.0297435897435897,0.00854700854700855,-0.148034188034188,-0.162393162393162
"Song.Sparrow",0.231150627416625,0.173704909360423,0.0909557202556544,0.271499405575149,0.0135209824999858,-0.0430842885421521,0.050606942097131,0.172337154168608,0.0574457180562028,-0.0892460262658864,-0.0820653115088611,-0.168575827391119,-0.0475294929155487,-0.298854509411436,-0.246537873324537,0.159001541048418,0.0434262273401056,0.313899816521394,1,0.455462478874179,0.207556850357828,0.0714652087722999,0.108052660153334,0.285176957493292,0.0762523519436501,-0.15626603066479,0.154214397877068,-0.0675934282199723,0.188066338874473,0.172337154168608,0.32689349084363,0.106342966163566,0.269447772787427,0.107368782557427,0.00615489836316458,0.269789711585381,0.454436662480318,0.184988889692891,0.275602671150592,0.0940331694372366,0.175072664552237,0.254402465677469,0.0930073530433759,0.0817233727109075,0.025733538662426,-0.173704909360423,0.35459053347787,0.348093696316752,-0.103607455779937,0.0834330667006754,-0.178492052531773,0.298170631815529,0.368610024193968,-0.154214397877068,-0.0396649005626162,0.144982050332321,-0.0482133705114559
"White.throated.Sparrow",0.305982905982906,0.312136752136752,0.0365811965811966,0.219145299145299,0.19912637047903,0.277264957264957,-0.0379487179487179,0.147350427350427,0.101538461538462,-0.266324786324786,0.0974358974358974,0.00512820512820513,0.2,0.15008547008547,0.0297435897435897,0.211623931623932,0.21982905982906,0.344957264957265,0.455462478874179,1,0.00854700854700855,0.0803418803418803,-0.101538461538462,0.146666666666667,0.0235897435897436,-0.241025641025641,-0.0386324786324786,-0.29674274097493,-0.0064957264957265,-0.119316239316239,-0.0953846153846154,0.00854700854700855,0.138461538461538,0.198632478632479,-0.0365811965811966,0.177435897435897,0.167863247863248,-0.0878632478632479,0.171282051282051,-0.292991452991453,0.0317948717948718,0.398974358974359,0.214358974358974,0.181538461538462,0.0627791001137714,-0.311452991452991,0.0700854700854701,0.238290598290598,0.042051282051282,0.0365811965811966,-0.0304273504273504,0.0611965811965812,0.078974358974359,0.0147008547008547,0.00170940170940171,0.065982905982906,0.208888888888889
"Swamp.Sparrow",0.096068376068376,-0.0762393162393162,-0.081025641025641,-0.250598290598291,-0.301429826871925,-0.185641025641026,-0.174700854700855,-0.137094017094017,0.0981196581196581,-0.00512820512820513,0.474188034188034,0.068034188034188,0.0276923076923077,0.0372649572649573,-0.00923076923076923,0.114529914529915,0.306666666666667,-0.0618803418803419,0.207556850357828,0.00854700854700855,1,0.143931623931624,0.068034188034188,0.375726495726496,-0.0495726495726496,0.291623931623932,0.115897435897436,-0.0854207427777545,-0.0393162393162393,0.245128205128205,0.121367521367521,0.297094017094017,0.321025641025641,0.262905982905983,-0.0331623931623932,0.23008547008547,0.291623931623932,0.34974358974359,0.00786324786324786,-0.151452991452991,-0.236923076923077,-0.0475213675213675,-0.323760683760684,-0.255384615384615,0.120412372349365,-0.0844444444444444,-0.182905982905983,-0.10974358974359,0.0564102564102564,-0.237606837606838,-0.264957264957265,0.0386324786324786,0.288888888888889,0.0728205128205128,-0.0488888888888889,-0.334017094017094,-0.182222222222222
"Golden.crowned.Kinglet",0.0441025641025641,-0.294358974358974,-0.225982905982906,-0.275897435897436,-0.272931006876762,-0.0297435897435897,-0.271111111111111,-0.101538461538462,-0.153504273504273,-0.0584615384615385,-0.0406837606837607,-0.28957264957265,-0.273162393162393,-0.358632478632479,-0.323760683760684,-0.394188034188034,-0.0447863247863248,-0.107008547008547,0.0714652087722999,0.0803418803418803,0.143931623931624,1,0.406495726495726,0.42974358974359,0.238974358974359,-0.0755555555555555,0.0297435897435897,0.354376013210524,0.457777777777778,0.271111111111111,0.119316239316239,0.215042735042735,0.429059829059829,0.0475213675213675,-0.014017094017094,0.398290598290598,0.382564102564103,0.429059829059829,0.444786324786325,-0.0584615384615385,0.0064957264957265,0.36957264957265,0.0652991452991453,0.27042735042735,0.058662437811229,-0.181538461538462,0.0160683760683761,0.317606837606838,0.23965811965812,0.0502564102564102,0.00239316239316239,0.227350427350427,0.318290598290598,0.00444444444444444,0.28,0.0208547008547009,0.00854700854700855
"Pine.Warbler",0.0290598290598291,-0.00991452991452991,0.0413675213675214,0.0386324786324786,-0.0719777889621446,0.158290598290598,0.0598290598290598,0.0488888888888889,0.303247863247863,0.317606837606838,0.151452991452991,-0.0454700854700855,0.105641025641026,-0.166495726495726,0.0201709401709402,-0.0618803418803419,-0.0304273504273504,0.0311111111111111,0.108052660153334,-0.101538461538462,0.068034188034188,0.406495726495726,1,0.647179487179487,0.177435897435897,0.0509401709401709,0.0482051282051282,-0.220584488377896,-0.125470085470085,0.174700854700855,-0.111794871794872,0.0112820512820513,-0.0803418803418803,-0.151452991452991,-0.189059829059829,-0.0413675213675214,-0.014017094017094,-0.104957264957265,0.0892307692307692,0.122735042735043,-0.15965811965812,-0.0646153846153846,-0.0741880341880342,0.119316239316239,0.0243569186233758,0.191794871794872,0.264273504273504,0.20957264957265,-0.065982905982906,-0.0393162393162393,-0.0064957264957265,-0.225982905982906,-0.042051282051282,-0.231452991452991,-0.0147008547008547,0.10974358974359,-0.0167521367521367
"Ruby.crowned.Kinglet",0.141196581196581,-0.0666666666666667,-0.168547008547009,-0.181538461538462,-0.0851310904983741,0.00786324786324786,-0.13025641025641,-0.0994871794871795,0.228034188034188,0.0317948717948718,0.288888888888889,0.014017094017094,0.331965811965812,0.0441025641025641,-0.0311111111111111,0.014017094017094,0.0646153846153846,0.115897435897436,0.285176957493292,0.146666666666667,0.375726495726496,0.42974358974359,0.647179487179487,1,0.0994871794871795,-0.18017094017094,0.0632478632478632,-0.21029283262154,-0.0871794871794872,0.485811965811966,0.0878632478632479,0.250598290598291,0.237606837606838,0.014017094017094,-0.117264957264957,0.0229059829059829,0.18974358974359,0.0741880341880342,0.18974358974359,-0.0379487179487179,-0.157606837606838,0.109059829059829,-0.130940170940171,-0.0953846153846154,-0.22675948183171,-0.091965811965812,-0.111794871794872,-0.0406837606837607,0.0892307692307692,-0.100854700854701,-0.248547008547009,-0.127521367521368,-0.0974358974358974,-0.0646153846153846,-0.352478632478632,-0.225299145299145,-0.412649572649573
"Eastern.Meadowlark",-0.617094017094017,-0.355897435897436,-0.52957264957265,-0.306666666666667,-0.298506870974986,-0.215042735042735,-0.474188034188034,-0.256752136752137,-0.328547008547008,-0.078974358974359,0.042051282051282,-0.297094017094017,-0.301196581196581,-0.250598290598291,-0.295726495726496,-0.164444444444444,-0.279316239316239,-0.0782905982905983,0.0762523519436501,0.0235897435897436,-0.0495726495726496,0.238974358974359,0.177435897435897,0.0994871794871795,1,0.218461538461538,0.255384615384615,0.213037274156568,0.296410256410256,0.141880341880342,0.189059829059829,0.452307692307692,0.340854700854701,-0.145299145299145,0.22051282051282,0.0707692307692308,0.262905982905983,0.178803418803419,0.189059829059829,-0.227350427350427,0.16034188034188,0.178119658119658,-0.223931623931624,-0.208888888888889,-0.12864569695445,-0.245128205128205,-0.0153846153846154,0.213675213675214,0.150769230769231,-0.385299145299145,-0.141880341880342,-0.243076923076923,0.0167521367521367,-0.225299145299145,-0.16034188034188,-0.133675213675214,-0.102905982905983
"Brown.headed.Cowbird",-0.305982905982906,0.0796581196581197,0.0358974358974359,-0.16034188034188,-0.227625190474193,0.0762393162393162,-0.143931623931624,-0.165128205128205,0.149401709401709,0.251965811965812,0.221880341880342,0.0974358974358974,0.0379487179487179,0.167863247863248,0.186324786324786,0.316239316239316,0.36,-0.00170940170940171,-0.15626603066479,-0.241025641025641,0.291623931623932,-0.0755555555555555,0.0509401709401709,-0.18017094017094,0.218461538461538,1,0.366837606837607,-0.161578995374789,-0.206837606837607,0.00444444444444444,-0.0482051282051282,0.0338461538461538,-0.0974358974358974,-0.109059829059829,0.101538461538462,-0.027008547008547,0.00239316239316239,-0.0796581196581197,0.0796581196581197,-0.327179487179487,-0.278632478632479,-0.185641025641026,-0.168547008547009,-0.124102564102564,-0.0428818989848165,0.0933333333333333,0.0830769230769231,0.0988034188034188,-0.0605128205128205,0.0899145299145299,0.0488888888888889,-0.27042735042735,-0.0181196581196581,-0.126153846153846,-0.0687179487179487,-0.316923076923077,-0.0147008547008547
"Great.Blue.Heron..Blue.form.",-0.28,-0.12957264957265,-0.197264957264957,-0.13025641025641,-0.123860256132828,0.0454700854700855,-0.165128205128205,0.00786324786324786,-0.0577777777777778,0.0823931623931624,0.247863247863248,-0.0728205128205128,0.215042735042735,0.0352136752136752,-0.0393162393162393,0.347008547008547,0.303931623931624,-0.193162393162393,0.154214397877068,-0.0386324786324786,0.115897435897436,0.0297435897435897,0.0482051282051282,0.0632478632478632,0.255384615384615,0.366837606837607,1,0.17530120304993,0.0495726495726496,0.0564102564102564,0.271111111111111,0.0830769230769231,0.223247863247863,-0.132307692307692,0.0851282051282051,0.0229059829059829,0.256068376068376,0.321025641025641,0.448205128205128,0.091965811965812,0.262905982905983,0.120683760683761,-0.0160683760683761,-0.344273504273504,-0.127273476186935,0.165128205128205,0.332649572649573,0.282735042735043,0.351111111111111,0.101538461538462,0.0304273504273504,-0.0748717948717949,0.0953846153846154,0.356581196581197,0.0858119658119658,0.0160683760683761,-0.0837606837606838
"American.Coot",-0.274101098310947,-0.720758958136796,-0.29674274097493,-0.324187156325213,-0.400721186279838,-0.511495291090891,-0.516984174160948,-0.466898116146682,-0.465525895379168,-0.178045644584958,-0.252831676414478,-0.407206512759818,-0.455234239622812,-0.455234239622812,-0.534823044138631,-0.435337038493857,-0.320756604406428,-0.331734370546541,-0.0675934282199723,-0.29674274097493,-0.0854207427777545,0.354376013210524,-0.220584488377896,-0.21029283262154,0.213037274156568,-0.161578995374789,0.17530120304993,1,0.69400065317027,0.264495552938348,0.457292570774083,0.37152877280445,0.482678654973095,0.00240138634314972,0.227445592215467,0.52110083646349,0.486795317275637,0.608922965584394,0.335164922465326,0.158148443456003,0.248715014111936,0.503948076869564,0.169812319979873,-0.0559179962762007,0.0685025817555938,0.224701150680438,0.0970846193016246,0.38319264932832,0.221270598761653,-0.125215145035664,-0.153345670769704,0.191081741876342,0.438767590412643,0.0566041066599578,0.241853910274365,-0.069640203951342,-0.158148443456003
"Northern.Mockingbird",-0.0823931623931624,-0.333333333333333,-0.242393162393162,-0.04,-0.245893664830068,-0.216410256410256,-0.366153846153846,-0.126153846153846,-0.435897435897436,-0.191111111111111,-0.102222222222222,-0.32991452991453,-0.511111111111111,-0.517264957264957,-0.47965811965812,-0.375042735042735,-0.185641025641026,-0.491282051282051,0.188066338874473,-0.0064957264957265,-0.0393162393162393,0.457777777777778,-0.125470085470085,-0.0871794871794872,0.296410256410256,-0.206837606837607,0.0495726495726496,0.69400065317027,1,0.183589743589744,0.438632478632479,0.431111111111111,0.558290598290598,-0.00991452991452991,0.04,0.496752136752137,0.45982905982906,0.48034188034188,0.135726495726496,0.114529914529915,0.475555555555556,0.606153846153846,0.248547008547009,0.0242735042735043,0.0367069055310029,-0.132991452991453,0.096068376068376,0.42017094017094,0.0755555555555555,-0.0728205128205128,-0.141196581196581,0.168547008547009,0.532307692307692,-0.0577777777777778,0.156239316239316,-0.0194871794871795,0.0557264957264957
"Ring.necked.Duck",0.128888888888889,-0.304615384615385,-0.0461538461538461,-0.241025641025641,-0.281699874567581,-0.29025641025641,-0.188376068376068,-0.235555555555556,-0.0317948717948718,-0.0570940170940171,-0.0748717948717949,-0.154188034188034,0.0468376068376068,-0.115213675213675,-0.130940170940171,0.0611965811965812,0.135726495726496,0.052991452991453,0.172337154168608,-0.119316239316239,0.245128205128205,0.271111111111111,0.174700854700855,0.485811965811966,0.141880341880342,0.00444444444444444,0.0564102564102564,0.264495552938348,0.183589743589744,1,0.465982905982906,0.39965811965812,0.442051282051282,0.0851282051282051,0.148034188034188,0.262222222222222,0.367521367521367,0.15008547008547,0.314871794871795,-0.130940170940171,-0.295042735042735,0.161709401709402,-0.262222222222222,-0.145982905982906,-0.21029283262154,0.0229059829059829,-0.138461538461538,0.00786324786324786,0.0892307692307692,0.141196581196581,-0.0427350427350427,0.204102564102564,0.182222222222222,-0.183589743589744,-0.288205128205128,-0.323760683760684,-0.346324786324786
"House.Sparrow",-0.0523076923076923,-0.217777777777778,-0.254017094017094,-0.0447863247863248,-0.247355142778538,-0.636239316239316,-0.489230769230769,-0.32034188034188,-0.191111111111111,-0.174700854700855,-0.0700854700854701,-0.193846153846154,-0.224615384615385,-0.260854700854701,-0.16991452991453,0.0988034188034188,-0.0728205128205128,-0.0276923076923077,0.32689349084363,-0.0953846153846154,0.121367521367521,0.119316239316239,-0.111794871794872,0.0878632478632479,0.189059829059829,-0.0482051282051282,0.271111111111111,0.457292570774083,0.438632478632479,0.465982905982906,1,0.581538461538462,0.472820512820513,0.267692307692308,0.20957264957265,0.28,0.330598290598291,0.482393162393162,0.372991452991453,-0.156239316239316,0.329230769230769,0.326495726495727,-0.0851282051282051,-0.0324786324786325,-0.0188680355533193,0.0468376068376068,0.150769230769231,0.446837606837607,0.0830769230769231,-0.0905982905982906,-0.234871794871795,0.349059829059829,0.344957264957265,0.10974358974359,-0.0673504273504273,-0.230769230769231,-0.437264957264957
"Rock.Pigeon..Feral.Pigeon.",-0.284786324786325,-0.440683760683761,-0.47965811965812,-0.440683760683761,-0.454885011461269,-0.644444444444444,-0.760683760683761,-0.64991452991453,-0.454358974358974,-0.483076923076923,0.102222222222222,-0.299145299145299,-0.394871794871795,-0.388034188034188,-0.377777777777778,-0.29025641025641,-0.330598290598291,-0.0461538461538461,0.106342966163566,0.00854700854700855,0.297094017094017,0.215042735042735,0.0112820512820513,0.250598290598291,0.452307692307692,0.0338461538461538,0.0830769230769231,0.37152877280445,0.431111111111111,0.39965811965812,0.581538461538462,1,0.678632478632479,0.258803418803419,0.28,0.408547008547008,0.44,0.34974358974359,0.155555555555556,-0.135042735042735,0.217777777777778,0.577435897435897,0.15008547008547,-0.217777777777778,-0.0751290870213985,-0.0434188034188034,-0.22051282051282,0.297094017094017,0.20957264957265,-0.313504273504273,-0.139145299145299,-0.158974358974359,0.176752136752137,-0.128205128205128,-0.143931623931624,-0.634871794871795,-0.411282051282051
"Yellow.rumped.Warbler..Myrtle.",-0.0700854700854701,-0.501538461538461,-0.431111111111111,-0.461196581196581,-0.492152699147253,-0.37982905982906,-0.517264957264957,-0.313504273504273,-0.435213675213675,-0.444102564102564,0.0967521367521367,-0.26017094017094,-0.267692307692308,-0.354529914529914,-0.582222222222222,-0.282735042735043,-0.104273504273504,-0.173333333333333,0.269447772787427,0.138461538461538,0.321025641025641,0.429059829059829,-0.0803418803418803,0.237606837606838,0.340854700854701,-0.0974358974358974,0.223247863247863,0.482678654973095,0.558290598290598,0.442051282051282,0.472820512820513,0.678632478632479,1,0.381880341880342,0.51042735042735,0.535042735042735,0.6,0.646495726495726,0.461880341880342,0.0188034188034188,0.264957264957265,0.625299145299145,0.148717948717949,-0.125470085470085,0.0353346847634888,-0.0427350427350427,0.0741880341880342,0.341538461538462,0.325128205128205,-0.0345299145299145,-0.100854700854701,0.231452991452991,0.468034188034188,-0.0174358974358974,0.18974358974359,-0.292307692307692,-0.184273504273504
"American.Robin",0.286837606837607,0.0331623931623932,0.126837606837607,0.0673504273504273,-0.0281334505080464,-0.0673504273504273,-0.0741880341880342,-0.0694017094017094,0.00786324786324786,-0.122051282051282,0.272478632478632,0.259487179487179,0.117948717948718,0.0926495726495726,0.146666666666667,0.096068376068376,0.187692307692308,0.182905982905983,0.107368782557427,0.198632478632479,0.262905982905983,0.0475213675213675,-0.151452991452991,0.014017094017094,-0.145299145299145,-0.109059829059829,-0.132307692307692,0.00240138634314972,-0.00991452991452991,0.0851282051282051,0.267692307692308,0.258803418803419,0.381880341880342,1,0.524102564102564,0.138461538461538,0.222564102564103,0.232136752136752,0.15008547008547,-0.195213675213675,0.15008547008547,0.0803418803418803,0.0235897435897436,0.0994871794871795,0.342026026302897,0.140512820512821,0.101538461538462,0.142564102564103,0.0174358974358974,0.00307692307692308,0.0215384615384615,0.208888888888889,-0.0714529914529914,-0.0721367521367521,0.0844444444444444,-0.158290598290598,0.0393162393162393
"Cedar.Waxwing",-0.0064957264957265,-0.393504273504273,-0.231452991452991,-0.235555555555556,-0.245162925855833,-0.247863247863248,-0.21025641025641,-0.145982905982906,-0.10017094017094,-0.276581196581197,0.10017094017094,0.0475213675213675,0.00786324786324786,-0.0830769230769231,-0.269059829059829,-0.0584615384615385,0.042051282051282,0.0933333333333333,0.00615489836316458,-0.0365811965811966,-0.0331623931623932,-0.014017094017094,-0.189059829059829,-0.117264957264957,0.22051282051282,0.101538461538462,0.0851282051282051,0.227445592215467,0.04,0.148034188034188,0.20957264957265,0.28,0.51042735042735,0.524102564102564,1,0.140512820512821,0.228034188034188,0.246495726495726,0.184273504273504,-0.0748717948717949,0.261538461538461,0.224615384615385,-0.0064957264957265,-0.16034188034188,0.217840046842868,0.042051282051282,0.0673504273504273,0.264273504273504,-0.0666666666666667,-0.0112820512820513,-0.0694017094017094,0.176068376068376,0.118632478632479,-0.106324786324786,0.11042735042735,-0.210940170940171,-0.185641025641026
"American.Goldfinch",-0.114529914529915,-0.550769230769231,-0.406495726495726,-0.431794871794872,-0.717220303211624,-0.385299145299145,-0.469401709401709,-0.463247863247863,-0.445470085470085,-0.418119658119658,-0.241025641025641,-0.411965811965812,-0.208888888888889,-0.503589743589744,-0.474188034188034,-0.175384615384615,-0.205470085470085,-0.0133333333333333,0.269789711585381,0.177435897435897,0.23008547008547,0.398290598290598,-0.0413675213675214,0.0229059829059829,0.0707692307692308,-0.027008547008547,0.0229059829059829,0.52110083646349,0.496752136752137,0.262222222222222,0.28,0.408547008547008,0.535042735042735,0.138461538461538,0.140512820512821,1,0.743589743589744,0.615042735042735,0.471452991452991,0.229401709401709,0.137094017094017,0.687521367521367,0.272478632478632,0.107008547008547,0.503948076869564,0.0748717948717949,0.0796581196581197,0.54051282051282,0.00512820512820513,-0.134358974358974,-0.0557264957264957,0.0557264957264957,0.605470085470085,-0.0776068376068376,0.12957264957265,-0.249230769230769,-0.132991452991453
"Northern.Flicker..Yellow.shafted.",-0.135042735042735,-0.52957264957265,-0.338119658119658,-0.463247863247863,-0.643415666813892,-0.29025641025641,-0.386666666666667,-0.46051282051282,-0.364786324786325,-0.360683760683761,-0.0741880341880342,-0.419487179487179,-0.081025641025641,-0.484444444444444,-0.439316239316239,-0.126153846153846,-0.103589743589744,-0.0406837606837607,0.454436662480318,0.167863247863248,0.291623931623932,0.382564102564103,-0.014017094017094,0.18974358974359,0.262905982905983,0.00239316239316239,0.256068376068376,0.486795317275637,0.45982905982906,0.367521367521367,0.330598290598291,0.44,0.6,0.222564102564103,0.228034188034188,0.743589743589744,1,0.610940170940171,0.486495726495726,0.04,0.252649572649573,0.553504273504273,0.22051282051282,-0.0584615384615385,0.23362058566928,-0.0105982905982906,0.116581196581197,0.461196581196581,0.113162393162393,-0.28,-0.139145299145299,0.0434188034188034,0.427008547008547,-0.279316239316239,-0.0687179487179487,-0.354529914529914,-0.254700854700855
"European.Starling",-0.10974358974359,-0.555555555555555,-0.533675213675214,-0.491282051282051,-0.578379898106979,-0.359316239316239,-0.504273504273504,-0.322393162393162,-0.342222222222222,-0.280683760683761,-0.141196581196581,-0.406495726495726,-0.171282051282051,-0.315555555555556,-0.511111111111111,-0.264957264957265,-0.198632478632479,-0.342222222222222,0.184988889692891,-0.0878632478632479,0.34974358974359,0.429059829059829,-0.104957264957265,0.0741880341880342,0.178803418803419,-0.0796581196581197,0.321025641025641,0.608922965584394,0.48034188034188,0.15008547008547,0.482393162393162,0.34974358974359,0.646495726495726,0.232136752136752,0.246495726495726,0.615042735042735,0.610940170940171,1,0.654017094017094,0.136410256410256,0.268376068376068,0.448888888888889,0.0331623931623932,0.0311111111111111,0.369470441653179,0.128205128205128,0.192478632478632,0.368888888888889,0.238290598290598,-0.212307692307692,-0.0878632478632479,0.29982905982906,0.563760683760684,0.114529914529915,0.121367521367521,-0.124102564102564,-0.336068376068376
"Mourning.Dove",-0.0694017094017094,-0.258803418803419,-0.315555555555556,-0.353846153846154,-0.392041459677062,-0.0673504273504273,-0.367521367521367,-0.235555555555556,-0.117264957264957,-0.162393162393162,-0.333333333333333,-0.410598290598291,0.055042735042735,-0.115213675213675,-0.356581196581197,-0.00239316239316239,-0.0803418803418803,0.105641025641026,0.275602671150592,0.171282051282051,0.00786324786324786,0.444786324786325,0.0892307692307692,0.18974358974359,0.189059829059829,0.0796581196581197,0.448205128205128,0.335164922465326,0.135726495726496,0.314871794871795,0.372991452991453,0.155555555555556,0.461880341880342,0.15008547008547,0.184273504273504,0.471452991452991,0.486495726495726,0.654017094017094,1,-0.0188034188034188,-0.0762393162393162,0.384615384615385,0.0769230769230769,0.195897435897436,0.134134580024506,0.210940170940171,0.359316239316239,0.427692307692308,0.28,0.207521367521368,0.158974358974359,0.29982905982906,0.258803418803419,0.00923076923076923,0.00923076923076923,-0.0707692307692308,-0.276581196581197
"American.Pipit",-0.0304273504273504,-0.18974358974359,-0.0229059829059829,0.0611965811965812,-0.0800159176787293,-0.0242735042735043,0.30051282051282,0.219145299145299,-0.245128205128205,0.0188034188034188,-0.172649572649573,0.0974358974358974,-0.0188034188034188,-0.463931623931624,-0.338119658119658,-0.193846153846154,-0.298461538461538,-0.117948717948718,0.0940331694372366,-0.292991452991453,-0.151452991452991,-0.0584615384615385,0.122735042735043,-0.0379487179487179,-0.227350427350427,-0.327179487179487,0.091965811965812,0.158148443456003,0.114529914529915,-0.130940170940171,-0.156239316239316,-0.135042735042735,0.0188034188034188,-0.195213675213675,-0.0748717948717949,0.229401709401709,0.04,0.136410256410256,-0.0188034188034188,1,0.236923076923077,0.0858119658119658,0.314188034188034,0.081025641025641,0.370156552036936,0.197948717948718,0.163076923076923,0.000341880341880342,-0.0447863247863248,0.0967521367521367,0.193162393162393,-0.12,0.124102564102564,0.094017094017094,0.275213675213675,0.232820512820513,0.065982905982906
"Rusty.Blackbird",-0.101538461538462,-0.162393162393162,-0.253333333333333,0.0352136752136752,-0.0171723658945218,-0.155555555555556,-0.151452991452991,0.0495726495726496,-0.250598290598291,-0.163076923076923,0.163076923076923,-0.0543589743589744,-0.0905982905982906,-0.22051282051282,-0.186324786324786,0.0147008547008547,-0.15008547008547,-0.186324786324786,0.175072664552237,0.0317948717948718,-0.236923076923077,0.0064957264957265,-0.15965811965812,-0.157606837606838,0.16034188034188,-0.278632478632479,0.262905982905983,0.248715014111936,0.475555555555556,-0.295042735042735,0.329230769230769,0.217777777777778,0.264957264957265,0.15008547008547,0.261538461538461,0.137094017094017,0.252649572649573,0.268376068376068,-0.0762393162393162,0.236923076923077,1,0.36957264957265,0.332649572649573,-0.0782905982905983,0.151287339618433,-0.00376068376068376,0.182905982905983,0.426324786324786,0.0379487179487179,-0.166495726495726,-0.232820512820513,-0.00717948717948718,0.0864957264957265,0.318290598290598,0.213675213675214,0.0482051282051282,-0.00581196581196581
"Dark.eyed.Junco..Slate.colored.",0.0406837606837607,-0.441367521367521,-0.349059829059829,-0.271111111111111,-0.333582341738264,-0.257435897435897,-0.653333333333333,-0.448888888888889,-0.375042735042735,-0.482393162393162,-0.12,-0.326495726495727,-0.180854700854701,-0.353846153846154,-0.543931623931624,-0.274529914529914,-0.225982905982906,-0.0557264957264957,0.254402465677469,0.398974358974359,-0.0475213675213675,0.36957264957265,-0.0646153846153846,0.109059829059829,0.178119658119658,-0.185641025641026,0.120683760683761,0.503948076869564,0.606153846153846,0.161709401709402,0.326495726495727,0.577435897435897,0.625299145299145,0.0803418803418803,0.224615384615385,0.687521367521367,0.553504273504273,0.448888888888889,0.384615384615385,0.0858119658119658,0.36957264957265,1,0.643760683760684,0.143931623931624,0.149915118850919,0.094017094017094,0.142564102564103,0.626666666666666,0.26017094017094,0.0256410256410256,-0.0324786324786325,-0.104273504273504,0.391452991452991,-0.00854700854700855,0.120683760683761,-0.314188034188034,-0.198632478632479
"Fox.Sparrow",0.143931623931624,-0.0147008547008547,0.13025641025641,-0.0235897435897436,0.012787932049112,0.0584615384615385,-0.184957264957265,-0.226666666666667,-0.237606837606838,-0.204102564102564,-0.215042735042735,0.0133333333333333,-0.0646153846153846,-0.243760683760684,-0.348376068376068,-0.335384615384615,-0.285470085470085,0.0523076923076923,0.0930073530433759,0.214358974358974,-0.323760683760684,0.0652991452991453,-0.0741880341880342,-0.130940170940171,-0.223931623931624,-0.168547008547009,-0.0160683760683761,0.169812319979873,0.248547008547009,-0.262222222222222,-0.0851282051282051,0.15008547008547,0.148717948717949,0.0235897435897436,-0.0064957264957265,0.272478632478632,0.22051282051282,0.0331623931623932,0.0769230769230769,0.314188034188034,0.332649572649573,0.643760683760684,1,0.401709401709402,0.138251242327048,0.253333333333333,0.195213675213675,0.304615384615385,0.323076923076923,0.246495726495726,0.26017094017094,-0.318290598290598,-0.0488888888888889,-0.124102564102564,0.244444444444444,-0.170598290598291,0.00717948717948718
"Blue.Jay",0.36,0.251965811965812,0.397606837606838,0.271111111111111,0.257585488417827,0.16991452991453,0.142564102564103,0.128888888888889,0.24991452991453,0.321709401709402,-0.279316239316239,0.236239316239316,0.024957264957265,-0.0605128205128205,-0.0427350427350427,-0.163760683760684,-0.042051282051282,0.156923076923077,0.0817233727109075,0.181538461538462,-0.255384615384615,0.27042735042735,0.119316239316239,-0.0953846153846154,-0.208888888888889,-0.124102564102564,-0.344273504273504,-0.0559179962762007,0.0242735042735043,-0.145982905982906,-0.0324786324786325,-0.217777777777778,-0.125470085470085,0.0994871794871795,-0.16034188034188,0.107008547008547,-0.0584615384615385,0.0311111111111111,0.195897435897436,0.081025641025641,-0.0782905982905983,0.143931623931624,0.401709401709402,1,0.37633154549075,0.192478632478632,0.323076923076923,0.208205128205128,-0.117948717948718,0.174017094017094,0.179487179487179,0.0953846153846154,0.065982905982906,-0.194529914529915,0.30051282051282,0.143931623931624,0.176068376068376
"Pine.Siskin",0.13550680079202,-0.13550680079202,-0.0881651843127827,-0.0216124770883475,-0.335461926300139,-0.0854207427777545,0.0634652104975284,0.0387652366822741,-0.0854207427777545,-0.0257291393908899,-0.131390138489478,0.146484566932133,0.0675818728000708,-0.311837169417586,-0.156776222688489,-0.0668957624163138,-0.0607207689625002,0.00651804864569211,0.025733538662426,0.0627791001137714,0.120412372349365,0.058662437811229,0.0243569186233758,-0.22675948183171,-0.12864569695445,-0.0428818989848165,-0.127273476186935,0.0685025817555938,0.0367069055310029,-0.21029283262154,-0.0188680355533193,-0.0751290870213985,0.0353346847634888,0.342026026302897,0.217840046842868,0.503948076869564,0.23362058566928,0.369470441653179,0.134134580024506,0.370156552036936,0.151287339618433,0.149915118850919,0.138251242327048,0.37633154549075,1,0.0847346323939974,0.107376275057981,0.263123332170834,-0.174615092666173,-0.223328929912924,0.165695657677331,-0.026415249774647,0.300173292893716,-0.12864569695445,0.23362058566928,0.0250430290071328,0.0456263405198448
"Common.Grackle",0.0673504273504273,-0.203418803418803,0.304615384615385,0.00581196581196581,0.0515170976835654,0.0434188034188034,-0.132307692307692,-0.222564102564103,0.272478632478632,0.365470085470085,0.0495726495726496,0.0208547008547009,0.206153846153846,0.246495726495726,0.0488888888888889,0.133675213675214,-0.0153846153846154,-0.0147008547008547,-0.173704909360423,-0.311452991452991,-0.0844444444444444,-0.181538461538462,0.191794871794872,-0.091965811965812,-0.245128205128205,0.0933333333333333,0.165128205128205,0.224701150680438,-0.132991452991453,0.0229059829059829,0.0468376068376068,-0.0434188034188034,-0.0427350427350427,0.140512820512821,0.042051282051282,0.0748717948717949,-0.0105982905982906,0.128205128205128,0.210940170940171,0.197948717948718,-0.00376068376068376,0.094017094017094,0.253333333333333,0.192478632478632,0.0847346323939974,1,0.552820512820513,0.28,0.0441025641025641,0.241709401709402,0.0160683760683761,-0.158290598290598,-0.120683760683761,0.130940170940171,0.172649572649573,-0.00239316239316239,0.0188034188034188
"Eastern.Bluebird",0.15965811965812,-0.000341880341880342,0.251965811965812,0.385299145299145,0.120206561261653,0.27042735042735,0.0782905982905983,0.188376068376068,0.21025641025641,0.268376068376068,0.0741880341880342,0.0201709401709402,0.13982905982906,-0.0358974358974359,0.0605128205128205,0.30051282051282,0.205470085470085,-0.0666666666666667,0.35459053347787,0.0700854700854701,-0.182905982905983,0.0160683760683761,0.264273504273504,-0.111794871794872,-0.0153846153846154,0.0830769230769231,0.332649572649573,0.0970846193016246,0.096068376068376,-0.138461538461538,0.150769230769231,-0.22051282051282,0.0741880341880342,0.101538461538462,0.0673504273504273,0.0796581196581197,0.116581196581197,0.192478632478632,0.359316239316239,0.163076923076923,0.182905982905983,0.142564102564103,0.195213675213675,0.323076923076923,0.107376275057981,0.552820512820513,1,0.632820512820513,-0.0878632478632479,0.29025641025641,0.055042735042735,0.135726495726496,0.262222222222222,-0.00307692307692308,0.35042735042735,0.437264957264957,0.29982905982906
"House.Finch",-0.00923076923076923,-0.32034188034188,-0.180854700854701,0.0564102564102564,-0.278776918670641,-0.200683760683761,-0.425641025641026,-0.241025641025641,-0.0358974358974359,-0.141196581196581,0.0564102564102564,-0.264273504273504,-0.143931623931624,-0.368205128205128,-0.24034188034188,0.151452991452991,-0.00581196581196581,0.0878632478632479,0.348093696316752,0.238290598290598,-0.10974358974359,0.317606837606838,0.20957264957265,-0.0406837606837607,0.213675213675214,0.0988034188034188,0.282735042735043,0.38319264932832,0.42017094017094,0.00786324786324786,0.446837606837607,0.297094017094017,0.341538461538462,0.142564102564103,0.264273504273504,0.54051282051282,0.461196581196581,0.368888888888889,0.427692307692308,0.000341880341880342,0.426324786324786,0.626666666666666,0.304615384615385,0.208205128205128,0.263123332170834,0.28,0.632820512820513,1,-0.115213675213675,-0.0105982905982906,-0.193162393162393,0.0899145299145299,0.440683760683761,0.0276923076923077,0.303931623931624,-0.0338461538461538,-0.0297435897435897
"Hooded.Merganser",-0.109059829059829,-0.15965811965812,-0.170598290598291,-0.378461538461538,-0.142859469462937,-0.0899145299145299,-0.35042735042735,-0.221196581196581,-0.458461538461538,-0.204786324786325,-0.123418803418803,-0.154188034188034,-0.142564102564103,0.00102564102564103,-0.245128205128205,-0.273846153846154,-0.186324786324786,-0.014017094017094,-0.103607455779937,0.042051282051282,0.0564102564102564,0.23965811965812,-0.065982905982906,0.0892307692307692,0.150769230769231,-0.0605128205128205,0.351111111111111,0.221270598761653,0.0755555555555555,0.0892307692307692,0.0830769230769231,0.20957264957265,0.325128205128205,0.0174358974358974,-0.0666666666666667,0.00512820512820513,0.113162393162393,0.238290598290598,0.28,-0.0447863247863248,0.0379487179487179,0.26017094017094,0.323076923076923,-0.117948717948718,-0.174615092666173,0.0441025641025641,-0.0878632478632479,-0.115213675213675,1,0.262222222222222,0.351794871794872,-0.104957264957265,-0.147350427350427,0.243760683760684,0.233504273504273,-0.0174358974358974,-0.0543589743589744
"Eastern.Towhee",0.476923076923077,0.34974358974359,0.484444444444444,0.314871794871795,0.370850029424248,0.437264957264957,0.284786324786325,0.414017094017094,0.135042735042735,0.12957264957265,-0.229401709401709,0.052991452991453,0.0488888888888889,0.23008547008547,0.0912820512820513,0.180854700854701,0.29025641025641,0.182222222222222,0.0834330667006754,0.0365811965811966,-0.237606837606838,0.0502564102564102,-0.0393162393162393,-0.100854700854701,-0.385299145299145,0.0899145299145299,0.101538461538462,-0.125215145035664,-0.0728205128205128,0.141196581196581,-0.0905982905982906,-0.313504273504273,-0.0345299145299145,0.00307692307692308,-0.0112820512820513,-0.134358974358974,-0.28,-0.212307692307692,0.207521367521368,0.0967521367521367,-0.166495726495726,0.0256410256410256,0.246495726495726,0.174017094017094,-0.223328929912924,0.241709401709402,0.29025641025641,-0.0105982905982906,0.262222222222222,1,0.496752136752137,0.294358974358974,-0.0652991452991453,0.234871794871795,0.278632478632479,0.321709401709402,0.321709401709402
"Northern.Cardinal",0.237606837606838,0.167179487179487,0.141880341880342,0.0447863247863248,0.0390945351215709,0.359316239316239,0.242393162393162,0.211623931623932,-0.322393162393162,-0.238974358974359,-0.470769230769231,-0.104273504273504,-0.0386324786324786,-0.128205128205128,0.120683760683761,-0.181538461538462,-0.00170940170940171,-0.140512820512821,-0.178492052531773,-0.0304273504273504,-0.264957264957265,0.00239316239316239,-0.0064957264957265,-0.248547008547009,-0.141880341880342,0.0488888888888889,0.0304273504273504,-0.153345670769704,-0.141196581196581,-0.0427350427350427,-0.234871794871795,-0.139145299145299,-0.100854700854701,0.0215384615384615,-0.0694017094017094,-0.0557264957264957,-0.139145299145299,-0.0878632478632479,0.158974358974359,0.193162393162393,-0.232820512820513,-0.0324786324786325,0.26017094017094,0.179487179487179,0.165695657677331,0.0160683760683761,0.055042735042735,-0.193162393162393,0.351794871794872,0.496752136752137,1,0.000341880341880342,-0.04,-0.18974358974359,0.104273504273504,0.23008547008547,0.31965811965812
"Carolina.Chickadee",0.418803418803419,0.0837606837606838,0.126837606837607,0.154188034188034,0.086592568446844,-0.0974358974358974,0.225982905982906,0.362735042735043,0.0953846153846154,-0.133675213675214,-0.283418803418803,-0.312820512820513,-0.301880341880342,-0.10974358974359,-0.13982905982906,-0.0215384615384615,0.132991452991453,0.042051282051282,0.298170631815529,0.0611965811965812,0.0386324786324786,0.227350427350427,-0.225982905982906,-0.127521367521368,-0.243076923076923,-0.27042735042735,-0.0748717948717949,0.191081741876342,0.168547008547009,0.204102564102564,0.349059829059829,-0.158974358974359,0.231452991452991,0.208888888888889,0.176068376068376,0.0557264957264957,0.0434188034188034,0.29982905982906,0.29982905982906,-0.12,-0.00717948717948718,-0.104273504273504,-0.318290598290598,0.0953846153846154,-0.026415249774647,-0.158290598290598,0.135726495726496,0.0899145299145299,-0.104957264957265,0.294358974358974,0.000341880341880342,1,0.498119658119658,0.21982905982906,0.333333333333333,0.384615384615385,0.131623931623932
"Field.Sparrow",0.145299145299145,-0.344273504273504,-0.204786324786325,-0.0858119658119658,-0.402271805316351,-0.273846153846154,-0.150769230769231,0.00239316239316239,-0.223247863247863,-0.291623931623932,-0.176752136752137,-0.393504273504273,-0.362051282051282,-0.498803418803419,-0.375726495726496,-0.181538461538462,0.0974358974358974,-0.381880341880342,0.368610024193968,0.078974358974359,0.288888888888889,0.318290598290598,-0.042051282051282,-0.0974358974358974,0.0167521367521367,-0.0181196581196581,0.0953846153846154,0.438767590412643,0.532307692307692,0.182222222222222,0.344957264957265,0.176752136752137,0.468034188034188,-0.0714529914529914,0.118632478632479,0.605470085470085,0.427008547008547,0.563760683760684,0.258803418803419,0.124102564102564,0.0864957264957265,0.391452991452991,-0.0488888888888889,0.065982905982906,0.300173292893716,-0.120683760683761,0.262222222222222,0.440683760683761,-0.147350427350427,-0.0652991452991453,-0.04,0.498119658119658,1,-0.00786324786324786,0.354529914529914,0.195897435897436,0.115213675213675
"Pied.billed.Grebe",0.0229059829059829,-0.0167521367521367,-0.0803418803418803,0.0167521367521367,0.233471102268073,-0.0577777777777778,-0.0536752136752137,0.204786324786325,0.0406837606837607,0.0543589743589744,0.273162393162393,0.0482051282051282,0.0837606837606838,0.358632478632479,0.16034188034188,0.332649572649573,0.210940170940171,0.0297435897435897,-0.154214397877068,0.0147008547008547,0.0728205128205128,0.00444444444444444,-0.231452991452991,-0.0646153846153846,-0.225299145299145,-0.126153846153846,0.356581196581197,0.0566041066599578,-0.0577777777777778,-0.183589743589744,0.10974358974359,-0.128205128205128,-0.0174358974358974,-0.0721367521367521,-0.106324786324786,-0.0776068376068376,-0.279316239316239,0.114529914529915,0.00923076923076923,0.094017094017094,0.318290598290598,-0.00854700854700855,-0.124102564102564,-0.194529914529915,-0.12864569695445,0.130940170940171,-0.00307692307692308,0.0276923076923077,0.243760683760684,0.234871794871795,-0.18974358974359,0.21982905982906,-0.00786324786324786,1,0.405128205128205,0.264273504273504,0.125470085470085
"American.Crow",0.12,-0.0905982905982906,0.226666666666667,0.112478632478632,0.0770929617817894,-0.055042735042735,0.127521367521368,0.247863247863248,-0.111794871794872,0.0837606837606838,0.0625641025641026,0.055042735042735,-0.381880341880342,-0.256752136752137,-0.217094017094017,-0.178119658119658,0.0543589743589744,0.00854700854700855,-0.0396649005626162,0.00170940170940171,-0.0488888888888889,0.28,-0.0147008547008547,-0.352478632478632,-0.16034188034188,-0.0687179487179487,0.0858119658119658,0.241853910274365,0.156239316239316,-0.288205128205128,-0.0673504273504273,-0.143931623931624,0.18974358974359,0.0844444444444444,0.11042735042735,0.12957264957265,-0.0687179487179487,0.121367521367521,0.00923076923076923,0.275213675213675,0.213675213675214,0.120683760683761,0.244444444444444,0.30051282051282,0.23362058566928,0.172649572649573,0.35042735042735,0.303931623931624,0.233504273504273,0.278632478632479,0.104273504273504,0.333333333333333,0.354529914529914,0.405128205128205,1,0.456410256410256,0.558974358974359
"Herring.Gull",0.192478632478632,0.229401709401709,0.298461538461538,0.524102564102564,0.422732496594931,0.398290598290598,0.528888888888889,0.664273504273504,0.0543589743589744,0.252649572649573,-0.166495726495726,0.00512820512820513,-0.0447863247863248,0.0379487179487179,0.223931623931624,0.0482051282051282,0.158290598290598,-0.148034188034188,0.144982050332321,0.065982905982906,-0.334017094017094,0.0208547008547009,0.10974358974359,-0.225299145299145,-0.133675213675214,-0.316923076923077,0.0160683760683761,-0.069640203951342,-0.0194871794871795,-0.323760683760684,-0.230769230769231,-0.634871794871795,-0.292307692307692,-0.158290598290598,-0.210940170940171,-0.249230769230769,-0.354529914529914,-0.124102564102564,-0.0707692307692308,0.232820512820513,0.0482051282051282,-0.314188034188034,-0.170598290598291,0.143931623931624,0.0250430290071328,-0.00239316239316239,0.437264957264957,-0.0338461538461538,-0.0174358974358974,0.321709401709402,0.23008547008547,0.384615384615385,0.195897435897436,0.264273504273504,0.456410256410256,1,0.685470085470085
"Ring.billed.Gull",0.16034188034188,0.32034188034188,0.493333333333333,0.477606837606838,0.403733283264821,0.524786324786325,0.491965811965812,0.556923076923077,0.0105982905982906,0.24034188034188,0.109059829059829,0.137094017094017,-0.135042735042735,0.0748717948717949,0.324444444444444,0.0728205128205128,0.345641025641026,-0.162393162393162,-0.0482133705114559,0.208888888888889,-0.182222222222222,0.00854700854700855,-0.0167521367521367,-0.412649572649573,-0.102905982905983,-0.0147008547008547,-0.0837606837606838,-0.158148443456003,0.0557264957264957,-0.346324786324786,-0.437264957264957,-0.411282051282051,-0.184273504273504,0.0393162393162393,-0.185641025641026,-0.132991452991453,-0.254700854700855,-0.336068376068376,-0.276581196581197,0.065982905982906,-0.00581196581196581,-0.198632478632479,0.00717948717948718,0.176068376068376,0.0456263405198448,0.0188034188034188,0.29982905982906,-0.0297435897435897,-0.0543589743589744,0.321709401709402,0.31965811965812,0.131623931623932,0.115213675213675,0.125470085470085,0.558974358974359,0.685470085470085,1
