"","Downy.Woodpecker","Mourning.Dove","Barn.Swallow","White.breasted.Nuthatch","Eastern.Towhee","Pine.Warbler","American.Goldfinch","Brown.headed.Cowbird","House.Finch","Northern.Cardinal","Tufted.Titmouse","European.Starling","Blue.Grosbeak","American.Robin","Purple.Martin","Brown.Thrasher","Northern.Mockingbird","Brown.headed.Nuthatch","Red.bellied.Woodpecker","Summer.Tanager","Red.eyed.Vireo","Wood.Thrush","Ovenbird","White.eyed.Vireo","Common.Grackle","Eastern.Wood.Pewee","Chipping.Sparrow","Carolina.Chickadee","Great.Crested.Flycatcher","Common.Yellowthroat","Red.winged.Blackbird","Blue.Jay","Chimney.Swift","Carolina.Wren","Eastern.Meadowlark","Eastern.Phoebe","Eastern.Bluebird","Fish.Crow","Yellow.breasted.Chat","American.Crow","Indigo.Bunting","Blue.gray.Gnatcatcher","Yellow.billed.Cuckoo"
"Downy.Woodpecker",1,0.319279083095707,0.386367150500852,0.366238293376359,0.405013033555087,0.422042208655677,0.241136964362545,-0.0426605504587156,0.0735136864679233,0.349633317149241,0.291520329528128,-0.293353790720129,0.226689096499953,-0.093592293493878,-0.161694984137843,0.0625286660724275,0.265065781750485,0.0212603252529241,0.0427742312281331,-0.0809902351788015,0.367334459105057,0.126547468597589,0.0764876935372958,0.23188882658364,0.075171908872033,-0.235366064782956,-0.24086252002101,0.142595154832791,-0.195412844036697,-0.0684323844530878,-0.109616267906921,0.179663608562691,-0.271865443425076,0.0333027943133322,0.210301107234641,0.201865731065227,-0.0496562406166884,0.242846283781322,-0.0752178574758786,0.31561272041901,0.181540376212106,-0.108256880733945,-0.06910258451036
"Mourning.Dove",0.319279083095707,1,0.435180989315159,0.378288098569285,0.505726118109405,0.230299371009104,0.309618335044267,0.155209353313511,0.27057568879525,-0.0180152680153962,-0.0119065792869425,-0.0540375521484314,-0.306964015734947,-0.131703665853096,-0.500076890629374,0.322285110024414,0.328851101478369,0.014669937612418,0.525641025641026,0.183206115410809,-0.267685409019286,-0.19819821899336,-0.0238422967414983,-0.171997521524881,0.000305296904793398,-0.250419937711179,-0.403055998283606,-0.153305864306112,-0.162542078666906,0.230652104208629,0.00336031868271901,0.26275599182996,-0.14573791639871,-0.00488400488400488,-0.0888685388706745,0.0137509627920866,0.156922609063807,-0.0259899465510302,-0.118527604444998,0.294871794871795,0.0848855001403416,0.142377083945071,0.0128303076976544
"Barn.Swallow",0.386367150500852,0.435180989315159,1,0.758299632560733,0.389856400855484,0.136134455370494,0.510921038493887,0.331652182194165,0.187137183012527,0.438063240179512,0.0604764841893315,-0.38668297466512,0.0843391912059625,0.0417303654892568,-0.150152968389165,0.327781188902449,0.386026714218919,0.422718362303094,0.491372780216204,0.343363376542379,0.072149203336737,0.108157653528873,0.15764532628231,0.155389211775357,0.00702504614320517,-0.00351359608921479,-0.567716400831867,-0.107393828292087,-0.0782515747849828,-0.156235875502393,-0.0806846003452183,0.266391591504346,-0.0848234843860653,0.168269982535195,-0.0692025664527956,0.0426475163791305,0.171197320142022,0.0466503867128608,0.179859421602882,0.261719373924976,0.175194747728696,0.347547033322365,0.191320302333737
"White.breasted.Nuthatch",0.366238293376359,0.378288098569285,0.758299632560733,1,0.156493952816145,0.0746634586214054,0.428113073422894,0.274257844433947,0.166743312384749,0.279749485991594,0.105215013529416,-0.481725716014042,0.23347630708251,0.0303076776350215,-0.366865756052433,0.349043811565547,0.0814452081673596,0.133496656996123,0.226300075134414,0.204649979363998,-0.061227631585902,-0.0625669860232681,-0.119889769194096,0.0321937853277383,-0.139318135647236,0.0507878712951712,-0.745140276400427,-0.174545063698164,-0.199571556440774,-0.521299442194421,-0.186075087621089,-0.156871813920087,-0.285736269842734,0.00275229821109423,0.00948448198885726,0.0953620361950423,0.242698003591836,0.207841938415811,0.0786534498661512,0.233639537030666,0.0412970810375782,0.302571293775621,0.229839458558286
"Eastern.Towhee",0.405013033555087,0.505726118109405,0.389856400855484,0.156493952816145,1,0.615889999549338,0.506949753889749,0.507412555246373,0.272838374579896,0.325034370677127,0.0401649377318035,-0.157147227855611,-0.106340719346648,-0.0125343954949416,-0.178593347330493,0.0785452359421254,0.284818918253405,0.242776404823621,0.488318878536799,0.360317706967737,-0.0686334582588875,-0.0358997861289337,0.411620968333637,0.177740763419891,0.414935877632358,-0.0108463183623587,-0.122133926834858,0.156736938588451,-0.00458505321005758,0.159908413222331,0.119498783087047,0.0447806863515624,-0.211218117876653,0.128569260702935,0.22196761380996,0.280036738374793,-0.0923946286225898,-0.0027531375764967,0.0788508594282815,0.230569576795049,0.340461283947048,0.0658719311178273,-0.468520804277347
"Pine.Warbler",0.422042208655677,0.230299371009104,0.136134455370494,0.0746634586214054,0.615889999549338,1,0.45417050699095,0.451849608397748,0.118411002146052,0.230522467221441,0.0716358712750937,0.0418512339645537,0.0843520782396088,0.0414309782148291,-0.126624903204943,-0.0536451175453811,0.299235529975135,0.163149877610357,0.143860747672796,0.260617182955453,0.0808744925300538,-0.0456837285698964,0.523780547677451,0.340836688079887,0.572017778092166,0.122994653842029,0.115578669853914,0.463101609683464,-0.123203918933892,-0.100551081947585,0.0348464011405894,0.0995108576004513,-0.0499847164905493,0.0876603706626166,0.294881592441137,0.498853438800691,0.063846043055414,0.176533679307047,0.191349536087798,0.211056850619749,0.357011932336983,-0.334148594031623,-0.438636716111805
"American.Goldfinch",0.241136964362545,0.309618335044267,0.510921038493887,0.428113073422894,0.506949753889749,0.45417050699095,1,0.541259269817575,0.380632355135057,0.418448381185095,0.00763475348647039,-0.277599636768063,-0.133516657621961,0.0959804651329384,-0.229628628665083,-0.0571428631456759,0.300825562168651,0.405992222113789,0.314809174980907,0.175015271838729,-0.179428449149792,-0.168015887098139,0.185904402434581,0.00290831931457205,0.185829899860689,0.187719568403285,-0.284579022416451,0.076676341202969,-0.233801999667106,-0.132650162372052,0.287242199769708,0.0473716469913744,-0.0542481763933481,0.152366419316656,0.217198719503231,0.320189609002398,0.14948847326509,0.141000286481244,0.0122230723306259,0.0952671800136208,0.240684178375076,-0.274449929020995,-0.30145152135406
"Brown.headed.Cowbird",-0.0426605504587156,0.155209353313511,0.331652182194165,0.274257844433947,0.507412555246373,0.451849608397748,0.541259269817575,1,0.187528676291355,0.355287352435308,0.0391138387626838,-0.195874770678753,-0.210791816637515,-0.0140694297409098,-0.0680740472481933,-0.00443357290000097,-0.069593151007773,0.237687377288086,0.30125279993528,0.296913258400776,-0.348524243255797,-0.0362219203594549,0.508184235861793,0.0614183748084805,0.38686031151217,0.339293937544261,0.0541367187856745,0.410667932514158,0.203516819571865,-0.263625427356191,0.122916986606923,0.0487767584097859,0.132110091743119,0.188817677849902,0.290081033089643,0.218382018152382,0.186249099420748,0.0852333837846228,0.0902002762413991,-0.0742438442031167,0.0835880351751026,0.0885321100917431,-0.492432355548384
"House.Finch",0.0735136864679233,0.27057568879525,0.187137183012527,0.166743312384749,0.272838374579896,0.118411002146052,0.380632355135057,0.187528676291355,1,0.129219491350023,0.221288953510963,-0.21838730401703,-0.349885412792852,-0.221186222941225,-0.429510884119311,0.0152811743078065,0.094328111949732,0.45696390051499,0.48862426870474,0.0762181160563377,-0.34515445155583,-0.482279254506569,-0.0163608631544202,0.0496020735125278,0.0716249269818093,0.0279560036663611,-0.00687863167405331,0.259089520317751,0.152529436787916,0.0728386647787844,0.225397321040146,-0.222069410473789,0.0823781226740346,-0.4098336053761,-0.000458295142071494,-0.145521274526639,-0.101099577104387,0.221474622820401,0.142726168034913,0.181096369588694,-0.0827860098247195,-0.0805441013900116,-0.335880211285587
"Northern.Cardinal",0.349633317149241,-0.0180152680153962,0.438063240179512,0.279749485991594,0.325034370677127,0.230522467221441,0.418448381185095,0.355287352435308,0.129219491350023,1,0.350282489959262,-0.316384184479333,0.258020177029168,0.255387511524108,0.250267686501159,0.0737967991961537,0.253286563269032,0.130082598275164,0.229007644263511,-0.0326817348808797,0.078862929949994,0.0339086608507154,0.178718952669428,0.0671974831103753,0.389067037670531,0.0818695595314569,-0.201589543806283,0.264548651321797,-0.113691952779299,-0.0930234125977018,0.0559205559126133,0.333435270113481,0.293245776053057,0.286106883566547,0.196120362758192,-0.119364240873925,-0.12368300648082,-0.016210445083527,0.0190985505166029,-0.179236649576908,0.186927306047648,0.0577628469765792,0.163636380826254
"Tufted.Titmouse",0.291520329528128,-0.0119065792869425,0.0604764841893315,0.105215013529416,0.0401649377318035,0.0716358712750937,0.00763475348647039,0.0391138387626838,0.221288953510963,0.350282489959262,1,-0.154198473282443,0.118222098863374,0.110788555124742,0.0460104287769396,0.0640085667928783,-0.00320953874644536,-0.219624151363904,0.227446194071081,-0.058787601845822,0.235330172264969,-0.100488703526717,0.0605319926766382,0.225895994072928,0.17206106870229,0.39034821613114,0.0666259448750171,0.538026903532866,0.327578399637477,-0.147162597871693,-0.483501465153842,-0.0641711417200281,0.153399586397401,-0.211265458117031,0.162492371660224,-0.0805318186906743,-0.600610687022901,0.129663760139714,0.0459822878392753,0.115096933107111,-0.19086883716176,0.124675361056055,-0.0580507288336366
"European.Starling",-0.293353790720129,-0.0540375521484314,-0.38668297466512,-0.481725716014042,-0.157147227855611,0.0418512339645537,-0.277599636768063,-0.195874770678753,-0.21838730401703,-0.316384184479333,-0.154198473282443,1,0.159004140719344,0.131723771748314,0.277132582633195,0.215551522063845,0.248815670438717,-0.0304142005020299,-0.0604487871490928,0.20369522301903,0.0990220465114933,-0.109346370402933,-0.223784942622723,-0.188399707793885,0.116335877862595,0.018784362513353,0.265739720499208,0.144624319513376,-0.0161955738626738,0.153587576157152,-0.293003415533987,0.21940418930943,0.123147476729387,0.00396885976231417,-0.442883343810761,-0.131112524547625,0.0143511450381679,-0.218195973725675,-0.138099628593704,-0.123339949536533,-0.0189341886464466,-0.356302624978823,-0.13993280950424
"Blue.Grosbeak",0.226689096499953,-0.306964015734947,0.0843391912059625,0.23347630708251,-0.106340719346648,0.0843520782396088,-0.133516657621961,-0.210791816637515,-0.349885412792852,0.258020177029168,0.118222098863374,0.159004140719344,1,0.530958624871223,0.407401862485469,0.191349536087798,0.109633048028703,-0.116207972805877,-0.262675675156273,0.285670651891382,0.481577791057976,0.198930483605368,-0.0263037238541669,0.208084932210497,0.174583797158704,0.237891523021166,-0.336798690063721,-0.176317801905219,-0.41439928564489,-0.494337891462253,-0.475164303272335,0.0111586675957495,-0.240904933300017,0.110873569862473,0.108326968414905,0.16480662182873,0.00427676843433395,0.098822146301865,0.149625555774724,0.0778863920521506,0.10281088167,-0.0443289534625666,0.171022468755787
"American.Robin",-0.093592293493878,-0.131703665853096,0.0417303654892568,0.0303076776350215,-0.0125343954949416,0.0414309782148291,0.0959804651329384,-0.0140694297409098,-0.221186222941225,0.255387511524108,0.110788555124742,0.131723771748314,0.530958624871223,1,0.637698928264124,0.292201848525744,0.449594620527528,-0.0510937745002363,-0.0476700043459003,0.109429957062395,0.0175894769042521,-0.0535004685759702,0.0116279075211309,0.291820195334519,0.249083234280454,0.385661949191922,-0.165035178953809,-0.193824554726658,-0.330478670327239,-0.331496132836469,-0.383792066875781,0.00795228637529683,0.226334304527679,0.168067323014392,0.0686334582588875,0.220403793208932,0.0287286184323468,0.115549455383334,-0.0582568834580369,-0.0088617315771225,-0.0493657487865272,-0.010857929473963,-0.0200305819763854
"Purple.Martin",-0.161694984137843,-0.500076890629374,-0.150152968389165,-0.366865756052433,-0.178593347330493,-0.126624903204943,-0.229628628665083,-0.0680740472481933,-0.429510884119311,0.250267686501159,0.0460104287769396,0.277132582633195,0.407401862485469,0.637698928264124,1,-0.0555215766193154,0.247283859054317,-0.203672534901792,-0.327373074489034,-0.142180176204079,0.269583855950429,0.15764532628231,0.0521885521885522,0.305240805506831,0.17563449390267,0.132415957866616,0.190483485050104,0.088685052612745,0.0293712743183216,-0.132792197003426,-0.260018402900375,0.201162634003088,0.246749299351316,0.510775357115944,0.189602526275524,0.15055080264201,-0.00473861558832269,0.0101041033517643,-0.199296458223052,-0.292832311260966,-0.133465907339958,-0.0125439817401165,0.0249311762780948
"Brown.Thrasher",0.0625286660724275,0.322285110024414,0.327781188902449,0.349043811565547,0.0785452359421254,-0.0536451175453811,-0.0571428631456759,-0.00443357290000097,0.0152811743078065,0.0737967991961537,0.0640085667928783,0.215551522063845,0.191349536087798,0.292201848525744,-0.0555215766193154,1,0.514604733772747,0.354947276994516,0.488773626577311,0.386554662456043,-0.120642207476092,0.0311735955879252,-0.121443889354646,0.168453576933596,-0.0256645327475025,0.0750305658513298,-0.317889923121414,-0.0623471911758505,-0.136370587131064,-0.197000033868373,-0.34622439620911,0.0226265099724188,0.222748817769014,-0.201924604479751,-0.470048921708128,-0.244342519070716,0.134891562000266,0.0673194898097354,-0.15194130235402,-0.0342141538604117,-0.373262071296487,0.185598534503489,0.235860593090798
"Northern.Mockingbird",0.265065781750485,0.328851101478369,0.386026714218919,0.0814452081673596,0.284818918253405,0.299235529975135,0.300825562168651,-0.069593151007773,0.094328111949732,0.253286563269032,-0.00320953874644536,0.248815670438717,0.109633048028703,0.449594620527528,0.247283859054317,0.514604733772747,1,0.465269277845777,0.437958762470727,0.224549162004953,0.0668502378940217,-0.0512154254508269,0.0200459068911606,0.311628915835249,0.200672589242036,0.0273658541961135,-0.114119628075378,0.0772053428437839,-0.138880398055072,0.111179219979559,-0.12524852212775,0.371214456034868,0.321505062457888,0.132946309612538,-0.170157517990359,0.193513846535326,0.1202812854025,0.0694933488240872,-0.00305857196893163,0.0861858834729554,-0.00901865252436505,-0.17558887331192,0.0631595111584382
"Brown.headed.Nuthatch",0.0212603252529241,0.014669937612418,0.422718362303094,0.133496656996123,0.242776404823621,0.163149877610357,0.405992222113789,0.237687377288086,0.45696390051499,0.130082598275164,-0.219624151363904,-0.0304142005020299,-0.116207972805877,-0.0510937745002363,-0.203672534901792,0.354947276994516,0.465269277845777,1,0.555929510770588,0.492510142940749,-0.121921372085893,0.0906589471413145,0.298546292707284,0.231806563254047,0.102093899172643,0.195230144181212,0.0878078639614839,0.0755236423065926,0.0674518232844569,0.0565084465185362,0.2639547609188,0.117773024782385,0.24824106392443,-0.252139552713433,-0.231310264797317,0.0111672022111295,0.187070258364244,0.10883209474433,0.370851851232961,0.10635704769003,0.0288902597814406,-0.0728051425927472,-0.186267032907936
"Red.bellied.Woodpecker",0.0427742312281331,0.525641025641026,0.491372780216204,0.226300075134414,0.488318878536799,0.143860747672796,0.314809174980907,0.30125279993528,0.48862426870474,0.229007644263511,0.227446194071081,-0.0604487871490928,-0.262675675156273,-0.0476700043459003,-0.327373074489034,0.488773626577311,0.437958762470727,0.555929510770588,1,0.586259569314589,-0.160122322290075,-0.149641182290826,0.343573609454411,0.194032791186431,0.186536408828766,0.147503451115243,-0.0226126943692091,0.152695083970231,0.140543902606723,0.176812886250116,0.0519321978238393,0.249618192238462,0.297280907035525,-0.331501831501831,-0.296228462902248,-0.229793867103314,-0.112043964059177,-0.214034853949661,0.270658395717186,0.28021978021978,0.0552671781489274,0.279254623875097,-0.0818695824516995
"Summer.Tanager",-0.0809902351788015,0.183206115410809,0.343363376542379,0.204649979363998,0.360317706967737,0.260617182955453,0.175015271838729,0.296913258400776,0.0762181160563377,-0.0326817348808797,-0.058787601845822,0.20369522301903,0.285670651891382,0.109429957062395,-0.142180176204079,0.386554662456043,0.224549162004953,0.492510142940749,0.586259569314589,1,0.170411176151634,0.245455936878827,0.491973986048093,0.272310529506509,0.311497942247992,0.477470602789803,-0.0987314975730545,-0.0172598138564452,-0.0730440234254096,-0.0891984367507568,-0.0808250657862635,0.111094152782997,-0.0588325293279973,-0.295572532862772,-0.211852759459199,0.0357634217215089,-0.0320659646431756,-0.148035007932586,0.440030603902531,0.174961840217323,0.050397067806964,0.172677293871784,-0.234071835131485
"Red.eyed.Vireo",0.367334459105057,-0.267685409019286,0.072149203336737,-0.061227631585902,-0.0686334582588875,0.0808744925300538,-0.179428449149792,-0.348524243255797,-0.34515445155583,0.078862929949994,0.235330172264969,0.0990220465114933,0.481577791057976,0.0175894769042521,0.269583855950429,-0.120642207476092,0.0668502378940217,-0.121921372085893,-0.160122322290075,0.170411176151634,1,0.498624367128042,0.19522644732846,0.425245596980905,0.156479283376187,0.0752063729696495,-0.0884062404405017,0.0197187441322862,-0.187184586987756,0.0344510992555222,-0.275229370667891,0.145129226349167,-0.128765867846152,0.037891541915972,-0.0825435800886397,-0.0200367084735393,-0.3297678647713,-0.0687174906849233,-0.015902141416367,0.00305576950935258,0.0100871189470922,0.0168221442554356,0.140978599864331
"Wood.Thrush",0.126547468597589,-0.19819821899336,0.108157653528873,-0.0625669860232681,-0.0358997861289337,-0.0456837285698964,-0.168015887098139,-0.0362219203594549,-0.482279254506569,0.0339086608507154,-0.100488703526717,-0.109346370402933,0.198930483605368,-0.0535004685759702,0.15764532628231,0.0311735955879252,-0.0512154254508269,0.0906589471413145,-0.149641182290826,0.245455936878827,0.498624367128042,1,0.37477079992041,0.238518612754686,0.101099577104387,0.220134433241674,0.0764292408228146,-0.10831041857623,0.0229252660502879,0.183014796376946,0.12637531152556,0.164450575134065,-0.0310255267213897,0.0751259813133537,0.0433852734494348,0.0889636363177562,-0.0667379383604492,-0.12480890346785,0.152964554821143,-0.218659360245371,-0.221017262391825,0.21335780937468,0.231662602506346
"Ovenbird",0.0764876935372958,-0.0238422967414983,0.15764532628231,-0.119889769194096,0.411620968333637,0.523780547677451,0.185904402434581,0.508184235861793,-0.0163608631544202,0.178718952669428,0.0605319926766382,-0.223784942622723,-0.0263037238541669,0.0116279075211309,0.0521885521885522,-0.121443889354646,0.0200459068911606,0.298546292707284,0.343573609454411,0.491973986048093,0.19522644732846,0.37477079992041,1,0.554704676674061,0.546316519763396,0.364526147291007,0.383720948197319,0.288379326254547,0.0979042477277386,0.00903660856194015,0.197155130199167,0.28484017073289,0.190454356907867,-0.0180345577916461,0.298012357831448,0.289014701413371,-0.0415775303233474,-0.0143906926525128,0.391251220364211,0.136940371028093,0.177037251660563,0.17026160581402,-0.341694771811434
"White.eyed.Vireo",0.23188882658364,-0.171997521524881,0.155389211775357,0.0321937853277383,0.177740763419891,0.340836688079887,0.00290831931457205,0.0614183748084805,0.0496020735125278,0.0671974831103753,0.225895994072928,-0.188399707793885,0.208084932210497,0.291820195334519,0.305240805506831,0.168453576933596,0.311628915835249,0.231806563254047,0.194032791186431,0.272310529506509,0.425245596980905,0.238518612754686,0.554704676674061,1,0.266300155614427,0.285211922697035,0.170496523573396,0.256124286995244,0.0632563311618515,-0.147063349407333,-0.144716936547499,-0.0819422207544565,0.156838942154324,-0.0327468590803599,0.192743859729236,0.326593520447871,-0.10407132518265,0.196352014369079,0.098775051929245,0.0569244466256723,-0.199755616079817,0.22300537087568,-0.1630936903948
"Common.Grackle",0.075171908872033,0.000305296904793398,0.00702504614320517,-0.139318135647236,0.414935877632358,0.572017778092166,0.185829899860689,0.38686031151217,0.0716249269818093,0.389067037670531,0.17206106870229,0.116335877862595,0.174583797158704,0.249083234280454,0.17563449390267,-0.0256645327475025,0.200672589242036,0.102093899172643,0.186536408828766,0.311497942247992,0.156479283376187,0.101099577104387,0.546316519763396,0.266300155614427,1,0.400427630162695,0.203850941429525,0.357971916514629,-0.016042785430007,0.0939270635064654,0.0831042012776272,0.161955738626738,0.394499733145506,-0.00793771952462835,0.0546731852014664,0.160910825581177,-0.401221374045801,-0.186544560578362,0.136571977834924,-0.197527097401328,0.206443734274159,-0.0684492178346967,-0.288267698181769
"Eastern.Wood.Pewee",-0.235366064782956,-0.250419937711179,-0.00351359608921479,0.0507878712951712,-0.0108463183623587,0.122994653842029,0.187719568403285,0.339293937544261,0.0279560036663611,0.0818695595314569,0.39034821613114,0.018784362513353,0.237891523021166,0.385661949191922,0.132415957866616,0.0750305658513298,0.0273658541961135,0.195230144181212,0.147503451115243,0.477470602789803,0.0752063729696495,0.220134433241674,0.364526147291007,0.285211922697035,0.400427630162695,1,0.162182849026013,0.309960281087687,0.289469692661635,-0.179801325871999,-0.2305929203048,-0.149319899540875,0.239186942458004,-0.261108593589095,0.129086465016804,0.254050796495036,-0.388362877003712,0.107372365483371,0.386766521730582,-0.163078349680207,-0.195203912464929,0.155738974034956,-0.332823976424025
"Chipping.Sparrow",-0.24086252002101,-0.403055998283606,-0.567716400831867,-0.745140276400427,-0.122133926834858,0.115578669853914,-0.284579022416451,0.0541367187856745,-0.00687863167405331,-0.201589543806283,0.0666259448750171,0.265739720499208,-0.336798690063721,-0.165035178953809,0.190483485050104,-0.317889923121414,-0.114119628075378,0.0878078639614839,-0.0226126943692091,-0.0987314975730545,-0.0884062404405017,0.0764292408228146,0.383720948197319,0.170496523573396,0.203850941429525,0.162182849026013,1,0.517731677333746,0.536779330332536,0.3100598932997,0.224311937094331,0.139165011567694,0.405107819387717,-0.18304059361022,0.0770406747493971,0.0882532884674212,-0.17084359259236,-0.205846380782231,0.283180441376074,-0.00213903865654681,0.0583830217846854,-0.149258298120956,-0.351987784043047
"Carolina.Chickadee",0.142595154832791,-0.153305864306112,-0.107393828292087,-0.174545063698164,0.156736938588451,0.463101609683464,0.076676341202969,0.410667932514158,0.259089520317751,0.264548651321797,0.538026903532866,0.144624319513376,-0.176317801905219,-0.193824554726658,0.088685052612745,-0.0623471911758505,0.0772053428437839,0.0755236423065926,0.152695083970231,-0.0172598138564452,0.0197187441322862,-0.10831041857623,0.288379326254547,0.256124286995244,0.357971916514629,0.309960281087687,0.517731677333746,1,0.590707688562419,-0.0269319432795505,-0.0852689526375602,0.0461562023145797,0.346630022680353,-0.0897847093744959,0.172777268560953,0.0886579193544649,-0.282376311277964,0.136280310036587,0.0996332564868983,-0.138341746077029,-0.131663358798724,-0.155586138927954,-0.399755519892218
"Great.Crested.Flycatcher",-0.195412844036697,-0.162542078666906,-0.0782515747849828,-0.199571556440774,-0.00458505321005758,-0.123203918933892,-0.233801999667106,0.203516819571865,0.152529436787916,-0.113691952779299,0.327578399637477,-0.0161955738626738,-0.41439928564489,-0.330478670327239,0.0293712743183216,-0.136370587131064,-0.138880398055072,0.0674518232844569,0.140543902606723,-0.0730440234254096,-0.187184586987756,0.0229252660502879,0.0979042477277386,0.0632563311618515,-0.016042785430007,0.289469692661635,0.536779330332536,0.590707688562419,1,0.220453319043504,-0.0713958118724294,-0.100152905198777,0.188990825688073,-0.0724106628647681,0.0996484897652515,0.109649794828612,-0.313063498534137,-0.0208110236888846,0.308974166582826,-0.0571341517118634,-0.10635698808386,0.376452599388379,-0.211129799134529
"Common.Yellowthroat",-0.0684323844530878,0.230652104208629,-0.156235875502393,-0.521299442194421,0.159908413222331,-0.100551081947585,-0.132650162372052,-0.263625427356191,0.0728386647787844,-0.0930234125977018,-0.147162597871693,0.153587576157152,-0.494337891462253,-0.331496132836469,-0.132792197003426,-0.197000033868373,0.111179219979559,0.0565084465185362,0.176812886250116,-0.0891984367507568,0.0344510992555222,0.183014796376946,0.00903660856194015,-0.147063349407333,0.0939270635064654,-0.179801325871999,0.3100598932997,-0.0269319432795505,0.220453319043504,1,0.412827576801089,0.35395005113096,0.244488854522553,-0.0538392179585129,-0.229227562686174,-0.249732190603363,-0.393453432147604,-0.466064090903177,0.0231134460871206,-0.245029622640732,0.0965423903768912,0.0897122534440927,0.0812797342533845
"Red.winged.Blackbird",-0.109616267906921,0.00336031868271901,-0.0806846003452183,-0.186075087621089,0.119498783087047,0.0348464011405894,0.287242199769708,0.122916986606923,0.225397321040146,0.0559205559126133,-0.483501465153842,-0.293003415533987,-0.475164303272335,-0.383792066875781,-0.260018402900375,-0.34622439620911,-0.12524852212775,0.2639547609188,0.0519321978238393,-0.0808250657862635,-0.275229370667891,0.12637531152556,0.197155130199167,-0.144716936547499,0.0831042012776272,-0.2305929203048,0.224311937094331,-0.0852689526375602,-0.0713958118724294,0.412827576801089,1,0.038984865155181,0.193089743886249,-0.105086329714122,0.0380501240264382,-0.0548929689276515,0.105866197583448,-0.342105407305837,0.0155915622133904,-0.233083923174055,0.0867838135474436,-0.238189882006949,-0.0308774075206359
"Blue.Jay",0.179663608562691,0.26275599182996,0.266391591504346,-0.156871813920087,0.0447806863515624,0.0995108576004513,0.0473716469913744,0.0487767584097859,-0.222069410473789,0.333435270113481,-0.0641711417200281,0.21940418930943,0.0111586675957495,0.00795228637529683,0.201162634003088,0.0226265099724188,0.371214456034868,0.117773024782385,0.249618192238462,0.111094152782997,0.145129226349167,0.164450575134065,0.28484017073289,-0.0819422207544565,0.161955738626738,-0.149319899540875,0.139165011567694,0.0461562023145797,-0.100152905198777,0.35395005113096,0.038984865155181,1,0.312385321100917,0.336388775586961,-0.0359162501454511,-0.116225723946646,0.140412569620728,-0.257077351450927,0.107628804193127,0.00824931602256852,0.283160199596829,0.00152905198776758,0.238648527479363
"Chimney.Swift",-0.271865443425076,-0.14573791639871,-0.0848234843860653,-0.285736269842734,-0.211218117876653,-0.0499847164905493,-0.0542481763933481,0.132110091743119,0.0823781226740346,0.293245776053057,0.153399586397401,0.123147476729387,-0.240904933300017,0.226334304527679,0.246749299351316,0.222748817769014,0.321505062457888,0.24824106392443,0.297280907035525,-0.0588325293279973,-0.128765867846152,-0.0310255267213897,0.190454356907867,0.156838942154324,0.394499733145506,0.239186942458004,0.405107819387717,0.346630022680353,0.188990825688073,0.244488854522553,0.193089743886249,0.312385321100917,1,-0.19065085918825,-0.339599607758265,-0.331855027584502,-0.187013041584082,-0.322570867177711,-0.0460174290655273,-0.373968993023106,-0.18750003502715,-0.0276758409785933,0.0957040219103658
"Carolina.Wren",0.0333027943133322,-0.00488400488400488,0.168269982535195,0.00275229821109423,0.128569260702935,0.0876603706626166,0.152366419316656,0.188817677849902,-0.4098336053761,0.286106883566547,-0.211265458117031,0.00396885976231417,0.110873569862473,0.168067323014392,0.510775357115944,-0.201924604479751,0.132946309612538,-0.252139552713433,-0.331501831501831,-0.295572532862772,0.037891541915972,0.0751259813133537,-0.0180345577916461,-0.0327468590803599,-0.00793771952462835,-0.261108593589095,-0.18304059361022,-0.0897847093744959,-0.0724106628647681,-0.0538392179585129,-0.105086329714122,0.336388775586961,-0.19065085918825,1,0.483127245681811,0.400916959627059,0.349259659083647,0.153187802612543,-0.299984813311824,-0.249084249084249,0.154198480470764,0.0329972640902741,0.194593000081092
"Eastern.Meadowlark",0.210301107234641,-0.0888685388706745,-0.0692025664527956,0.00948448198885726,0.22196761380996,0.294881592441137,0.217198719503231,0.290081033089643,-0.000458295142071494,0.196120362758192,0.162492371660224,-0.442883343810761,0.108326968414905,0.0686334582588875,0.189602526275524,-0.470048921708128,-0.170157517990359,-0.231310264797317,-0.296228462902248,-0.211852759459199,-0.0825435800886397,0.0433852734494348,0.298012357831448,0.192743859729236,0.0546731852014664,0.129086465016804,0.0770406747493971,0.172777268560953,0.0996484897652515,-0.229227562686174,0.0380501240264382,-0.0359162501454511,-0.339599607758265,0.483127245681811,1,0.677163073690137,0.127367140944198,0.453349987596457,0.100244503459211,0.0332875283055104,0.0209256150294955,-0.06449641515481,-0.2305929203048
"Eastern.Phoebe",0.201865731065227,0.0137509627920866,0.0426475163791305,0.0953620361950423,0.280036738374793,0.498853438800691,0.320189609002398,0.218382018152382,-0.145521274526639,-0.119364240873925,-0.0805318186906743,-0.131112524547625,0.16480662182873,0.220403793208932,0.15055080264201,-0.244342519070716,0.193513846535326,0.0111672022111295,-0.229793867103314,0.0357634217215089,-0.0200367084735393,0.0889636363177562,0.289014701413371,0.326593520447871,0.160910825581177,0.254050796495036,0.0882532884674212,0.0886579193544649,0.109649794828612,-0.249732190603363,-0.0548929689276515,-0.116225723946646,-0.331855027584502,0.400916959627059,0.677163073690137,1,0.239303279069442,0.353382374145853,0.219113160092826,0.226738097593962,0.207550114093201,-0.12769536775717,-0.319266069974753
"Eastern.Bluebird",-0.0496562406166884,0.156922609063807,0.171197320142022,0.242698003591836,-0.0923946286225898,0.063846043055414,0.14948847326509,0.186249099420748,-0.101099577104387,-0.12368300648082,-0.600610687022901,0.0143511450381679,0.00427676843433395,0.0287286184323468,-0.00473861558832269,0.134891562000266,0.1202812854025,0.187070258364244,-0.112043964059177,-0.0320659646431756,-0.3297678647713,-0.0667379383604492,-0.0415775303233474,-0.10407132518265,-0.401221374045801,-0.388362877003712,-0.17084359259236,-0.282376311277964,-0.313063498534137,-0.393453432147604,0.105866197583448,0.140412569620728,-0.187013041584082,0.349259659083647,0.127367140944198,0.239303279069442,1,0.275076774164323,-0.0635502715652443,0.224393225023147,0.0558863955209633,-0.170206313990741,0.0910479852232827
"Fish.Crow",0.242846283781322,-0.0259899465510302,0.0466503867128608,0.207841938415811,-0.0027531375764967,0.176533679307047,0.141000286481244,0.0852333837846228,0.221474622820401,-0.016210445083527,0.129663760139714,-0.218195973725675,0.098822146301865,0.115549455383334,0.0101041033517643,0.0673194898097354,0.0694933488240872,0.10883209474433,-0.214034853949661,-0.148035007932586,-0.0687174906849233,-0.12480890346785,-0.0143906926525128,0.196352014369079,-0.186544560578362,0.107372365483371,-0.205846380782231,0.136280310036587,-0.0208110236888846,-0.466064090903177,-0.342105407305837,-0.257077351450927,-0.322570867177711,0.153187802612543,0.453349987596457,0.353382374145853,0.275076774164323,1,-0.123776061945627,0.0498395445625638,-0.311209959858278,-0.0870696505807009,-0.244033150560291
"Yellow.breasted.Chat",-0.0752178574758786,-0.118527604444998,0.179859421602882,0.0786534498661512,0.0788508594282815,0.191349536087798,0.0122230723306259,0.0902002762413991,0.142726168034913,0.0190985505166029,0.0459822878392753,-0.138099628593704,0.149625555774724,-0.0582568834580369,-0.199296458223052,-0.15194130235402,-0.00305857196893163,0.370851851232961,0.270658395717186,0.440030603902531,-0.015902141416367,0.152964554821143,0.391251220364211,0.098775051929245,0.136571977834924,0.386766521730582,0.283180441376074,0.0996332564868983,0.308974166582826,0.0231134460871206,0.0155915622133904,0.107628804193127,-0.0460174290655273,-0.299984813311824,0.100244503459211,0.219113160092826,-0.0635502715652443,-0.123776061945627,1,0.483885890311538,0.447211658896774,0.227641036141429,-0.0374503210027515
"American.Crow",0.31561272041901,0.294871794871795,0.261719373924976,0.233639537030666,0.230569576795049,0.211056850619749,0.0952671800136208,-0.0742438442031167,0.181096369588694,-0.179236649576908,0.115096933107111,-0.123339949536533,0.0778863920521506,-0.0088617315771225,-0.292832311260966,-0.0342141538604117,0.0861858834729554,0.10635704769003,0.28021978021978,0.174961840217323,0.00305576950935258,-0.218659360245371,0.136940371028093,0.0569244466256723,-0.197527097401328,-0.163078349680207,-0.00213903865654681,-0.138341746077029,-0.0571341517118634,-0.245029622640732,-0.233083923174055,0.00824931602256852,-0.373968993023106,-0.249084249084249,0.0332875283055104,0.226738097593962,0.224393225023147,0.0498395445625638,0.483885890311538,1,0.501068725648563,0.0140543902606723,-0.155185626438296
"Indigo.Bunting",0.181540376212106,0.0848855001403416,0.175194747728696,0.0412970810375782,0.340461283947048,0.357011932336983,0.240684178375076,0.0835880351751026,-0.0827860098247195,0.186927306047648,-0.19086883716176,-0.0189341886464466,0.10281088167,-0.0493657487865272,-0.133465907339958,-0.373262071296487,-0.00901865252436505,0.0288902597814406,0.0552671781489274,0.050397067806964,0.0100871189470922,-0.221017262391825,0.177037251660563,-0.199755616079817,0.206443734274159,-0.195203912464929,0.0583830217846854,-0.131663358798724,-0.10635698808386,0.0965423903768912,0.0867838135474436,0.283160199596829,-0.18750003502715,0.154198480470764,0.0209256150294955,0.207550114093201,0.0558863955209633,-0.311209959858278,0.447211658896774,0.501068725648563,1,-0.00397310587669592,-0.0754774716416147
"Blue.gray.Gnatcatcher",-0.108256880733945,0.142377083945071,0.347547033322365,0.302571293775621,0.0658719311178273,-0.334148594031623,-0.274449929020995,0.0885321100917431,-0.0805441013900116,0.0577628469765792,0.124675361056055,-0.356302624978823,-0.0443289534625666,-0.010857929473963,-0.0125439817401165,0.185598534503489,-0.17558887331192,-0.0728051425927472,0.279254623875097,0.172677293871784,0.0168221442554356,0.21335780937468,0.17026160581402,0.22300537087568,-0.0684492178346967,0.155738974034956,-0.149258298120956,-0.155586138927954,0.376452599388379,0.0897122534440927,-0.238189882006949,0.00152905198776758,-0.0276758409785933,0.0329972640902741,-0.06449641515481,-0.12769536775717,-0.170206313990741,-0.0870696505807009,0.227641036141429,0.0140543902606723,-0.00397310587669592,1,0.267084546769024
"Yellow.billed.Cuckoo",-0.06910258451036,0.0128303076976544,0.191320302333737,0.229839458558286,-0.468520804277347,-0.438636716111805,-0.30145152135406,-0.492432355548384,-0.335880211285587,0.163636380826254,-0.0580507288336366,-0.13993280950424,0.171022468755787,-0.0200305819763854,0.0249311762780948,0.235860593090798,0.0631595111584382,-0.186267032907936,-0.0818695824516995,-0.234071835131485,0.140978599864331,0.231662602506346,-0.341694771811434,-0.1630936903948,-0.288267698181769,-0.332823976424025,-0.351987784043047,-0.399755519892218,-0.211129799134529,0.0812797342533845,-0.0308774075206359,0.238648527479363,0.0957040219103658,0.194593000081092,-0.2305929203048,-0.319266069974753,0.0910479852232827,-0.244033150560291,-0.0374503210027515,-0.155185626438296,-0.0754774716416147,0.267084546769024,1
