COMMON NAME,sort,1952,1957,1958,1960,1961,1962,1963,1964,1965,1966,1967,1968,1969,1970,1971,1972,1973,1974,1975,1976,1977,1978,1979,1980,1981,1982,1983,1984,1985,1986,1987,1988,1989,1990,1991,1992,1993,1994,1995,1996,1997,1998,1999,2000,2001,2002,2003,2004,2005,2006,2007,2008,2009,2010,2011,2012,2013,2014,2015,2016,2017,2018,2019,2020,2021,2022,2023,2024
Canada Goose,24,,,1,,,,,,,,,,,,,,,,,,,,,6,18,,7,27,7,29,14,8,29,50,105,103,113,122,215,180,156,337,227,467,353,440,357,328,289,358,273,326,242,261,304,217,97,144,149,117,137,82,88,124,236,211,119,103
Mute Swan,26,,,,,,,,,,,,,,,,,,,,,,,,,,,,,,,,,,,,,,,,,,,,,,,,,,,,2,1,,,,,,,,,,,,,,,
Wood Duck,36,,,,,,,2,,1,4,6,3,5,11,14,8,13,8,27,35,18,16,17,21,36,28,35,33,39,51,21,17,31,15,29,48,30,57,47,44,31,34,35,50,58,77,64,44,31,72,81,28,62,56,18,17,34,54,31,29,25,15,24,86,78,37,65,43
Blue-winged Teal,39,,,,,,,,,4,,,,,5,5,,,,,5,,,2,2,,1,,9,,,,,,,,,,,,,2,,,,,,,,3,,,,,,,,,,2,,,,,,,,5,
Northern Shoveler,41,,,,,,,,,,2,1,,,,,,,,,,,,,,,,,,,,,,,,,,,,,,,,,,,,,,,,,,,,,,,,,,,,,,,,,
American Wigeon,44,,14,,,,,,,,,,,,,,,,,,,,1,,,,,,,,,,2,,,,,,,,,,,,,,,,,,,,,,,,,,,,,,,,,,,1,
Mallard,49,,,,,,,,,6,,,,,,3,2,3,1,9,10,61,33,38,39,31,33,35,18,49,65,71,43,42,37,80,51,67,35,41,38,63,90,64,98,74,111,89,92,87,87,57,90,50,38,106,44,7,61,52,40,54,38,34,30,61,14,44,11
American Black Duck,50,,,2,,,,,,,,,,,,2,,,,,,,,1,1,2,1,10,1,2,,1,,1,,2,,,,3,,,,,,,1,,,,,1,,,,,,,,,,,,,,,,,
Northern Pintail,53,,,,,,,,,,,,,,,,4,,,,,,,,,,,,,,,,,,,,,,,,,,,,,,,,,,,,,,,,,,,,,,,,,,,,
Redhead,56,,,,,,,,,,,,,,,,,,,,,,1,,,,,,,,,,,,,,,,,,,,,,,,,,,,,,,,,,,,,,,,,,,,,,
Lesser Scaup,61,,,,4,,,,2,,,3,,,,,1,,,1,,,,,,,,2,,,,,,,,,,,,,,,,,,,,,,,,,,,,,,,,,,,,,,,,,
Hooded Merganser,79,,,,,,,,,,,,,,,,,,,,,,,,,,,,,,,,,,,,,,2,,,,,,,,,1,4,8,2,2,0,,1,,,5,1,2,11,1,4,,4,3,,4,
Common Merganser,80,,,,,,,,,,,,,,,,,,,,,,,,,,,,,,,,1,,,,,,,,,,,,,,,1,,,,,,,,,,,,,,,,,,,,,
Red-breasted Merganser,81,,,,1,,,,,,,,,,,,,,,,,,,,,,,,,,1,,,,,,,,,,,,,,,,,,,,,,,,,,,,,,,,,,1,,,,
Ruddy Duck,83,,,1,,,,,,,,,,,,,,,,,,,,,,,,,,,,,,,,,,,,,,,,,,,,,1,1,,,,,,,,,,,,,,,,,,,
Northern Bobwhite,102,25,19,49,79,125,98,65,55,178,85,105,98,74,83,49,67,89,46,105,155,145,85,140,137,89,108,81,37,85,44,53,34,46,29,18,19,19,8,15,4,,16,5,9,8,3,4,3,4,,,,,1,2,1,,,,,,,,1,,2,,
Ruffed Grouse,128,,,2,,1,,,,,,,,,,,,,,,,,,,,,,,,,,,,,,,,,,,,,,,,,,,,,,,,,,,,,,,,,,,,,,,
Wild Turkey,140,,2,1,,,1,,,,,,,,,,,,1,,,,,,,,,1,4,,,,,,,,,,,,,1,,,4,3,10,11,3,5,4,5,3,1,5,,4,1,1,,6,4,4,3,6,4,2,2,
Pied-billed Grebe,144,,,,,,,,,,,,,,,1,,,1,1,3,,1,1,,1,6,2,1,,,1,,,1,1,,,,,,,,,,,,,,,2,,1,,,,,,,1,,,,,,,,,
Horned Grebe,146,,,,,,,,,,,,,,,,,,,,,,,,,,,1,,1,,,,,,,,1,,,,,,,,,,,,,,,,,,,,,,,,,,,,,,,
Rock Pigeon,152,,,,,,,,,,,,,15,26,3,,9,10,12,26,23,29,45,42,74,132,65,65,39,41,108,119,76,92,48,83,45,50,66,45,65,52,22,57,43,68,33,34,158,28,18,21,24,7,9,25,52,19,21,11,17,7,11,20,16,45,4,14
Mourning Dove,201,60,77,118,104,157,107,172,127,181,135,233,188,144,134,76,144,135,74,295,548,542,415,715,469,499,600,385,369,333,387,346,397,329,267,401,379,334,223,296,215,207,406,177,409,349,393,414,317,257,273,248,208,247,134,192,238,131,207,226,147,190,154,198,172,195,166,190,136
Yellow-billed Cuckoo,218,2,1,8,9,2,5,1,1,1,7,3,,1,1,,5,5,1,3,7,9,31,69,23,13,13,2,1,5,2,14,6,5,8,21,11,10,9,17,9,5,63,7,53,8,16,2,38,16,19,12,1,8,11,22,13,29,28,4,17,14,40,27,44,13,12,6,17
Black-billed Cuckoo,222,,,1,,,1,,,,2,,,,,,,,,1,,,,,,,,,,,,,,,,,,,,,,,,,,,,,,,,,,,,,,,0,,,1,,,,,,,
Common Nighthawk,232,,,,,,,,,,,,6,2,4,,1,5,,5,2,,3,3,1,6,,1,,,,12,,,,1,,,1,,,,,,,,,,,,,,,,,,,0,,,1,2,,,,,,,
Chuck-will's-widow,241,,,,,,,,,1,,,,,,,,,,,,,,1,1,1,1,,,1,,,,,,,,1,1,,,,,,1,,,,,,8,,1,,,,,2,5,1,1,1,1,1,1,,1,4,
Eastern Whip-poor-will,247,5,4,6,2,2,7,4,2,5,6,4,6,29,25,6,17,30,12,17,61,36,33,87,131,39,39,16,79,54,33,27,16,10,12,6,22,14,10,10,3,8,9,7,23,9,29,17,6,6,14,10,7,5,16,7,8,6,3,9,10,4,6,6,8,13,3,8,2
Chimney Swift,265,160,83,94,132,110,100,118,190,85,48,79,98,47,86,48,24,30,6,78,137,86,187,343,138,254,184,181,194,193,234,129,247,171,166,212,243,252,265,183,187,276,260,104,192,166,255,1900,133,170,406,69,106,137,73,125,116,33,60,86,142,169,71,84,74,97,75,58,61
Ruby-throated Hummingbird,335,10,10,8,16,21,21,19,8,24,17,14,24,18,23,11,14,21,7,33,35,26,35,32,42,38,46,48,50,48,44,35,37,39,16,37,51,35,22,16,32,39,35,26,60,32,61,64,56,48,48,43,29,41,46,46,43,25,33,41,31,55,29,50,38,43,24,29,15
King Rail,417,,,,,,,,,,,,,,,,,,,,,,,,,,,,,,,,,,,,,,,,,,,,,,,,,,,,1,,,2,4,0,5,5,1,0,1,,,,,,
Sora,424,,,,,,,,,,,,,,1,,,,,,,,,,,,,,,,,,,1,,,,,,,,,,,,,,,,,,,,,,,,,1,,,,,,,,,,
Common Gallinule,436,,,,,,,,,,,,,,,,,,1,1,,,,,,,,,,,,,,,,,,,,,,,,,,,,,,,,,,,,,,,,,1,1,,,,,,1,
American Coot,440,,,,,,,,,,,,,1,,4,,,,2,2,4,,2,,,1,7,12,,,,,,,,,,,,1,,,,,,,,,1,,,,,,,,,1,,1,,,,,1,,,
Killdeer,460,10,10,15,5,2,4,4,3,4,3,5,8,3,2,8,4,4,3,13,37,30,15,30,37,17,26,18,16,23,41,32,16,29,24,33,33,47,32,28,37,25,39,30,63,42,54,33,35,29,39,37,25,36,50,36,37,15,33,22,19,20,17,33,22,34,25,25,27
Semipalmated Plover,462,,,,,,,,3,,2,,,,,,,2,,,1,,,,2,,,,,,,,,,,,,,,1,2,,,,,,,,,,,,,1,,,,,,,,1,,,,,,,
Upland Sandpiper,474,,,,,1,,,,,,,,,,,,,,,,,,,,,,,,,,,,,,,,,,,,,,,,,,,,,,,,,,,,,,,,,,,,,,,
Least Sandpiper,507,,,,,,,,,,,,,,,,,,1,1,,1,4,5,19,6,,10,,5,,,1,3,,,,,,1,20,,1,,8,,,,18,,3,14,,3,6,10,29,1,1,16,27,1,1,,,1,,6,7
Pectoral Sandpiper,510,,,,,,,,,,,,,,,,,,,,1,,2,2,6,1,,,,,5,,,2,,,,,,,,,,,,,,,,,,,,,,,,,,,,,,,,,,,
Semipalmated Sandpiper,511,,,,,,,,3,,2,,,,,,,,,,,,,,2,,,1,,,,,,,,,,,,,1,,,,,,2,,,,,1,,,1,,,,,,,,,,,,,,
Short-billed Dowitcher,513,,,,,,,,,,,,,,,,,,,,,,,,,,,,,,,,,,,,,,,,,,,,,,,,,,,,,,,,,,,,,1,,,,,,,
American Woodcock,517,,,,,,,2,,1,,,,4,,,1,4,3,6,2,3,5,6,8,2,8,1,2,1,6,,1,2,1,,,,,,,,,,,,,,1,,,,,,,,1,3,,,,,,,1,2,,,
Wilson's Snipe,521,,,,,1,1,,,,1,2,,,1,,,1,,2,1,1,,,,,,1,3,,4,,1,,1,,,,,,,,,1,,,,,,,,,,,,,,,,,,,,,,,,,
Spotted Sandpiper,524,9,8,15,26,11,2,,9,3,9,6,5,2,3,12,1,1,7,15,28,3,36,69,28,39,20,37,13,6,22,6,19,7,4,10,10,13,10,9,13,27,9,16,7,11,23,28,16,24,8,39,6,2,26,18,29,9,8,6,20,97,8,9,23,21,14,8,22
Solitary Sandpiper,526,2,3,,4,3,1,6,8,6,5,5,1,6,6,12,1,10,5,14,26,26,56,55,15,30,19,20,14,1,35,8,8,10,1,,3,8,7,6,5,10,6,10,7,18,1,10,13,22,8,28,3,13,6,15,4,4,3,4,22,20,3,7,26,18,10,4,30
Lesser Yellowlegs,529,,,,,,,,,,,,,,,2,,,,1,1,1,,38,9,2,3,,,1,4,1,2,7,,,,,,,,,,,,4,,,,8,,2,,,,1,1,,,,,,,,,,1,,
Greater Yellowlegs,533,,,,,,,,,1,,,,,,3,,,,,,,,11,3,1,1,12,2,,6,,1,,,,,,,,,,,,,,,,1,,,,,1,,4,,,,,,,,,,,,,
Bonaparte's Gull,575,,,,,,,,,,,,,,,,,,,,,,,,,,,2,1,1,,,,2,,,,,,,,2,,,,,,,,,,,,,,,,,,,,,,,3,,,,
Laughing Gull,581,,,,,,,,,,,,,,,,,,,,,,,,,,,,,,,,,,,,,1,,,,,,,,,,,,,,,,,,,,,,,,,,,,,,,
Ring-billed Gull,587,,,,,,,,,,,,,,,,,,,,,,3,,1,,17,154,80,24,41,91,15,34,17,22,24,58,11,3,12,4,,8,,1,4,26,3,41,31,38,58,42,2,,,,7,,6,3,,,28,2,,,
Herring Gull,591,,,,,,,,,,,,,,,,,,,,,,1,,,,1,,1,,,1,,,,,,,,,,,,,,,,,,,,,,,,,,,,,,,,,,,,,
Caspian Tern,613,,,,,,,,,,,,,,,,,,,,,,,,,,,,3,,1,,,,,,,,4,,,,,,,1,2,2,,,,,,,,,,,,,1,,,,3,1,,,
Common Tern,619,,,,,,,,,,,,,,,,,,,,,,,,,,,,,,,,,,,,,,,,,,,,,,,1,,,,,,,,,,,,,1,,,,,,,,
Forster's Tern,621,,,,,,,,,,,,,,,,,,,,,,1,,,,,,1,,,,,,,,,,24,,,,,,,,1,,,,,4,,,,,,,,,3,,,,,,,,
Common Loon,634,,,,,,,,,,,,,,,,,,,,,,1,,,,,5,,,,4,,,,,2,4,,,,,,,,3,,1,,,,2,,,,,,1,,,,,,,,,,,1
Double-crested Cormorant,724,1,,,,,,,,,,,,,,,,,,,,,11,,,1,12,67,173,128,399,213,78,153,105,138,92,101,65,48,68,199,160,156,60,78,133,700,100,130,140,135,290,172,118,51,69,165,24,89,162,71,32,42,374,320,45,73,16
Anhinga,728,,,,,,,,,,,,,,,,,,,,,,,,,,,,,,,,,,,,,2,,,,,,,1,,,,,,,,,,,,,,,,,,,,,,1,,1
American Bittern,732,,,,,,,,,,,,,,,,,,,,3,,,,1,,,,,,,,,,,,,,,,,,,,,,,,,,,,,1,,,,,,,,,,,,,,,
Great Blue Heron,739,3,1,1,1,1,2,,,,2,,,,3,2,2,1,,3,4,2,5,1,8,1,11,13,9,1,12,9,6,10,5,5,10,8,3,23,15,21,21,23,87,138,243,125,150,111,180,230,227,190,84,85,159,41,80,104,117,130,89,65,127,115,54,80,82
Great Egret,743,,,,,,,,,,,,,,,,,,,,,,,,1,,1,,,,,,,1,,,,2,1,3,,,,,,3,10,1,1,7,1,10,1,2,,,10,1,,,,3,1,1,1,,,2,7
Snowy Egret,749,,,,,,,,,,,,,,,,,,,,,,,,,,,,,,,,,,,,,,,,1,,,,,,,,,,,2,,,,,,,,,,,,,,,,,
Little Blue Heron,750,,,1,,,,,,,,,,,,,,,,,,,,,2,,1,,,,,,,,,,,,,,,,,,,,,,,1,,1,,,,,,,,,,,,,,,,,
Tricolored Heron,751,,,,,,,,,,,,,,,,,,,,,,,,,,,,,,,,,,,,,,,,,,,1,,,,,,,,,,,,,,,,,,,,,,,,,
Cattle Egret,753,,,,,,,,,,,,,,,,,,,,,,3,4,,,,,,,1,,,,,,,,,,,,,,,,,,,,,,,,,,,,,,,,,,,,,,
Green Heron,755,4,2,,,2,2,,2,,3,10,7,3,12,2,2,7,8,15,21,19,19,23,18,16,21,12,18,20,19,10,13,20,18,15,15,12,5,6,23,14,5,11,13,6,16,7,15,8,11,4,11,10,11,16,14,2,8,7,6,9,11,5,9,17,17,3,10
Black-crowned Night-Heron,759,,,,,,,,,,2,,,,,,,,,,,,,,1,,,1,,,,,,,,,,,,,,,,,,,,,,1,,1,,,,,,,,,,,,,,,,,
Yellow-crowned Night-Heron,760,,,,,2,,,,,,,,,,,,,,,,,,1,1,,,,1,,,,,1,,2,,,,,,,,,,,,,,1,1,0,7,2,6,11,10,4,2,1,8,4,3,1,3,,,3,8
White Ibis,762,,,,,,,,,,,,,,,,,,,,,,,,,,,,5,,,,,,,,,,,,,,,,,,,,,,,,,,,,,,,,,,,,,,,,
GLOSSY IBIS,764,,,,,,,,,,,,,,,,,,,,,,,,,,,,,,,,,,,,,,,,,,,,,,,,,,,,,,,,,,,,,,,,1,,,,
Black Vulture,770,2,1,7,5,4,8,4,1,2,8,12,1,,,1,,,,3,4,15,1,7,6,9,7,8,21,14,5,9,32,23,6,28,14,17,25,4,8,21,12,26,41,53,43,88,30,66,41,31,81,52,34,63,83,46,35,49,120,71,49,81,211,144,62,73,16
Turkey Vulture,771,12,16,21,8,42,32,18,10,13,27,10,6,7,1,9,8,14,1,25,59,60,17,71,47,36,59,62,48,63,62,67,103,45,49,61,71,92,55,76,80,91,112,131,150,122,173,157,152,179,154,49,126,130,83,90,147,68,77,115,137,119,61,88,200,145,99,129,53
Osprey,775,1,2,,,2,,,2,1,1,1,1,,1,3,,,,1,4,1,,,,,4,11,12,8,11,7,5,10,2,2,5,9,,4,5,2,8,5,7,8,11,8,10,25,14,11,12,12,16,11,16,6,4,21,30,18,14,22,28,25,14,15,11
Swallow-tailed Kite,780,,,,,,,,,,,,,,,,,,,,,,,,,,,,,,,,,,,,,,,,,,,,,,,,,,,,,,,,0,,,,,,,,1,,,,1
Northern Harrier,788,2,,,,,,1,1,1,,,,,1,,,,,3,1,,2,,2,1,3,,1,,,,1,,,3,1,,,,1,,,,,,,,,,,1,,,,,2,,,,,,,,,,,,
Sharp-shinned Hawk,794,,,4,2,3,1,3,,,1,1,,2,,1,,2,,1,2,1,2,4,4,1,2,4,6,3,5,3,1,2,,,5,3,1,4,4,1,1,4,2,2,4,4,,1,3,,1,,1,,1,4,3,1,,,,1,2,,1,,1
Cooper's Hawk,795,2,,,,2,1,,,1,,,,,,,,,,,,,2,,2,,2,1,1,4,1,1,,,,,1,1,3,2,1,1,1,5,1,3,4,3,2,3,2,2,4,4,4,2,6,5,5,2,9,2,1,2,3,5,6,4,1
Bald Eagle,800,,,,,,,,,,,,,,,,,,,,,,,1,,,,4,2,10,21,11,20,13,10,4,7,6,7,4,11,6,11,11,20,21,11,25,11,24,25,27,25,54,37,8,13,6,21,29,40,26,14,11,19,24,21,16,13
Mississippi Kite,803,,,,,,,,,,,,,,,,,,,,,,,,,,,,,,,,,,,,,,,,,,,,,,,,,,,,,,,,,,,2,,,,,1,,,1,
Red-shouldered Hawk,823,3,6,2,1,2,1,,2,,2,2,2,1,3,3,3,3,2,4,10,9,7,12,14,5,9,16,13,6,18,8,12,12,13,16,25,18,17,9,13,28,21,26,43,31,43,42,19,50,33,22,25,19,15,42,29,39,29,42,36,37,33,30,42,72,61,30,23
Broad-winged Hawk,825,,1,,3,,1,1,,,5,2,4,,1,2,,,,1,5,4,4,11,6,1,5,5,9,3,4,4,6,3,7,,3,2,3,1,2,2,,2,2,,1,,1,7,1,,4,4,,1,2,1,4,0,1,,,,2,2,1,1,
Red-tailed Hawk,830,5,3,6,2,10,2,1,3,2,5,2,5,5,3,8,9,7,2,17,27,13,18,16,24,14,20,21,24,20,30,20,21,23,21,12,29,27,30,18,26,44,20,34,27,42,31,23,11,41,37,13,23,21,18,21,27,16,17,14,36,22,12,14,20,18,21,7,6
Rough-legged Hawk,831,,,,,,,,,,,,,,,,,,,,,,,,,,,,1,,,,,,,,,,,,,,,,,,,,,,,,,,,,,,,,,,,,,,,,
Barn Owl,833,,,,,,,,,,,,,,,,,,,,,,,,,,,1,1,,,,,,,,,,,,,,,,,,,,,,,,,,,,,,,,,,,,,,,,
Eastern Screech-Owl,838,1,,,,,,,,,,,1,,1,,,,,1,1,3,1,9,6,3,,1,1,4,5,1,,,1,1,,,,,,,1,,2,,4,,,1,,,1,,,,1,0,,,1,1,,,2,1,1,1,
Great Horned Owl,851,,,1,2,1,,,,,,,1,1,3,3,4,3,,,3,,2,2,8,1,5,5,9,9,7,3,3,,2,1,3,8,,,1,2,1,,3,1,7,5,4,,3,,3,2,1,1,1,1,,4,2,,1,1,2,5,,1,
Barred Owl,866,1,3,3,7,2,1,10,2,5,3,7,3,7,7,3,5,7,3,13,22,15,15,30,21,12,23,22,30,25,23,11,10,15,12,11,14,9,13,10,5,14,10,2,16,4,17,23,9,17,14,20,20,14,13,8,16,16,17,23,13,14,13,12,44,51,24,27,13
Belted Kingfisher,912,1,2,2,3,7,2,2,2,3,1,8,3,2,2,4,12,9,6,13,22,15,8,13,12,8,8,11,9,13,19,14,11,9,8,8,16,15,5,7,8,9,10,10,7,7,11,6,5,17,11,19,9,5,1,10,7,4,4,8,7,10,3,,8,8,5,8,7
Red-headed Woodpecker,943,6,2,5,16,15,12,10,2,6,8,1,2,6,12,2,7,3,1,6,7,3,4,10,6,9,6,5,,6,3,13,6,20,19,13,22,22,16,27,25,26,14,7,10,25,41,29,15,16,23,23,25,18,19,15,30,15,18,15,13,13,18,18,51,43,20,20,13
Red-bellied Woodpecker,956,18,11,20,32,44,47,37,23,48,79,84,86,91,67,43,47,55,40,80,156,143,148,166,116,137,159,177,178,126,164,136,187,161,195,185,79,209,81,168,122,149,172,127,202,171,240,296,177,205,193,183,161,173,174,188,184,119,218,177,134,141,164,141,251,251,157,158,117
Yellow-bellied Sapsucker,959,,,1,,,,,2,1,,,,,1,1,2,1,,1,2,2,,,,,,1,1,2,1,,2,,,,2,,2,,,2,,1,1,1,,,,1,,,,,,,1,,,,,,,,,,,,
Downy Woodpecker,966,16,16,18,18,30,27,24,29,26,28,56,36,41,43,25,32,29,18,48,55,34,43,41,61,41,53,56,56,48,49,19,34,28,46,45,49,41,33,43,41,49,54,40,85,56,102,83,52,59,77,78,53,62,58,55,97,58,80,82,62,72,56,53,136,127,91,89,78
Hairy Woodpecker,970,6,3,9,9,8,5,7,14,16,12,20,15,16,10,5,8,11,4,15,17,9,14,14,5,4,13,10,14,17,10,4,17,10,11,12,18,14,7,7,6,13,16,14,19,18,19,25,12,20,17,20,11,8,11,9,12,11,17,12,9,8,12,7,27,21,14,17,9
"Northern ""Yellow-shafted"" Flicker",982,15,11,16,33,29,29,12,14,29,43,36,31,23,43,16,17,45,5,42,48,81,84,77,69,53,59,68,58,42,50,52,61,48,43,52,52,50,48,47,26,31,38,27,28,31,43,41,24,38,16,20,15,11,17,17,19,12,25,9,12,10,12,12,16,11,8,9,6
Pileated Woodpecker,988,,1,1,3,3,1,3,,5,2,2,1,3,1,4,1,9,3,10,2,6,4,4,5,1,4,8,10,7,6,14,16,12,5,11,18,15,12,11,10,9,12,11,24,21,33,25,21,23,22,34,18,31,21,21,28,12,24,26,19,24,23,14,37,32,13,24,18
American Kestrel,1003,2,,,2,,1,,,,,,,,,,,1,,1,,1,1,,1,,2,1,3,1,1,2,,,2,1,1,,,1,,1,1,1,,,1,1,1,,,,,,,2,,,,,,,,,1,1,,,
Merlin,1005,,1,,,,,1,,,,,,,,,,,,,,,1,,,,,,,,,,,,,,,,,,,,,,,,,,,,,,,,,,,,,,,,,,,,,,
Peregrine Falcon,1011,,,,,,,,,1,,,,,,,,,,,,,,,,,,,,,,,,,,,,,,,,,,,,,,,,,,,,,,,,,,,,,1,,,,,,
Great Crested Flycatcher,1254,30,9,27,31,28,18,17,12,23,20,21,17,14,15,3,9,11,5,20,23,15,34,48,37,33,29,29,34,23,27,22,29,38,24,43,33,29,28,56,35,32,53,36,70,68,76,77,67,80,108,79,71,110,58,81,98,44,98,108,73,82,84,102,120,135,87,126,98
Eastern Kingbird,1283,39,34,76,55,66,46,50,62,74,61,29,48,31,19,10,5,12,15,46,75,44,79,85,70,48,39,49,45,41,73,49,93,45,50,68,80,43,34,44,33,22,28,51,68,60,57,40,41,38,52,39,34,27,26,21,24,16,19,24,28,15,12,20,58,49,18,19,31
Olive-sided Flycatcher,1296,,,,,,,,1,,,,,,,,,,,,,,1,,,,,,,,,,,,,,2,,,,,,,,1,,,,,,,,,,,,,,,,,,,,,,,,
Eastern Wood-Pewee,1301,28,17,45,22,37,49,26,31,23,48,14,21,33,16,,16,15,15,33,13,10,51,58,73,36,26,38,6,39,33,33,18,20,16,42,52,33,29,9,35,24,41,7,67,24,85,26,49,17,59,14,14,18,15,35,41,29,58,43,49,67,60,61,54,52,43,49,35
Yellow-bellied Flycatcher,1307,,,,,,,1,,,,,,,,,,,,,,,,,,,,,,,,,,,1,,,,,,,,,,,,,,,,,,,,,,,,,,,,,,,,,,
Acadian Flycatcher,1308,4,,16,16,23,21,21,2,10,17,31,21,14,22,,18,42,22,56,67,12,32,39,72,39,15,28,30,21,18,11,19,45,23,45,81,41,38,21,61,26,42,17,56,47,64,74,78,34,88,31,42,68,35,64,76,63,72,80,56,81,107,72,111,63,91,87,47
WILLOW FLYCATCHER,1310,,,,,,,,,,,,,,,,,,,,,,,,,,,,,,,,,,,,,,,,,,,,,,,,,,,,,,,,,,,,,1,,,,,,,
Least Flycatcher,1312,,,,,,,,,,,,,,,,,,1,,,,,,,,,,,,,,,1,,,1,,,,,,,,,,,,,,,,,,,,,,,,,,,,,,,,
Eastern Phoebe,1323,23,34,4,16,21,27,21,20,22,15,31,36,12,14,11,14,15,17,49,55,46,38,47,26,26,37,47,45,51,66,46,40,38,44,61,66,92,54,47,20,27,50,39,28,42,82,31,25,33,53,51,50,56,29,57,47,59,46,19,41,46,33,21,50,63,36,55,30
Loggerhead Shrike,1330,3,9,6,10,5,18,16,8,13,11,28,17,10,1,8,3,4,,4,4,2,2,2,2,2,,2,,,,,,,,,,,,1,,,,,,,,,,,,,,,,,,,,,,,,,,,,,
White-eyed Vireo,1345,14,6,12,25,18,19,17,13,15,30,18,14,20,30,29,25,49,25,43,94,79,41,64,59,40,75,86,88,45,83,46,76,61,50,62,64,48,28,36,29,33,18,38,33,20,52,35,26,35,44,21,40,35,35,23,33,17,29,35,42,22,43,31,84,97,55,91,78
Yellow-throated Vireo,1357,16,9,16,23,16,7,16,5,10,14,11,7,21,18,15,17,6,12,22,28,22,40,35,28,22,48,25,37,9,30,7,27,27,9,22,30,25,21,10,10,30,20,5,18,20,25,20,24,30,18,14,8,9,19,13,13,6,14,10,7,11,14,8,24,21,14,22,17
Blue-headed Vireo,1360,5,2,3,2,2,3,,,2,4,3,3,4,3,,3,,1,2,3,1,,,2,,2,7,,,1,2,4,3,6,2,3,3,3,3,1,1,3,1,4,7,13,9,9,7,8,1,2,4,8,3,4,1,10,4,5,,5,7,3,15,,,
Philadelphia Vireo,1362,1,,,,1,,,,,,,,,,,,,,,,,,,,,,,,,,,,,,,,,,,,,,,,,,,,,,,,,,,,,,,,,,,,,,,
Warbling Vireo,1363,,1,5,,2,,,,,,,,,,,,,,,1,,1,,,,,,,,,,,,,,,,1,,,,,,,,,,,,,,,,,,,,,,,,,,1,,,,
Red-eyed Vireo,1365,118,31,66,118,76,92,70,32,85,144,144,135,138,112,88,82,116,70,160,286,308,234,341,243,193,295,272,260,165,272,203,347,293,260,227,285,261,158,218,154,306,278,209,422,338,339,350,262,346,273,189,251,264,245,222,205,148,205,163,149,205,195,191,374,305,227,226,190
Blue Jay,1387,55,44,78,55,149,142,85,55,127,158,191,154,283,116,96,106,137,63,189,263,269,283,270,257,229,431,526,356,237,196,173,372,173,197,299,160,247,123,179,112,196,227,137,182,167,239,208,141,340,155,132,167,163,121,160,166,92,166,144,93,112,121,97,189,156,116,105,49
American Crow,1400,51,104,74,67,117,73,46,37,92,58,200,112,83,100,39,54,80,63,94,213,236,192,234,230,201,311,222,262,224,300,217,294,207,291,211,268,295,188,266,199,236,305,287,388,436,414,348,222,277,281,320,308,264,250,249,308,152,221,298,243,284,175,157,211,263,180,241,134
Fish Crow,1409,,,,,,,,,,,,,,,,,,,,,,,,,5,2,1,2,,2,2,1,2,4,9,6,36,13,14,8,16,23,24,24,29,55,36,14,54,75,49,42,50,64,68,54,24,65,81,35,40,53,29,79,72,83,55,50
Common Raven,1412,,,,,,,,,,,,,,,,,,,,,,,,,,,,,,,,,,,,,,,,,,,,,,,,,0,,,1,,,,,,,,,,,,,,,,
Horned Lark,1417,2,,,,,,,,,,,,,,,,,,,,,,,,,,,,,,,,,,,,,,,,,,,,,,,,,,,,,,,,,,,,,,,,,,,
Bank Swallow,1418,4,13,,,,,,,,,,,1,,,,,,,,,,,3,12,,1,5,2,30,,2,,,,,,7,,,,,5,,,,21,,,1,,,,1,,,,,,5,2,,,,,,,
Tree Swallow,1419,,5,,20,20,1,60,210,9,,102,8,8,86,14,,4,3,26,58,15,10,4,4,6,20,3,15,83,158,10,8,2,2,3,1,10,11,6,,70,3,32,6,30,6,28,8,7,12,38,13,11,15,13,13,7,8,13,125,16,3,16,15,14,7,21,20
N. Rough-winged Swallow,1427,8,11,5,13,8,9,21,37,25,3,11,4,7,40,7,3,9,37,16,25,32,22,43,34,20,25,24,16,34,98,35,55,24,34,32,32,29,29,45,36,113,24,45,40,50,40,54,20,39,48,77,35,70,34,59,61,35,66,89,153,254,61,51,78,73,65,39,41
Purple Martin,1432,48,23,13,47,40,26,33,105,30,19,7,1,10,23,10,25,21,,11,16,25,165,112,177,116,106,55,61,32,81,62,154,44,35,32,58,52,15,16,25,21,29,28,30,34,49,52,42,48,57,34,53,57,97,57,59,61,53,30,29,19,10,17,59,17,25,60,40
Barn Swallow,1436,4,5,3,20,36,51,54,356,15,28,66,10,15,111,21,10,47,51,74,134,70,91,139,95,192,118,117,138,227,199,84,164,62,59,104,88,73,85,93,78,154,114,108,55,138,95,175,63,82,55,175,47,77,64,79,49,56,44,56,93,179,46,82,92,101,77,52,83
Cliff Swallow,1438,,2,,,,,,,,,,,,,,,,,,,,,,,,,,,,2,,,,,4,4,17,,3,3,,12,3,,26,2,11,7,3,12,2,1,3,4,39,2,,,1,17,62,15,13,28,8,3,2,5
Carolina Chickadee,1440,55,33,56,63,66,52,43,43,70,78,101,104,76,76,48,95,85,63,139,156,184,208,207,205,183,290,294,192,211,198,162,219,169,259,228,261,254,163,195,149,260,273,282,439,366,482,359,203,297,341,279,272,225,287,295,314,143,262,288,215,237,182,156,260,283,269,274,119
Tufted Titmouse,1450,48,44,51,44,50,37,57,47,63,67,109,86,84,60,72,78,60,46,113,145,165,152,209,139,138,253,286,211,129,190,168,230,183,218,195,230,306,176,296,207,341,346,253,527,379,512,500,291,415,361,325,367,319,348,416,429,208,341,398,318,365,330,280,382,356,357,337,274
Red-breasted Nuthatch,1454,,,,,,,,1,,2,,,1,4,,,,,,1,,,,,,3,,,,,,,1,1,,,,,,,,,,,,,,,,,,1,,,,,,,,,,,,,4,,,
White-breasted Nuthatch,1455,20,14,26,23,23,18,23,19,20,28,27,24,19,24,10,19,14,9,25,27,29,33,28,23,35,34,30,30,28,42,20,30,28,16,12,17,30,12,20,8,28,41,21,69,60,75,97,47,44,52,38,44,38,52,48,62,36,46,49,21,38,43,23,70,56,50,65,20
Brown-headed Nuthatch,1457,12,9,5,9,10,4,5,6,12,20,19,22,17,16,17,24,18,22,18,28,16,29,34,20,25,20,23,12,33,20,18,16,18,34,27,37,49,22,36,18,48,54,36,50,61,97,85,63,50,78,67,72,78,52,83,92,44,96,75,64,92,59,52,104,108,79,81,50
Brown Creeper,1458,,,,,,1,,,,1,1,,,3,,,1,,,,,1,1,2,,,,,,,,,,,,,,,1,,,,,1,,,,,,,,,,,,,,,,,,,,,,,,
House Wren,1466,14,2,2,2,1,2,8,1,3,7,9,13,8,10,3,3,4,4,8,27,14,18,29,22,20,22,33,18,13,26,26,19,17,7,35,38,13,9,21,6,23,31,32,29,25,35,27,30,45,61,48,58,36,45,15,33,14,20,33,40,29,29,18,39,38,33,18,20
Winter Wren,1472,,,,,2,,,,,,,,,,1,,,,,,,,,,,,,,,,,,,,,,,,,,,,,,,,,,,,,,,,,,,,,,,,,,,,,
Sedge Wren,1474,,,,,1,,,,,,,,,,,,,,1,,,1,,,,,,,,,,,1,,,,,,,,,1,1,,,,,,,,,,,,,,1,,,,1,,,,,,,
Marsh Wren,1475,,12,,,1,,,,,,,,,,,,,,,,,1,,,,,,,,,,,,,,,,,1,,,,,,,,,,,,,,,,,,1,,,,,,,,,,,1
Carolina Wren,1476,51,50,49,33,42,50,35,43,57,71,75,87,64,69,41,74,62,92,169,301,180,150,189,135,145,189,212,195,187,234,214,270,199,257,260,318,439,235,318,145,235,356,355,346,445,447,407,495,512,585,373,415,346,418,391,442,286,392,351,235,366,298,367,460,452,397,414,366
Bewick's Wren,1477,,,,,,,,,,,1,,,,,,,,,,,,,,,,,,,,,,,,,,,,,,,,,,,,,,,,,,,,,,,,,,,,,,,,,
Blue-gray Gnatcatcher,1511,13,16,14,25,44,24,19,19,22,50,36,48,50,69,45,94,67,41,99,149,125,131,161,137,106,206,223,167,118,129,85,140,147,123,219,268,293,168,254,161,296,235,229,376,280,477,427,315,345,359,331,338,339,233,198,220,128,256,241,192,222,189,194,401,244,218,200,189
Golden-crowned Kinglet,1523,,,,,,,,,,,,,,,,,,,,,,,,,,,,,,,,,,1,,,,,,,,,,,,,,,,,,,,,,,,,,,,,,,,,,
Ruby-crowned Kinglet,1524,,2,1,,12,2,,4,2,,10,1,,7,16,1,1,,20,29,13,1,5,,1,7,13,27,16,9,12,13,6,,1,2,4,1,14,,4,5,15,,2,,7,1,43,3,7,3,7,4,,,,,,,,1,,6,29,2,1,
Eastern Bluebird,1567,59,86,29,24,35,33,54,42,78,93,129,112,48,50,47,64,79,19,88,133,188,192,287,196,159,181,155,120,221,231,213,227,173,200,185,202,163,132,161,162,141,189,234,241,291,285,250,197,240,247,169,273,149,177,259,202,174,189,156,111,204,153,180,240,248,211,202,115
Veery,1590,1,1,2,,4,,,1,2,2,6,,,2,1,,3,4,11,6,3,16,10,2,1,2,3,8,4,4,2,3,3,1,4,,1,2,1,2,2,4,9,2,,,3,,7,5,4,,6,10,2,1,1,3,1,6,11,,2,35,23,9,2,
Gray-cheeked Thrush,1591,,,9,,,,,,,,,,1,,,,,,,,,1,,1,,,,,,,,,,,,,,,,,1,,1,,2,,,,0,,,,,,,3,,2,,,,,,2,,1,,
Swainson's Thrush,1593,1,2,3,1,4,1,1,2,1,1,2,6,3,3,1,6,7,1,14,4,,12,5,23,3,1,6,18,7,6,1,2,3,1,16,9,9,9,3,18,8,12,5,10,,4,,1,17,9,8,6,17,17,9,9,4,32,3,19,17,9,6,33,13,38,6,7
Hermit Thrush,1594,,1,2,,,,,,,,,,,2,,,,,,,1,,,,,,1,2,3,1,1,1,1,1,,,1,,,,,,1,,,,4,,0,1,,,,,1,,,,,,2,,,,,,,1
Wood Thrush,1595,60,70,96,119,96,115,59,55,125,142,95,141,145,95,40,76,117,79,139,206,179,196,233,151,130,198,140,170,155,108,116,133,102,77,72,140,156,60,105,51,75,122,60,149,136,160,163,101,95,117,103,65,90,52,62,37,36,65,52,42,38,40,30,57,35,43,32,24
American Robin,1614,48,77,48,59,181,78,90,82,100,115,142,106,93,164,83,103,113,76,82,214,207,212,273,332,245,372,296,277,262,257,201,291,258,296,283,253,289,297,266,215,258,345,258,361,371,418,407,269,230,287,220,234,257,209,323,333,150,318,210,184,228,130,214,194,192,181,175,111
Gray Catbird,1625,57,36,48,28,28,48,38,50,70,59,63,60,36,33,5,21,39,56,46,100,31,79,99,67,59,103,55,69,80,98,54,70,106,51,34,72,112,33,72,48,81,88,57,63,93,86,111,59,112,119,117,77,109,92,85,80,32,79,44,78,66,50,44,187,166,70,45,43
Brown Thrasher,1633,21,37,25,53,38,52,27,29,69,61,56,58,49,41,35,15,32,43,52,88,61,95,81,80,71,66,73,63,48,36,42,44,35,34,44,45,72,40,64,49,52,73,75,90,83,144,88,65,72,86,61,67,66,62,59,59,33,58,47,63,44,58,63,55,67,52,46,29
Northern Mockingbird,1645,32,53,88,124,113,119,111,77,197,186,196,163,84,113,64,87,76,44,97,205,258,251,369,235,191,275,209,173,181,164,159,186,168,219,171,201,203,102,191,152,147,214,198,278,195,291,197,218,184,219,149,195,141,170,221,179,110,158,130,103,109,104,108,114,147,118,136,80
European Starling,1646,37,41,44,106,82,89,97,113,166,89,263,97,113,104,71,110,108,97,165,347,293,359,477,372,472,347,448,303,409,316,270,306,271,320,349,498,424,337,622,240,275,448,338,329,397,328,317,227,350,187,158,157,160,179,228,211,116,140,149,106,180,134,232,173,164,184,212,124
Cedar Waxwing,1649,19,50,120,53,88,15,,59,87,11,55,5,43,25,32,7,,28,107,69,72,291,173,335,340,146,141,30,173,31,71,39,308,150,45,182,69,88,40,27,44,168,225,38,299,177,253,190,104,115,156,102,119,51,58,159,99,100,25,89,114,58,25,338,133,114,98,169
House Sparrow,1679,34,53,33,63,49,79,73,73,183,65,150,108,110,55,36,61,29,56,95,205,216,256,321,215,342,311,294,303,214,251,194,281,178,169,88,103,227,63,71,51,77,113,59,128,111,114,139,56,102,98,71,37,65,33,65,48,45,30,60,13,13,45,92,58,39,56,37,39
American Pipit,1689,,,,,,1,,,,2,,,,,,,,,6,2,,,1,2,,,,,5,,,,,,3,,,,,,,,,,,,,,,,,,,,,,,,,,,,,,,,,
Evening Grosbeak,1712,8,,14,6,,2,,4,,33,,,25,127,,32,3,,3,131,5,77,4,12,3,137,,131,,2,37,3,,,,,,,,,,1,,,,,,,,,,,,,,,,,,,,,,,9,,,
House Finch,1761,,,,,,,,,,,,,,,,,,,,,,,,,2,,2,3,7,48,18,70,78,110,192,169,273,115,157,88,149,103,171,256,250,394,210,177,165,202,149,254,190,121,198,196,69,95,132,113,144,187,118,107,131,132,184,156
Purple Finch,1762,,,,,,,,3,,,13,,2,2,4,,1,,,2,1,,,,1,8,2,9,,,15,,,,,5,,10,,,,5,,,,,,,,,,,,,,,,,,,,,,,,,,
Red Crossbill,1769,,,,,,,,,,,,,,4,,,,,,,,,,,,,,,,,,,,,,,,,,,,,,,,,,,,,,,,,,,,,,,,,,,,,,
Pine Siskin,1775,58,,,,,,,41,,99,,,4,38,,9,8,66,,29,,38,,,50,65,,47,3,,207,48,1,6,,,2,10,,,,,,,,,,,4,,,9,14,,3,,72,,13,1,,0,2,,67,,,
American Goldfinch,1783,122,,,,,,142,256,116,127,113,192,195,37,137,264,192,268,228,357,386,375,379,175,260,410,322,672,170,456,215,670,243,342,477,352,373,203,298,219,277,325,305,374,385,556,593,414,554,471,399,445,312,190,304,263,147,200,333,214,242,177,166,219,334,157,264,162
Bachman's Sparrow,1814,,,,,,,,,,,,,,,,,,,,,,,,,,,1,,,,,,,,,,,,,,,,,,,,,,,,,,,,,,,,,,,,,,,,,
Grasshopper Sparrow,1815,6,3,2,7,4,3,3,,2,1,,1,,1,,1,,1,3,,3,,2,9,,5,1,,1,,1,1,1,,7,4,17,5,12,2,,6,5,5,6,7,,6,,1,,7,2,,,3,,,,,,1,,,,1,1,1
Chipping Sparrow,1823,92,89,98,141,136,88,126,83,148,108,129,102,69,107,109,58,36,18,85,167,133,133,136,112,93,169,188,224,96,148,128,165,157,158,122,108,212,87,114,70,77,129,127,173,196,275,176,167,248,195,156,248,151,206,174,212,129,157,219,148,223,200,195,228,258,221,215,166
Field Sparrow,1826,63,30,20,15,23,19,17,36,54,43,74,28,16,66,77,31,66,35,89,139,118,59,68,57,66,154,58,54,40,32,67,55,64,47,36,65,68,25,42,32,30,23,58,21,18,26,32,12,26,20,20,21,10,4,10,16,5,15,19,12,14,15,6,18,10,6,3,
Fox Sparrow,1835,,,,,,,,,,,,,,,1,,,,,,,,,,,,,,,,,,,,,,,,,,,,,,,,,,,,,,,,,,,,,,,,,,,,,
"Dark-eyed ""Slate-colored"" Junco",1839,,,,,,,,,1,,2,1,,,1,,,,,,,1,,,,,4,,,,,1,1,,,,,,,,,,,,,,,,1,,,,,,,0,,,,,,,,,,,,
White-crowned Sparrow,1843,,,,,,,,2,,,,,,1,1,1,6,4,14,25,6,3,1,,1,1,2,,,3,,1,,,,,,,,,,,,,,,,,,,1,,2,,,,,,,,,,,,,,,1
White-throated Sparrow,1846,91,18,74,100,133,145,25,128,69,70,217,89,79,262,230,38,107,182,201,540,205,165,137,27,36,221,254,446,46,127,85,254,214,76,30,105,80,10,98,3,39,8,214,3,7,14,38,8,266,37,39,32,36,27,9,1,5,3,5,10,1,0,,23,79,4,5,20
Vesper Sparrow,1850,,,,,,2,,2,,,,,,,1,1,,,1,1,,1,,,,,,,,,,,,1,,,,,,,,,,,,,,,,,,,,,,,,,,,,,,,,,,
Henslow's Sparrow,1856,1,1,3,,1,1,,,,,,,,,,,,,,,,,,,,,,,,,,,,,,,,,,,,,,,,,,,,,,,,,,,,,,,,,,,,,,
Savannah Sparrow,1857,13,3,,10,3,2,8,19,4,6,14,6,17,44,5,6,4,2,23,5,9,7,6,6,8,3,10,27,22,4,5,5,2,11,1,1,29,4,9,,2,3,6,,3,,2,4,4,4,7,7,1,3,2,,6,2,,3,1,,,2,5,7,,3
Song Sparrow,1859,6,3,4,1,12,2,,6,1,3,2,1,,3,5,2,4,,3,2,11,,,2,1,4,6,12,5,1,2,6,4,13,7,8,8,1,3,1,6,11,9,27,21,29,53,51,49,57,59,46,50,50,69,56,29,27,55,49,37,58,59,23,54,52,27,48
Swamp Sparrow,1861,3,,2,2,,,1,3,5,,22,11,6,6,1,2,8,14,13,21,10,11,4,10,7,24,4,14,7,14,14,7,15,3,1,11,15,2,5,1,10,5,9,2,6,3,2,2,13,4,22,6,5,4,6,1,1,,2,6,2,,,3,19,3,1,14
Eastern Towhee,1877,23,15,32,59,41,39,36,71,77,81,124,116,94,97,108,71,94,70,94,196,259,174,184,171,172,245,274,215,137,130,129,131,133,149,139,163,194,116,195,114,190,221,175,243,242,361,342,255,268,291,237,283,231,205,180,175,79,231,196,153,149,154,121,154,140,107,128,83
Yellow-breasted Chat,1897,53,26,20,22,39,38,44,15,31,36,42,51,36,21,2,42,34,26,33,84,58,73,75,65,48,58,42,55,52,46,38,40,39,54,51,82,66,35,45,39,59,47,35,72,56,57,55,47,33,41,40,41,33,30,40,33,26,27,25,13,29,20,29,38,21,16,33,37
Bobolink,1899,50,,12,80,,400,50,500,2,350,,27,1,,,1,1,5,244,116,163,376,574,274,301,130,54,130,75,251,570,180,169,43,88,153,103,100,320,55,72,484,40,50,37,,160,75,5,5,35,2,,,47,,14,20,,16,3,,10,180,16,15,,70
Eastern Meadowlark,1900,64,27,82,52,67,132,144,155,234,90,136,111,77,120,68,53,72,56,163,157,193,150,160,105,101,207,123,129,90,76,133,88,51,54,56,79,60,37,34,16,15,31,39,23,16,27,12,12,3,33,16,12,6,18,12,13,18,13,10,6,8,9,14,13,11,13,14,7
Orchard Oriole,1921,2,2,9,6,12,9,2,1,4,6,5,8,5,4,,2,4,3,12,19,11,19,33,12,7,18,11,21,7,22,11,16,17,7,20,15,8,14,7,11,9,21,16,22,21,31,17,15,18,23,41,14,18,28,19,21,12,13,25,15,17,7,17,50,43,18,31,17
Baltimore Oriole,1934,,1,,4,4,1,,2,3,7,1,4,2,2,4,2,5,2,6,9,2,4,11,2,12,5,4,6,3,1,3,1,9,1,3,3,1,1,3,4,17,5,8,2,4,1,10,,3,7,3,6,,2,1,,1,,,4,3,,1,3,3,2,2,
Red-winged Blackbird,1938,81,33,24,40,52,94,60,103,87,150,191,158,73,137,82,39,63,49,171,199,270,244,223,143,117,332,162,161,161,166,128,210,251,193,119,146,151,111,145,107,91,94,72,108,169,125,160,82,78,91,154,86,85,76,99,73,39,69,98,32,38,34,41,102,118,42,75,53
Brown-headed Cowbird,1945,,2,31,26,13,23,36,21,19,50,74,65,36,48,61,58,39,33,35,52,97,92,123,88,72,73,89,127,57,71,80,99,73,87,116,97,156,121,67,99,81,74,63,116,150,161,200,92,204,164,176,165,126,149,157,165,73,149,113,90,135,128,144,199,161,133,127,102
Rusty Blackbird,1949,,,,,,2,,3,,6,1,,4,2,12,1,2,,22,11,2,1,2,,,8,,1,,,5,,,,1,,13,,,,1,1,,,,,,,,,,,,10,,,,,,1,,,,,,,,
Brewer's Blackbird,1950,,,,,,,,,,,,,,,,,,,,,,,,,,,,,1,1,,,,,,,,,,,,,,,,,,,,,,,,,,,,,,,,,,,,,,
Common Grackle,1951,,1,,7,1,32,7,6,31,86,189,97,68,196,144,152,156,133,251,472,576,299,427,363,392,613,626,543,452,481,414,529,446,404,420,382,702,412,456,384,326,442,276,391,466,390,338,330,297,323,318,243,157,144,134,194,187,195,229,183,199,96,104,135,108,94,141,80
Ovenbird,1959,22,16,14,22,26,31,8,20,13,23,35,27,34,17,4,7,23,13,34,69,54,50,65,54,31,84,79,86,35,49,30,60,60,66,95,73,133,52,80,41,70,69,70,108,116,138,153,96,178,141,124,104,134,141,83,93,81,127,95,121,92,78,56,104,103,40,47,50
Worm-eating Warbler,1960,4,1,,,,,2,,,2,,,4,4,1,,2,,,2,,1,,,,3,3,7,1,2,,,1,1,,,4,,1,,4,,2,,1,1,1,3,11,3,2,1,0,9,,1,1,,1,2,1,2,,1,2,1,,
Louisiana Waterthrush,1961,1,4,5,8,10,10,6,1,5,5,11,7,6,9,6,8,10,5,19,32,20,14,19,21,22,11,19,12,11,12,8,4,6,8,9,15,16,19,19,10,7,14,11,13,13,30,29,19,15,7,16,11,17,13,9,20,8,21,11,18,31,18,13,20,16,9,15,14
Northern Waterthrush,1962,2,,,,1,1,,,,1,3,7,19,16,3,1,10,15,16,25,2,13,23,15,9,4,10,6,2,17,2,14,7,1,3,2,3,3,5,3,9,1,6,10,4,14,6,6,7,,22,4,6,8,2,10,4,15,2,12,18,3,4,16,23,10,6,4
Golden-winged Warbler,1964,1,,,,,,,,3,2,,,,3,,,2,,21,2,,,,,,,2,,,1,,,,,,,,,,,,,,,,,,,,,,,,,,,,,,,,,,,,,,
Blue-winged Warbler,1965,,,,,2,,,,1,8,1,,2,6,,2,1,3,,7,6,2,9,,,8,7,6,1,6,2,6,7,2,,4,5,,4,,4,,12,,,,,,4,,1,2,,1,,,,,2,,,,1,2,2,,,
Black-and-white Warbler,1966,7,3,5,12,4,5,5,11,8,22,11,23,13,36,3,21,21,16,60,60,15,26,56,22,14,37,73,45,41,24,13,7,27,21,30,24,47,25,22,9,45,22,34,10,22,32,50,18,82,18,31,24,32,25,31,17,9,22,4,35,15,10,3,93,55,32,8,12
Prothonotary Warbler,1967,2,4,9,4,3,6,7,2,2,9,16,16,11,11,4,12,21,13,11,19,12,5,13,17,7,19,11,19,10,29,11,20,43,10,11,39,21,25,34,18,20,7,14,36,37,47,35,35,52,53,51,49,36,45,23,32,34,29,45,23,29,14,22,46,57,18,23,28
Swainson's Warbler,1968,,,,,,,,,2,,,,,,,,,,,,,,,,,,1,,,,2,1,,,12,,,,,,,,,,,1,,,,,,,,,,,,,,,,,,,,,,
Tennessee Warbler,1971,,,,,1,,,,,2,,,,,,,,1,,1,,,,,,,,,,,,,1,,,,,,,,,,,,,,,,1,,,,,,,,,,,,,,,,,1,,
Orange-crowned Warbler,1972,,,,,,1,,,,,,,,,,,,,,,,,,,,,,,,,,,,,,,,,,,,,,,,,,,,,,,,,,,,,,,,,,,,,,
Nashville Warbler,1975,,,,,,,,,,,,,,,,,,,1,,1,,,,,,,1,,,,,,,,,,,,,,,,,,,,,1,,,,,,,,,,,,,,,,,,,
Kentucky Warbler,1982,5,5,9,4,11,13,3,2,11,6,9,13,14,17,6,8,8,9,,21,10,14,22,24,24,16,18,17,19,7,16,11,10,4,11,17,6,14,3,9,9,6,5,10,5,3,9,3,2,8,5,2,6,8,7,4,3,,1,8,8,,5,2,4,1,1,
Common Yellowthroat,1988,29,8,35,37,23,28,52,18,59,30,34,62,46,58,56,88,75,102,122,185,115,170,150,115,103,132,106,104,130,94,74,92,103,77,135,145,133,74,98,75,140,103,99,103,142,149,137,163,123,101,173,118,103,72,95,117,98,133,101,125,108,50,56,124,203,124,85,133
Hooded Warbler,1994,16,14,18,22,20,20,20,19,11,22,23,21,27,23,10,13,16,10,36,44,17,16,48,36,31,68,75,80,47,49,29,57,22,32,45,65,42,28,35,35,39,33,37,65,58,70,74,55,61,50,39,46,52,49,29,31,39,23,31,31,32,38,28,47,65,27,29,19
American Redstart,1995,20,11,24,48,43,54,55,36,31,70,53,51,55,35,34,29,102,64,87,113,32,111,126,57,75,50,70,52,36,73,51,84,78,36,53,46,55,57,36,35,81,36,35,53,36,83,59,54,63,35,61,31,43,36,43,56,53,58,15,44,50,20,21,41,37,62,49,22
Cape May Warbler,1997,14,2,3,8,6,1,,4,4,2,,3,2,11,,2,2,,1,17,10,20,34,5,1,9,7,18,5,12,,,,,5,4,,1,1,1,,1,,,,,1,,1,2,1,4,,2,1,,,,,,,,,4,2,1,,
Cerulean Warbler,1998,,,,,,,,,,,,,,,3,,3,,,,,,,,,,,,,1,1,,,,,,,1,,,,,,,,,,,,,,,,,,,,,,,,,,,,,,
Northern Parula,1999,17,5,9,27,,17,16,4,18,29,7,34,33,46,16,27,22,14,46,59,36,75,94,41,69,65,110,107,66,64,26,52,58,46,82,106,79,63,62,38,84,66,65,52,94,98,180,79,118,90,132,134,143,136,72,71,69,113,80,81,81,82,68,234,231,132,83,75
Magnolia Warbler,2001,4,1,,1,1,1,,2,,2,,1,,3,,,1,1,1,1,,7,,1,3,1,,3,,7,,1,2,,2,3,5,4,,2,,4,1,6,1,3,4,2,,7,,1,,,1,2,2,6,,11,14,1,1,2,6,9,,
Bay-breasted Warbler,2002,,,,,,,,1,,,,,,1,,,,,,,,4,,,,,,,,,,,,,5,2,1,,,,3,,,,,3,,,1,,,,,,,,,1,,,,,,2,,,,
Blackburnian Warbler,2003,,,,,,,,,6,,,,,,,,,,1,1,1,2,,1,1,,2,1,1,,,,1,,1,2,,1,,,1,,1,,2,,,,,,1,,,,,0,,,,,1,,,1,,1,,
Yellow Warbler,2004,7,1,7,2,3,,3,3,4,8,12,8,5,8,5,7,3,7,17,5,4,22,13,10,4,12,9,7,8,16,6,4,9,5,7,10,2,3,5,9,13,33,11,6,2,14,10,,12,8,28,8,3,9,7,6,1,6,3,7,15,3,9,6,17,9,2,5
Chestnut-sided Warbler,2005,2,1,1,3,3,2,2,2,2,1,,4,1,3,,,,,,,,2,1,1,2,1,,6,2,3,,2,3,1,3,3,,,,,8,3,6,3,,,4,1,1,6,,2,,,1,1,,,1,4,6,,0,1,2,4,4,
Blackpoll Warbler,2006,15,3,1,1,,2,1,,4,6,,,35,,,,1,4,3,5,1,86,31,14,18,1,8,2,3,4,1,,,,4,,4,2,,2,6,23,,6,,20,6,7,4,,30,3,1,5,6,5,14,7,2,3,8,4,,9,,6,2,2
Black-throated Blue Warbler,2007,5,4,8,21,12,11,14,7,12,7,10,16,10,29,2,29,13,12,31,30,2,22,39,3,17,17,64,39,12,15,15,2,19,14,47,29,22,31,25,8,63,24,50,4,24,39,114,41,86,87,119,78,90,76,68,15,22,59,5,97,36,7,5,112,129,57,5,19
Palm Warbler,2008,2,,,,,,,,2,,1,1,,,1,,,2,5,3,1,,2,,,1,1,7,5,6,,,2,2,,2,,,,,,1,2,,,1,1,1,4,1,2,,,1,,1,,,,2,1,,,,,2,,1
Pine Warbler,2010,23,14,15,15,21,10,7,5,9,17,37,20,31,14,15,17,25,21,58,120,109,49,74,47,34,97,104,105,67,77,42,69,77,122,155,122,128,85,121,51,132,171,154,211,216,272,146,177,166,201,141,164,124,169,127,142,88,145,158,113,123,109,117,212,171,137,151,112
Yellow-rumped (Myrtle) Warbler,2011,202,28,42,38,121,23,70,111,103,105,294,47,24,90,251,174,32,103,249,253,65,182,318,38,61,428,366,619,275,174,55,237,191,138,186,325,233,58,144,8,162,21,351,4,24,46,118,17,303,83,85,93,50,77,16,,6,20,5,27,10,2,4,81,130,30,1,17
Yellow-throated Warbler,2012,22,15,12,46,30,27,20,23,19,24,27,26,11,13,8,20,9,11,30,53,31,31,49,36,32,55,47,46,26,51,22,54,31,21,36,42,38,15,18,13,30,24,22,19,13,28,32,18,22,26,26,22,23,24,13,20,12,22,25,11,17,19,17,52,82,22,47,37
Prairie Warbler,2015,33,23,38,50,47,45,36,35,45,51,87,19,5,26,15,32,21,14,39,78,54,25,41,29,21,33,51,36,15,17,13,34,22,35,42,55,46,31,49,28,62,45,52,41,30,33,47,34,36,32,32,37,33,34,27,24,13,21,28,18,19,25,16,22,36,27,22,14
Black-throated Green Warbler,2024,,1,1,1,1,,,1,3,1,1,3,,,,2,1,1,1,3,,6,3,,,,,3,,5,,1,,,1,3,,,,,6,1,2,,1,3,13,,2,1,2,5,2,2,,1,,0,,,3,,1,,2,,,
Canada Warbler,2034,1,1,,,,,,,,,,2,1,,,,2,,1,,,5,1,,,,1,,,1,,,,,,,,2,,,,1,,2,,,,,,1,,,,,,0,,,,,1,,,,,,,
Wilson's Warbler,2035,,,,,,,,,,,,,,,,,,1,,,,,,,,,,,,,1,,,,,,,1,,,,3,,1,,,,,,,,,,,,0,,,,,1,,,,1,,,
Summer Tanager,2045,46,18,62,38,44,36,28,34,49,55,49,56,51,26,17,27,24,10,30,39,27,56,92,41,50,43,63,76,47,53,32,65,54,55,71,75,67,48,46,45,68,68,36,112,130,106,122,107,107,143,106,106,130,74,71,88,77,113,132,84,98,123,122,179,152,114,109,94
Scarlet Tanager,2046,17,16,25,34,32,27,10,19,30,22,13,14,10,29,16,9,20,12,26,48,33,46,94,45,31,45,63,46,43,61,37,59,39,21,43,71,41,39,51,16,92,63,42,51,46,67,95,46,67,73,49,40,50,56,44,32,28,31,37,26,35,24,33,70,56,34,15,21
Northern Cardinal,2059,140,132,186,129,235,217,182,182,216,305,400,315,267,264,204,220,214,237,271,576,473,434,532,356,422,493,548,474,327,428,386,499,420,470,444,485,552,369,449,395,450,545,504,728,776,1001,801,628,818,846,624,666,679,650,688,590,330,645,682,495,590,553,523,816,753,640,479,476
Rose-breasted Grosbeak,2063,1,5,4,3,3,4,3,2,7,4,3,1,1,5,1,1,4,2,5,7,3,13,24,6,3,9,13,17,10,5,7,7,12,,12,3,3,3,2,3,12,2,10,1,,3,26,1,12,8,23,12,3,3,,4,1,2,1,7,3,1,,30,14,3,2,3
Blue Grosbeak,2070,11,10,41,15,22,20,17,17,11,6,19,11,20,12,2,20,10,9,46,55,52,43,73,48,29,35,22,36,62,65,56,38,69,24,80,48,23,37,31,51,28,47,35,58,57,49,51,49,42,28,44,37,31,41,38,33,22,28,30,28,48,39,40,54,46,28,56,48
Indigo Bunting,2072,22,55,77,34,43,48,90,42,78,43,54,114,61,23,1,74,104,82,126,159,126,184,203,186,160,85,129,72,238,150,134,135,164,123,256,223,146,146,143,170,136,238,152,264,267,278,218,224,117,198,112,162,123,101,184,177,150,145,166,137,144,144,127,161,136,143,170,143
DICKCISSEL,2077,,,,,,,,,,,,,,,,,,,,,,,,,,,,,,,,,,,,,,,,,,,,,,,,,,,,,,,,,,,,,1,,,1,,,,