English Name (BirdLife > IOC > Clements>AviList),AviList v1 2025,RR,ISL,RLM,LAT,Female MinMass,Female MaxMass,Male MinMass,Male MaxMass,Unsexed MinMass,Unsexed MaxMass,Average Mass,Xmin,NormMin,Elevational Range,NormMax,Xmax,F,BM,WD,SH,SV,G,PL,R,D,A,RV,C,W,SE,O,O- DESC,Primary Habitat,HB,Primary Diet,IN-Wt,FR-Wt,NE-Wt,SE-Wt,VE-Wt,FI-Wt,SC-Wt,PL-Wt,MS-Wt,SUM-Wt,Desc,DB,Diet_Lit,ESI,Social_1,Social_2,Social_3,Social_4,Social_5,Social_6,Mono,Poly,Coop,Nest_Type,Nest_SBS,Brd1,Brd2,Clutch_Min,Clutch_Max,Incu_Sex,Incu1,Incu2,Fldg1,Fldg2,Para.1,Para.2,BrS1,BrS2,Prod1,Prod2,Flightlessness,Mig,Alt,Irreg,Disp,Sed,Beak.Length_Culmen,Beak.Length_Nares,Beak.Width,Beak.Depth,Tarsus.Length,Wing.Length,Kipps.Distance,Secondary1,Hand-Wing.Index,Tail.Length,Mass,Mass.Source,Mass.Refs.Other,Inference,Traits.inferred,Reference.species,Habitat,Habitat.Density,Migration,Trophic.Level,Trophic.Niche,Primary.Lifestyle,nameCode,migDistanceKM,Final_Fraction_Diet_Wt
Northern Bobwhite,Colinus virginianus,0,0,LN,2,164,240,155,255,129,233.1,196.01666666666665,NA,0,2500,2500,NA,NA,NA,1,3,NA,NA,NA,NA,NA,2,NA,NA,NA,NA,NA,NA,Woodland,3,Seed,2,0,0,8,0,0,0,T,0,10,NA,2,1,1.2218487496163564,0,1,0,0,0,0,1,1,0,SC,G,1,2,10,15,F,23,23,14,14,1,1,NA,NA,NA,NA,No,NA,1,1,1,1,14.9,8.6,7,8.4,29.6,109.8,30.3,79.4,27.6,56.8,171.9,Dunning,NA,NO,NA,NA,Human Modified,2,1,Herbivore,Omnivore,Terrestrial,norbob,0,0.1756
Mourning Dove,Zenaida macroura,0,0,N,2,86,156,96,170,NA,NA,127,NA,0,2500,2500,NA,NA,NA,4,NA,1,NA,5,NA,NA,2,3,NA,NA,NA,NA,NA,Savanna,5,Seed,T,0,0,10,0,0,0,T,0,10,NA,1,1,1.3010299956639813,NA,NA,NA,NA,NA,NA,NA,NA,1,NA,"G,S,T",NA,NA,2,2,NA,15,15.5,11,15,0,0,NA,NA,NA,NA,No,1,NA,NA,NA,1,19.6,9.3,2.7,3.4,19.6,144.4,53.1,91.6,36.6,122.2,118.9,Dunning,NA,NO,NA,NA,Human Modified,3,1,Herbivore,Granivore,Terrestrial,moudov,633.4792475995417,0
American Woodcock,Scolopax minor,0,0,N,3,151,279,116,222,NA,NA,192,NA,0,500,500,NA,1,NA,2,4,NA,NA,NA,NA,NA,3,NA,NA,NA,NA,NA,NA,Forest,4,Invertebrate,8,0,0,2,T,0,0,T,0,10,NA,2,1,1.0969100130080565,NA,NA,NA,NA,NA,NA,0,1,0,NA,NA,NA,NA,3,4,F,20,22,14,15,0,0,50,89,NA,NA,No,1,NA,NA,NA,NA,71.9,60.6,6.4,9.4,31.3,129.8,40,90.8,30.6,63.4,196.3,Dunning,NA,NO,NA,NA,Forest,3,3,Carnivore,Invertivore,Terrestrial,NA,NA,NA
Red-headed Woodpecker,Melanerpes erythrocephalus,0,0,N,3,NA,NA,NA,NA,56.1,97,76.55,NA,0,2400,2400,NA,1,NA,2,7,8,5,NA,NA,NA,3,6,NA,4,NA,NA,NA,Forest,8,Omnivore,3,4,0,3,T,0,T,T,T,10,"Bark, sap, eggs",3,1,0.619788758288394,0,0,0,1,0,0,1,0,3,CV,"B,C,T",NA,NA,3,10,B,12,14,24,31,0,1,78,NA,NA,NA,No,1,NA,1,NA,1,27.3,20.3,7.6,7.4,20.6,139.7,40.6,98.9,29.1,83.3,71.6,Dunning,NA,NO,NA,NA,Forest,1,1,Carnivore,Invertivore,Insessorial,NA,NA,NA
Red-bellied Woodpecker,Melanerpes carolinus,0,0,N,3,43.6,74.5,43,80.3,56,91,64.73333333333333,NA,0,600,600,900,NA,NA,1,NA,NA,NA,NA,NA,NA,4,3,NA,2,NA,NA,NA,Woodland,4,Omnivore,3,3,T,4,T,0,T,T,T,10,"Eggs, sap",3,1,0.9208187539523752,0,0,0,0,1,0,1,0,NA,CV,"C,P,T",2,3,2,8,B,12,NA,22,27,0,0,55,NA,NA,NA,No,2,NA,1,NA,1,32.6,21.6,7.1,7.6,21.1,127.2,35.5,90.4,28.2,76.8,69.5,Dunning,NA,NO,NA,NA,Woodland,1,1,Omnivore,Omnivore,Insessorial,rebwoo,0,0.3767
Yellow-bellied Sapsucker,Sphyrapicus varius,0,0,LN,2,37.9,55,44,56.8,35,62.2,48.48333333333333,NA,0,3000,3000,3500,2,NA,1,NA,NA,3,NA,NA,NA,4,NA,NA,NA,NA,NA,NA,Woodland,4,Omnivore,3,1,0,1,0,0,0,4,1,10,"Sap, phloem",5,1,0.6989700043360189,0,0,0,0,1,0,1,0,0,CV,T,NA,NA,4,7,B,12,13,25,29,0,0,NA,NA,NA,NA,No,1,NA,NA,NA,NA,24.8,19.2,6.7,6.3,20.5,124.8,42.2,82.6,33.9,74,50.3,Dunning,NA,NO,NA,NA,Woodland,1,3,Omnivore,Omnivore,Insessorial,NA,NA,NA
Downy Woodpecker,Dryobates pubescens,0,0,N,3,20.9,30.1,23.2,29.1,20.7,32.2,26.033333333333335,NA,0,2750,2750,NA,1,NA,2,NA,NA,NA,NA,NA,NA,3,4,NA,NA,NA,NA,NA,Forest,4,Invertebrate,8,1,0,1,0,0,0,T,0,10,NA,3,1,0.9208187539523752,0,1,0,1,0,0,NA,NA,3,CV,"C,P,T",NA,NA,3,7,B,12,NA,20,23,0,0,NA,NA,NA,NA,No,NA,NA,1,NA,1,17.4,12.2,4.9,4.8,15.8,91.3,24.3,65.9,27,58.6,25.6,Dunning,NA,NO,NA,NA,Woodland,2,1,Carnivore,Invertivore,Insessorial,dowwoo,0,0.7933
Pileated Woodpecker,Dryocopus pileatus,0,0,N,3,228.8,305,247.8,355,250,340,287.76666666666665,NA,0,2300,2300,NA,1,NA,2,NA,NA,NA,NA,NA,NA,3,4,NA,NA,NA,NA,NA,Forest,4,Invertebrate,7,2,0,1,0,0,0,0,0,10,NA,3,1,0.9208187539523752,0,0,0,1,1,0,NA,NA,0,CV,"C,P,T",NA,NA,1,6,B,15,16,24,28,NA,NA,83,NA,2.14,2.26,No,NA,1,1,NA,1,52.1,37.4,14.6,11.9,29.3,228.4,56.4,166.6,25.3,167.3,286.6,Dunning,NA,NO,NA,NA,Forest,1,1,Carnivore,Invertivore,Insessorial,pilwoo,0,0.7567
Eastern Phoebe,Sayornis phoebe,0,0,LN,2,16.7,20.5,19.4,20,15,23.2,19.133333333333333,NA,0,2500,2500,NA,NA,NA,1,NA,NA,NA,NA,NA,NA,2,NA,NA,NA,NA,NA,NA,Woodland,2,Invertebrate,10,T,0,0,0,0,0,0,0,10,NA,1,1,1.6989700043360187,NA,NA,NA,NA,NA,NA,1,1,0,NA,"B,R",2,NA,2,6,NA,16,NA,15,18,1,1,39.8,57.1,5.97,NA,No,1,NA,NA,NA,NA,17.4,9.7,5.5,4.1,17.7,83.9,17.4,66.7,20.6,70.1,19.7,Dunning,NA,NO,NA,NA,Forest,2,3,Carnivore,Invertivore,Insessorial,easpho,1030.4338359248031,0.8054
Blue-headed Vireo,Vireo solitarius,0,0,LN,2,16.6,17,NA,NA,13.2,19,16.45,NA,0,2400,2400,2700,1,NA,NA,NA,NA,NA,NA,NA,NA,NA,NA,NA,NA,NA,NA,NA,Forest,1,Invertebrate,9,1,0,0,0,0,0,0,0,10,NA,2,1,1.6989700043360187,NA,NA,NA,NA,NA,NA,1,0,0,CP,"T,S",1,2,3,5,B,13,15,12,13,0,1,18.4,51.5,2.9,NA,No,1,NA,NA,NA,NA,13.7,7.5,4,4.4,18.6,75.3,22.1,53.2,29.3,51.4,15.3,Dunning,NA,NO,NA,NA,Forest,1,3,Carnivore,Invertivore,Insessorial,NA,NA,NA
Blue Jay,Cyanocitta cristata,0,0,N,3,64.5,86.8,65,78.24,59.9,99.8,75.70666666666666,NA,0,1000,1000,NA,2,NA,1,NA,NA,NA,NA,NA,NA,3,NA,NA,NA,NA,NA,NA,Woodland,3,Omnivore,3,2,0,5,T,0,T,0,0,10,NA,3,1,1.045757490560675,0,1,1,0,0,0,1,0,NA,"CP,PL","B,S,T",NA,NA,2,7,F,17,18,17,21,0,1,NA,NA,NA,NA,No,1,NA,1,1,1,29.9,18.6,10.1,8.9,34.7,130,22.9,108.3,17.4,121.4,88,Dunning,NA,NO,NA,NA,Woodland,2,1,Omnivore,Omnivore,Terrestrial,blujay,111.7468492869018,0.388
American Crow,Corvus brachyrhynchos,0,0,N,3,347.6,610,378,637,313,450,455.93333333333334,NA,0,1800,1800,NA,6,NA,5,7,1,NA,NA,NA,NA,2,3,8,4,NA,NA,NA,Savanna,8,Omnivore,2,3,0,3,1,T,1,0,T,10,Eggs,5,1,0.3979400086720376,0,1,0,0,0,0,1,0,1,CP,"B,S,T",1,2,3,7,F,16,20,29,43,0,0,NA,NA,NA,NA,No,1,NA,1,1,1,49.9,33.2,13.9,16.6,55,293.5,106.9,186.2,36.5,167.1,448.8,Dunning,NA,NO,NA,NA,Human Modified,2,2,Omnivore,Omnivore,Terrestrial,amecro,500.8251487062727,0.2459
Fish Crow,Corvus ossifragus,0,0,N,3,194.7,304.2,260.4,332,NA,NA,272.825,NA,0,1000,1000,NA,NA,NA,6,NA,NA,NA,NA,5,NA,4,3,1,2,NA,NA,NA,Coastal,6,Omnivore,3,2,0,1,3,T,1,0,T,10,Eggs,5,1,0.5228787452803376,1,1,0,1,0,0,1,0,NA,CP,T,NA,NA,2,6,F,18,19,32,40,0,0,NA,NA,NA,NA,No,2,NA,1,NA,1,43.3,27.2,13.8,14.8,47.1,276.7,100.6,176.2,36.3,157.1,284.6,Dunning,NA,NO,NA,NA,Coastal,3,1,Omnivore,Omnivore,Terrestrial,fiscro,147.4354197209235,0.476538306306122
Common Raven,Corvus corax,0,0,C,3,680,800,700,880,585,1625,878.3333333333334,NA,0,6000,6000,6350,1,NA,2,3,NA,NA,5,6,4,8,NA,7,NA,NA,NA,NA,Forest,8,Carnivore,2,1,0,1,2,0,4,0,T,10,Eggs,5,1,0.3979400086720376,NA,NA,NA,NA,NA,NA,1,0,3,"CP,PL","B,P,T",1,NA,1,8,F,20,25,28,49,0,0,NA,NA,1.2,4.2,No,NA,NA,1,1,1,77,49.2,21.9,27.9,67.1,419.7,167.2,252.7,39.8,228.7,928,Dunning,NA,NO,NA,NA,Forest,3,2,Omnivore,Omnivore,Terrestrial,NA,NA,NA
Cedar Waxwing,Bombycilla cedrorum,0,0,L,1,26.4,40.2,25.6,39.9,NA,NA,33.025,NA,0,3000,3000,NA,6,NA,1,2,NA,NA,NA,NA,NA,5,3,NA,4,NA,NA,NA,Woodland,6,Fruit,1.2,8.4,0.4,0,0,0,0,T,T,10,NA,3,1,0.7447274948966939,0,1,1,0,0,0,1,0,0,CP,"S,T",1,2,2,6,F,11,13,14,18,0,1,NA,45,2.6,3.8,No,1,NA,1,NA,NA,15.1,6.6,4.5,4.9,16.7,95.4,33.5,62,35.1,59.8,31.6,Dunning,NA,NO,NA,NA,Woodland,2,3,Herbivore,Frugivore,Insessorial,NA,NA,NA
Tufted Titmouse,Baeolophus bicolor,0,0,N,3,NA,NA,NA,NA,17.5,26.1,21.8,NA,0,610,610,1500,1,NA,5,6,NA,NA,NA,NA,NA,4,2,NA,3,NA,NA,NA,Forest,6,Invertebrate,6.6,0.5,0,2.9,0,0,0,0,0,10,NA,3,1,0.7447274948966939,0,0,0,1,0,0,1,0,2,CP,T,NA,NA,5,7,F,12,14,15,18,0,1,NA,NA,NA,NA,No,NA,NA,1,NA,1,13.3,8.8,4.9,5.5,20.5,77.9,12.5,65.2,16.1,68.6,21.6,Dunning,NA,NO,NA,NA,Forest,1,1,Carnivore,Invertivore,Insessorial,tuftit,0,0.8296
Carolina Chickadee,Poecile carolinensis,0,0,N,3,9.4,12,9,12.1,8,12,10.416666666666666,NA,0,1850,1850,NA,1,NA,4,3,NA,NA,NA,NA,NA,6,2,NA,5,NA,NA,NA,Forest,6,Invertebrate,7,1,0,2,0,0,0,0,0,10,NA,3,1,0.7447274948966939,0,0,1,0,0,0,1,0,NA,NA,T,NA,NA,5,6,F,12,15,16,19,0,1,NA,NA,NA,NA,No,NA,NA,1,NA,1,8.9,6.6,3.5,3.7,14.8,58.8,11.4,47,19.5,49.6,10,Dunning,NA,NO,NA,NA,Forest,2,1,Omnivore,Invertivore,Insessorial,carchi,0,0.8233
Ruby-crowned Kinglet,Corthylio calendula,0,0,N,3,4,8.9,5,10,NA,NA,6.975,NA,0,3000,3000,NA,1,NA,2,3,NA,NA,NA,NA,NA,NA,4,NA,5,NA,NA,NA,Forest,5,Invertebrate,8,1,0,1,0,0,0,0,T,10,Sap,3,1,0.8239087409443188,NA,NA,NA,NA,NA,NA,NA,NA,0,PN,T,1,NA,5,12,NA,15,16,19,NA,0,1,NA,NA,NA,NA,No,1,1,NA,NA,NA,10.6,6.3,2.7,2.2,18.4,58,12.6,44.9,22,42.2,6.2,Dunning,NA,NO,NA,NA,Forest,1,3,Carnivore,Invertivore,Insessorial,NA,NA,NA
Golden-crowned Kinglet,Regulus satrapa,0,0,LN,2,4.5,7.8,4.9,7.7,NA,NA,6.2250000000000005,NA,0,3500,3500,NA,1,NA,NA,NA,NA,NA,NA,NA,NA,NA,NA,NA,NA,NA,NA,NA,Forest,1,Invertebrate,9,1,0,T,0,0,0,0,0,10,NA,2,1,1.6989700043360187,NA,NA,NA,NA,NA,NA,NA,NA,0,PN,T,2,NA,5,11,F,14,15,16,19,0,1,NA,NA,NA,NA,No,1,1,NA,NA,1,9,5.4,2.1,2.5,16.2,57.2,13.4,43.4,23.6,42.8,6.2,Dunning,NA,NO,NA,NA,Forest,1,3,Carnivore,Invertivore,Insessorial,NA,NA,NA
Carolina Wren,Thryothorus ludovicianus,0,0,N,3,13.6,23.8,19.9,22.5,10,29,19.8,NA,0,2000,2000,NA,1,NA,NA,2,NA,NA,NA,NA,NA,3,NA,NA,NA,NA,NA,NA,Forest,3,Invertebrate,10,T,0,T,T,0,0,0,0,10,NA,1,1,1.5228787452803376,NA,NA,NA,NA,NA,NA,1,0,0,NA,NA,NA,NA,3,6,NA,NA,NA,NA,NA,0,1,NA,NA,NA,NA,No,NA,NA,1,NA,1,16.9,11.1,3.2,3.9,21.4,59.4,6.8,52.6,11.4,50.7,19,Dunning,NA,NO,NA,NA,Woodland,2,1,Carnivore,Invertivore,Insessorial,carwre,0,0.985
Winter Wren,Troglodytes hiemalis,0,0,N,3,NA,NA,NA,NA,7.5,10.5,9,NA,0,2000,2000,NA,1,NA,NA,NA,NA,NA,NA,NA,NA,NA,2,NA,NA,NA,NA,NA,Forest,2,Invertebrate,10,T,0,T,T,T,0,T,0,10,NA,1,1,1.6989700043360187,NA,NA,NA,NA,NA,NA,NA,NA,NA,NA,NA,1,2,3,9,F,16,16,15,20,0,1,NA,NA,NA,NA,No,1,1,NA,NA,1,12.5,8.5,2.3,2.3,18.1,45.8,7.7,38,17,27.6,8.9,Updated_literature,Dunning (2021),NO,NA,NA,Forest,1,3,Carnivore,Invertivore,Insessorial,NA,NA,NA
White-breasted Nuthatch,Sitta carolinensis,0,0,LN,2,22.9,21.1,19.6,NA,18.3,26.7,21.720000000000002,NA,0,3500,3500,3600,1,NA,NA,NA,NA,NA,NA,NA,NA,2,NA,NA,NA,NA,NA,NA,Forest,2,Invertebrate,6,T,0,4,0,0,0,T,T,10,NA,2,1,1.3979400086720377,0,0,1,0,0,0,NA,NA,0,CV,"B,C,T",1,2,3,10,F,12,15,18,26,0,1,NA,NA,NA,NA,No,NA,NA,1,1,1,19.1,12.2,4,4.2,18.5,88.6,27.6,60.9,31.2,48.8,21,Dunning,NA,NO,NA,NA,Forest,1,1,Omnivore,Omnivore,Insessorial,whbnut,0,0.7433
Brown-headed Nuthatch,Sitta pusilla,0,0,N,3,9.31,10.4,9.92,10.55,10.2,NA,10.076000000000002,NA,0,600,600,NA,4,NA,1,NA,NA,NA,NA,NA,NA,3,NA,NA,2,NA,NA,NA,Woodland,4,Invertebrate,6,0,0,4,0,0,0,0,0,10,NA,2,1,1.0969100130080565,1,0,0,0,0,0,NA,NA,3,CV,"C,P,T",1,2,3,9,F,14,NA,18,23,0,1,NA,NA,NA,NA,No,NA,NA,1,1,1,15.3,10.4,3.3,3.9,14.8,65,15.1,49.9,23.3,35.4,10.2,Dunning,NA,NO,NA,NA,Forest,1,1,Omnivore,Invertivore,Insessorial,bnhnut,0,0.819
Red-breasted Nuthatch,Sitta canadensis,0,0,N,3,9.8,11.8,8,11.8,8,14.2,10.600000000000001,NA,0,3075,3075,NA,1,NA,2,NA,NA,NA,NA,5,NA,3,4,NA,NA,NA,NA,NA,Forest,5,Invertebrate,8,T,0,2,0,0,0,0,0,10,NA,2,1,1,0,0,0,1,0,0,NA,NA,0,CV,T,NA,NA,2,8,F,12,NA,18,21,0,1,NA,NA,NA,NA,No,2,1,1,NA,1,14,10.4,3.3,3.2,14.5,66.4,17.3,48.9,26.2,35.6,9.8,Dunning,NA,NO,NA,NA,Forest,1,3,Omnivore,Omnivore,Insessorial,NA,NA,NA
Northern Mockingbird,Mimus polyglottos,0,0,LN,2,46.4,47,50.5,51.8,36.2,57,48.15,NA,0,3000,3000,3100,3,NA,NA,1,NA,NA,NA,NA,NA,2,NA,4,NA,NA,NA,NA,Shrub,4,Omnivore,5,5,0,0,T,0,0,T,0,10,NA,2,1,1.0969100130080565,NA,NA,NA,NA,NA,NA,1,1,0,CP,S,2,3,2,6,F,12,13,10,15,0,1,NA,NA,NA,NA,No,2,NA,NA,NA,1,22.1,12.2,4.6,5.3,32.2,112.3,23.1,90.5,20.6,117.6,48.5,Dunning,NA,NO,NA,NA,Shrubland,2,3,Omnivore,Omnivore,Generalist,normoc,293.7773184484627,0.525
Brown Thrasher,Toxostoma rufum,0,0,N,3,66.9,73.6,61.3,72.6,57.6,89,70.16666666666667,NA,0,520,520,1000,NA,NA,NA,1,NA,NA,NA,NA,NA,2,NA,NA,NA,NA,NA,NA,Shrub,2,Invertebrate,6,2,0,2,T,0,0,0,0,10,NA,3,1,1.2218487496163564,0,0,0,1,0,0,1,0,0,CP,"G,S",1,2,2,6,B,10,14,11,12,0,1,NA,NA,NA,NA,No,2,NA,NA,NA,NA,30.1,19.3,5.4,6.3,34.2,102.5,14,86.7,13.9,121.8,68.8,Dunning,NA,NO,NA,NA,Shrubland,1,2,Omnivore,Omnivore,Generalist,brnthr,755.2498147750789,0.4821
Eastern Bluebird,Sialia sialis,0,0,LN,2,29,32,28,31,21.3,38,29.883333333333336,NA,0,2440,2440,3000,NA,NA,1,2,NA,3,NA,NA,NA,NA,NA,NA,NA,NA,NA,NA,Woodland,3,Invertebrate,8,2,0,0,T,0,0,0,0,10,NA,2,1,1.2218487496163564,1,1,0,0,0,0,1,1,3,CP,"N,T",1,3,4,5,NA,13,19,18,19,1,1,55,84,NA,NA,No,2,NA,1,NA,1,15.4,9.1,4.2,4.5,19.7,95.8,31.4,64.4,32.8,62.5,27.5,Dunning,NA,NO,NA,NA,Woodland,2,2,Carnivore,Invertivore,Insessorial,easblu,242.423975411341,0.25
Hermit Thrush,Catharus guttatus,0,0,LN,2,31,32,18,27,23,37,28,NA,0,3500,3500,3600,1,NA,3,4,NA,6,NA,2,NA,5,NA,NA,NA,NA,NA,NA,Forest,6,Invertebrate,7,2,0,0,1,0,0,T,0,10,NA,3,1,0.7447274948966939,NA,NA,NA,NA,NA,NA,NA,NA,0,NA,"G,T",NA,2,3,6,NA,11,13,10,15,0,1,NA,NA,1.23,2.33,No,1,1,NA,NA,1,18.8,9.2,3.4,3.7,28.9,89,24,65.3,26.9,67.7,30.1,Dunning,NA,NO,NA,NA,Forest,1,3,Omnivore,Invertivore,Generalist,NA,NA,NA
American Robin,Turdus migratorius,0,0,LN,2,70.5,94,59,86.3,56,112,79.63333333333334,NA,0,3500,3500,NA,1,NA,2,5,NA,6,NA,NA,NA,4,3,NA,7,NA,NA,NA,Forest,7,Omnivore,4.2,5.8,0,0,0,0,0,0,0,10,NA,2,1,0.853871964321762,0,1,0,0,0,0,1,0,0,CP,"B,C,G,T",1,3,2,4,NA,12,14,9,16,0,1,35,66.7,NA,NA,No,1,NA,NA,NA,1,23.4,12.5,5.6,6.8,32.7,127,36.9,90.3,29,95.7,78.5,Dunning,NA,NO,NA,NA,Forest,3,3,Omnivore,Invertivore,Generalist,amerob,1609.8680480038,0.2631
House Sparrow,Passer domesticus,0,0,C,2,20.1,36,20,36.5,24.6,NA,27.439999999999998,NA,0,4600,4600,4900,2,NA,3,NA,NA,NA,NA,NA,NA,1,NA,NA,NA,NA,NA,NA,Artificial,3,Seed,T,T,T,10,T,0,T,T,0,10,NA,1,1,1.5228787452803376,NA,NA,NA,NA,NA,NA,1,0,3,"CV,SP,CR","B,R,T,G",3,4,1,8,B,10,14,10,16,1,1,NA,NA,5,NA,No,NA,1,1,1,1,13.5,9.1,6.3,7.4,17.9,74.9,20.4,54.4,27.3,57.2,26.5,Dunning,NA,NO,NA,NA,Human Modified,3,1,Herbivore,Granivore,Terrestrial,houspa,0,0.0991
Purple Finch,Haemorhous purpureus,0,0,N,3,20,31.29,18.5,29.98,17.5,28.4,24.278333333333332,NA,0,1000,1000,NA,1,NA,2,6,NA,NA,NA,NA,NA,3,5,NA,4,NA,NA,NA,Forest,6,Herbivore,T,1,1,4,0,0,0,4,0,10,NA,4,1,0.619788758288394,NA,NA,NA,NA,NA,NA,NA,NA,3,CP,"T,S",2,3,2,7,F,12,13,13,16,0,1,NA,NA,NA,NA,No,1,NA,1,NA,NA,12.2,9.1,7.5,9,16.6,81.1,22.8,58.2,28.1,59.5,23.3,Dunning,NA,NO,NA,NA,Forest,2,2,Herbivore,Omnivore,Insessorial,NA,NA,NA
House Finch,Haemorhous mexicanus,0,0,LN,2,21.4,NA,21,NA,19,25.5,21.725,NA,0,3500,3500,NA,NA,NA,6,1,4,NA,NA,3,7,2,5,NA,NA,NA,NA,NA,Shrub,7,Seed,T,2,T,8,0,0,0,T,0,10,NA,2,1,0.853871964321762,NA,NA,NA,NA,NA,NA,NA,NA,0,CP,"T,S,R,B,N",2,3,2,7,F,12,17,NA,NA,0,1,NA,NA,NA,NA,No,1,NA,1,1,1,10.6,8.4,6.6,8.2,17.4,77.2,21.2,55.8,27.5,66.2,21.4,Dunning,NA,NO,NA,NA,Shrubland,2,2,Herbivore,Granivore,Insessorial,houfin,0,0.04
American Goldfinch,Spinus tristis,0,0,N,3,10,15.6,9.7,16.5,NA,NA,12.95,NA,0,1000,1000,NA,3,NA,4,1,NA,NA,NA,NA,NA,2,NA,NA,NA,NA,NA,NA,Shrub,4,Seed,T,T,0,10,0,0,0,T,0,10,NA,1,1,1.3979400086720377,NA,NA,NA,NA,NA,NA,1,1,0,CP,"S,T",1,2,2,7,F,12,14,11,17,0,1,NA,NA,NA,NA,No,1,NA,NA,NA,1,11.5,8.2,4.3,6.3,13.5,69.8,19.1,50.3,27.6,48.3,12.8,Dunning,NA,NO,NA,NA,Forest,1,1,Herbivore,Granivore,Insessorial,amegfi,496.04976836350096,0.458
Pine Siskin,Spinus pinus,0,0,N,3,14.6,NA,NA,NA,11,18.1,14.566666666666668,NA,0,4000,4000,NA,1,NA,2,3,NA,NA,NA,NA,NA,4,NA,NA,NA,NA,NA,NA,Forest,4,Seed,2,T,T,7,0,0,0,1,0,10,NA,3,1,0.9208187539523752,NA,NA,NA,NA,NA,NA,1,0,0,CP,"S,T",1,2,3,4,F,13,13,13,17,0,1,NA,NA,NA,NA,No,1,NA,1,NA,1,14,9,4.3,5.5,13.9,72.4,25.6,47,35.2,48.3,12.7,Dunning,NA,NO,NA,NA,Forest,1,1,Herbivore,Granivore,Insessorial,NA,NA,NA
Chipping Sparrow,Spizella passerina,0,0,LN,2,11.5,15.5,11,13.5,9.8,18.8,13.35,NA,0,3800,3800,NA,2,NA,1,3,5,NA,NA,NA,NA,4,NA,NA,NA,NA,NA,NA,Woodland,5,Seed,4,0,0,6,0,0,0,0,0,10,NA,2,1,1,NA,NA,NA,NA,NA,NA,1,1,1,CP,"S,T",2,3,2,7,F,7,15,8,12,0,1,48.4,88.6,NA,NA,No,2,NA,NA,NA,1,13.1,7,4,4.9,16.3,68,16.3,51,24.2,56,12.2,Dunning,NA,NO,NA,NA,Forest,2,3,Omnivore,Omnivore,Generalist,chispa,1797.427426572758,0.605
Field Sparrow,Spizella pusilla,0,0,N,3,11.4,14,11.5,15,11,20,13.816666666666668,NA,0,1000,1000,NA,NA,NA,3,2,NA,1,NA,NA,NA,4,NA,NA,NA,NA,NA,NA,Grassland,4,Seed,2,0,0,8,0,0,0,0,0,10,NA,2,1,1.0969100130080565,NA,NA,NA,NA,NA,NA,NA,NA,0,CP,"G,Z,S,T",3,NA,2,6,F,10,17,7,8,1,1,NA,NA,NA,NA,No,2,NA,NA,NA,1,10.4,6.6,4.3,5.2,17.9,64.4,10.8,53.5,16.7,62,12.5,Dunning,NA,NO,NA,NA,Grassland,2,2,Omnivore,Granivore,Generalist,fiespa,471.1802033269652,0.3833
Dark-eyed Junco,Junco hyemalis,0,0,N,4,14.3,26.4,14.3,26.7,15.5,26,20.533333333333335,NA,0,4000,4000,NA,NA,NA,1,2,NA,3,NA,NA,NA,4,NA,NA,NA,NA,NA,NA,Woodland,4,Seed,2.4,1.4,0,6.2,0,0,0,0,0,10,NA,3,1,0.9208187539523752,NA,NA,NA,NA,NA,NA,NA,NA,0,"BU,CR,O,CP","G,R,B,T,S,N",1,2,3,5,F,11,13,9,12,0,1,NA,NA,NA,NA,No,1,1,NA,NA,1,11.6,7.8,4.5,5.3,21.1,75.2,16.4,58.6,21.9,63.8,19.5,Dunning,NA,NO,NA,NA,Forest,2,3,Herbivore,Granivore,Generalist,NA,NA,NA
White-crowned Sparrow,Zonotrichia leucophrys,0,0,LN,5,25,38.5,27.3,28.27,21.6,38.5,29.861666666666665,NA,0,2600,2600,NA,5,NA,7,1,NA,4,NA,NA,NA,6,3,NA,2,NA,NA,NA,Shrub,7,Seed,1,1,0,8,0,0,0,T,0,10,NA,3,1,0.6777807052660807,NA,NA,NA,NA,NA,NA,NA,NA,0,CP,"S,G",1,2,3,7,F,10.9,13.4,8.5,10,0,1,NA,NA,NA,NA,No,1,NA,NA,NA,1,15.4,8.4,4.5,6,22.8,78.7,18.5,60.9,23.4,70.6,28,Dunning,NA,NO,NA,NA,Shrubland,2,3,Omnivore,Omnivore,Generalist,NA,NA,NA
White-throated Sparrow,Zonotrichia albicollis,0,0,N,3,20,31.4,23,36.1,19,35.4,27.483333333333334,NA,0,1000,1000,NA,NA,NA,1,2,NA,NA,NA,NA,NA,3,NA,NA,NA,NA,NA,NA,Woodland,3,Herbivore,2,2,0,5,0,0,0,1,0,10,NA,4,1,0.9208187539523752,NA,NA,NA,NA,NA,NA,NA,NA,0,CP,"G,S,Z",2,NA,1,7,F,11,14,7,12,0,1,NA,NA,NA,NA,No,1,NA,NA,NA,NA,13.6,8.4,5.1,6.3,23,72.8,14.3,58.1,19.7,70.4,24.4,Dunning,NA,NO,NA,NA,Woodland,2,3,Herbivore,Omnivore,Terrestrial,NA,NA,NA
Vesper Sparrow,Pooecetes gramineus,0,0,LN,2,19.5,28.3,20.9,28,NA,NA,24.174999999999997,NA,0,3000,3000,4000,5,NA,NA,3,4,1,NA,NA,NA,2,NA,NA,NA,NA,NA,NA,Grassland,5,Seed,4,0,0,6,0,0,0,T,0,10,NA,2,1,1,NA,NA,NA,NA,NA,NA,NA,NA,0,CP,G,1,3,2,6,F,11,14,7,14,0,1,NA,NA,NA,NA,No,2,NA,NA,NA,NA,12,7.7,4.9,6.6,20.1,78.6,18.8,60,23.9,59.6,25.7,Dunning,NA,NO,NA,NA,Grassland,3,3,Omnivore,Omnivore,Generalist,NA,NA,NA
Savannah Sparrow,Passerculus sandwichensis,0,0,LN,2,19.5,NA,20.6,NA,13,32.5,21.4,NA,0,3000,3000,NA,NA,NA,NA,2,NA,1,3,NA,NA,4,NA,NA,5,NA,NA,NA,Grassland,5,Omnivore,4,1,T,5,0,0,0,0,0,10,NA,3,1,0.8239087409443188,NA,NA,NA,NA,NA,NA,0,1,0,CP,G,1,3,2,6,F,9,16,7,13,0,1,NA,NA,NA,NA,No,1,NA,NA,NA,NA,12.8,8.3,4.1,5.4,20.7,72.8,17.6,55.2,24.1,51.2,20,Dunning,NA,NO,NA,NA,Grassland,3,3,Omnivore,Omnivore,Generalist,NA,NA,NA
Song Sparrow,Melospiza melodia,0,0,LN,2,17.1,27,18,45.7,17,28,25.46666666666667,NA,0,2500,2500,NA,NA,NA,2,1,NA,NA,NA,NA,NA,NA,3,4,NA,NA,NA,NA,Shrub,4,Omnivore,4,2,0,4,0,T,T,0,0,10,NA,3,1,0.9208187539523752,NA,NA,NA,NA,NA,NA,1,1,0,CP,"G,Z,S,T",1,4,1,6,F,12,15,8,15,0,1,NA,NA,NA,NA,No,1,NA,NA,NA,1,13.4,8.5,5.3,6.7,21.5,66.3,13.2,52.6,20.1,67.2,21.9,Dunning,NA,NO,NA,NA,Shrubland,2,2,Omnivore,Omnivore,Generalist,sonspa,1029.071782243289,0.4429
Swamp Sparrow,Melospiza georgiana,0,0,N,3,17,NA,NA,NA,10.9,24,17.3,NA,0,1000,1000,NA,NA,NA,6,3,NA,5,NA,NA,NA,NA,2,4,1,NA,NA,NA,Wetland,6,Omnivore,4,1,0,5,0,0,0,0,0,10,NA,3,1,0.7447274948966939,NA,NA,NA,NA,NA,NA,1,0,0,CP,"S,Z,G",1,2,1,6,F,12,14,9,11,0,1,27.7,45.3,NA,NA,No,1,NA,NA,NA,NA,13.9,8.2,4.1,5.2,21.9,62.3,11.9,50.4,19.1,57,16.1,Dunning,NA,NO,NA,NA,Wetland,2,3,Omnivore,Omnivore,Generalist,NA,NA,NA
Eastern Towhee,Pipilo erythrophthalmus,0,0,LN,2,32.1,52.3,32.1,50,37.1,43.1,41.11666666666667,NA,0,1980,1980,NA,1,NA,2,4,NA,NA,NA,NA,NA,5,3,NA,NA,NA,NA,NA,Forest,5,Omnivore,3,2,0,4,T,0,0,1,0,10,NA,4,1,0.6989700043360189,0,1,1,1,1,0,1,0,0,CP,"G,S,T",1,3,2,6,F,12,13,NA,NA,0,1,27.3,69.2,NA,NA,No,1,NA,NA,NA,1,15.4,9.8,5.5,8.2,27,82.3,11.1,70.8,13.6,91.7,40,Dunning,NA,NO,NA,NA,Forest,2,2,Herbivore,Omnivore,Generalist,eastow,329.5073311801617,0.4554
Eastern Meadowlark,Sturnella magna,0,0,LN,2,58.5,112,73.5,150,NA,NA,98.5,NA,0,2500,2500,3500,NA,NA,NA,2,3,1,NA,NA,NA,4,NA,NA,NA,NA,NA,NA,Grassland,4,Invertebrate,7,T,0,3,T,0,T,0,0,10,NA,2,1,1.0969100130080565,0,1,0,0,0,0,0,1,0,DM,G,NA,NA,2,7,F,13,14,10,12,0,1,14,32,1.7,3.3,No,1,NA,1,NA,1,33.5,20,6.1,8.2,39.8,108.1,28.4,86.1,24.8,67.4,91.8,Dunning,NA,NO,NA,NA,Grassland,3,2,Carnivore,Invertivore,Terrestrial,easmea,502.7563410827648,0.9549
Baltimore Oriole,Icterus galbula,0,0,LN,2,27.9,41.5,22.3,40,30,38.9,33.43333333333333,NA,0,1000,1000,2500,1,NA,2,NA,NA,3,NA,NA,4,5,NA,NA,NA,NA,NA,NA,Forest,5,Invertebrate,6,3,1,0,0,0,0,0,0,10,NA,3,1,0.8239087409443188,0,1,1,0,1,0,1,0,0,PN,T,1,1,3,7,F,11,14,12,14,0,1,NA,NA,NA,NA,No,1,NA,NA,NA,NA,21.1,13.3,5,6.4,23.4,92.1,25.5,67.4,27.4,73.3,32.8,Dunning,NA,NO,NA,NA,Forest,1,3,Omnivore,Invertivore,Insessorial,NA,NA,NA
Red-winged Blackbird,Agelaius phoeniceus,0,0,LN,2,34.5,63.6,55.4,72.1,NA,NA,56.4,NA,0,2500,2500,3000,NA,NA,NA,2,NA,4,NA,NA,NA,3,NA,NA,1,NA,NA,NA,Wetland,4,Seed,4,0,0,6,0,0,0,0,0,10,NA,2,1,1.0969100130080565,NA,NA,NA,NA,NA,NA,0,1,0,CP,"Z,S,T,G",1,2,2,4,F,11,13,NA,NA,0,1,NA,NA,NA,NA,No,1,NA,NA,NA,1,22.7,15.4,5.6,8.8,28,118,27.8,88.9,24,88.9,50.8,Dunning,NA,NO,NA,NA,Wetland,3,3,Herbivore,Granivore,Generalist,rewbla,692.6373361297227,0.3442
Brown-headed Cowbird,Molothrus ater,0,0,LN,2,30.5,42.3,40.2,58,NA,NA,42.75,NA,0,2895,2895,NA,2,NA,3,NA,NA,1,NA,NA,NA,NA,4,NA,NA,NA,NA,NA,Grassland,4,Seed,2.5,0,0,7.5,0,0,0,0,0,10,NA,2,1,1.0969100130080565,NA,NA,NA,NA,NA,NA,NA,NA,0,NO,NA,NA,NA,4,5,NA,10,12,10,11,1,0,NA,NA,NA,NA,No,1,NA,NA,NA,NA,17.6,11.1,5.8,8.9,24.7,105,33.9,68.8,33,69.8,40.3,Dunning,NA,NO,NA,NA,Forest,2,3,Carnivore,Invertivore,Terrestrial,bnhcow,684.8323262763473,0.2135
Rusty Blackbird,Euphagus carolinus,0,0,N,3,47,76.5,45.9,80.4,NA,NA,62.45,NA,0,1465,1465,NA,3,NA,2,NA,NA,5,NA,NA,NA,6,4,NA,1,NA,NA,NA,Wetland,6,Omnivore,5,1,0,4,0,0,0,0,0,10,NA,3,1,0.7447274948966939,NA,NA,NA,NA,NA,NA,NA,NA,0,CP,"T,S,G",1,NA,3,5,F,10,13,11,13,0,1,NA,NA,NA,NA,No,1,NA,NA,NA,NA,23,15.3,5,6.6,30.2,114.4,32.1,82.6,28,90,59.6,Dunning,NA,NO,NA,NA,Forest,2,3,Omnivore,Omnivore,Terrestrial,NA,NA,NA
Common Grackle,Quiscalus quiscula,0,0,N,3,74,124,91,142,NA,NA,107.75,NA,0,1000,1000,NA,2,NA,1,6,NA,NA,NA,NA,NA,5,4,NA,3,NA,NA,NA,Woodland,6,Omnivore,3,3,0,4,T,T,T,0,T,10,NA,3,1,0.7447274948966939,1,1,0,0,0,0,NA,NA,0,CP,"T,S,C,R,G,B",1,2,1,7,F,11.5,15,10,17,0,1,NA,NA,NA,NA,No,2,NA,NA,NA,1,33,21.8,7.3,10.5,35.6,132.9,34.3,98.2,25.9,118.2,105.2,Dunning,NA,NO,NA,NA,Wetland,3,2,Carnivore,Omnivore,Terrestrial,comgra,617.3052058901458,0.3988
Black-and-white Warbler,Mniotilta varia,0,0,LN,2,11,NA,8.8,10,6.4,15.2,10.280000000000001,NA,0,2500,2500,3000,NA,NA,1,2,NA,NA,NA,NA,NA,NA,NA,NA,NA,NA,NA,NA,Woodland,2,Invertebrate,10,T,0,0,0,0,0,0,0,10,NA,1,1,1.6989700043360187,0,1,0,0,0,0,NA,NA,0,"CP,CV","G,C",1,1,4,5,F,10,12,8,12,0,1,NA,NA,NA,NA,No,1,NA,NA,NA,NA,13.7,9,2.9,3.3,17.3,68.8,17,49.7,25.5,46.6,10.9,Dunning,NA,NO,NA,NA,Forest,1,3,Carnivore,Invertivore,Insessorial,NA,NA,NA
Orange-crowned Warbler,Leiothlypis celata,0,0,LN,2,9,NA,6.9,10.9,7.3,11.6,9.14,NA,0,3350,3350,NA,NA,NA,2,1,NA,NA,NA,NA,NA,NA,NA,NA,NA,NA,NA,NA,Shrub,2,Invertebrate,9,T,T,T,0,0,T,1,0,10,NA,2,1,1.3979400086720377,0,1,1,0,1,0,1,0,0,CP,"G,R",1,2,3,6,F,11,14,10,14,0,1,NA,NA,NA,NA,No,1,NA,NA,NA,NA,11.8,7.8,3.8,4,18.4,59.9,13.8,46,23,46.5,9.2,Dunning,NA,NO,NA,NA,Shrubland,1,3,Carnivore,Invertivore,Insessorial,NA,NA,NA
Common Yellowthroat,Geothlypis trichas,0,0,LN,2,6,16,7.6,15.5,NA,NA,11.275,NA,0,4600,4600,NA,NA,NA,NA,2,NA,NA,NA,NA,NA,NA,NA,NA,1,NA,NA,NA,Wetland,2,Invertebrate,10,0,0,T,0,0,0,0,0,10,NA,1,1,1.6989700043360187,0,1,1,0,1,0,1,0,0,CP,"G,S",1,1,1,6,F,12,NA,NA,NA,0,1,NA,NA,NA,NA,No,1,NA,NA,NA,1,12.7,7.9,3,3.3,20.2,54.7,8.5,44.3,16.1,49.4,9.5,Dunning,NA,NO,NA,NA,Wetland,1,3,Carnivore,Invertivore,Insessorial,comyel,2176.491561736767,0.687
Palm Warbler,Setophaga palmarum,0,0,LN,2,7,12.9,7,12.9,NA,NA,9.95,NA,0,1890,1890,NA,NA,NA,NA,1,NA,2,NA,NA,NA,4,NA,NA,3,NA,NA,NA,Shrub,4,Invertebrate,7,1,1,1,0,0,0,0,0,10,NA,4,1,0.7958800173440752,0,1,1,0,0,0,1,0,0,CP,"G,T",1,NA,4,5,F,12,NA,8,12,0,1,NA,NA,NA,NA,No,1,NA,NA,NA,NA,12.9,7.1,2.8,3.1,19.1,63.7,12.7,50.4,20.1,51,10.3,Dunning,NA,NO,NA,NA,Forest,1,3,Carnivore,Invertivore,Insessorial,NA,NA,NA
Pine Warbler,Setophaga pinus,0,0,LN,2,NA,NA,NA,NA,9.4,15.1,12.25,NA,0,3050,3050,NA,1,NA,NA,2,NA,3,NA,NA,NA,4,NA,NA,NA,NA,NA,NA,Forest,4,Invertebrate,8,1,0,1,0,0,0,0,0,10,NA,3,1,0.9208187539523752,0,1,1,1,1,0,1,0,0,CP,"T,G",1,NA,3,4,F,10,13,10,NA,0,1,NA,NA,NA,NA,No,1,NA,NA,NA,1,13.4,8,3.1,3.8,18.6,71.8,20.6,51.2,28.6,54,11.8,Dunning,NA,NO,NA,NA,Forest,2,3,Carnivore,Invertivore,Insessorial,pinwar,655.3144840740432,1
Northern Cardinal,Cardinalis cardinalis,0,0,LN,2,27.7,64.9,33.6,52.3,41.2,48.1,44.63333333333333,NA,0,2000,2000,NA,2,NA,NA,1,NA,NA,NA,NA,NA,NA,NA,NA,NA,NA,NA,NA,Shrub,2,Omnivore,2.9,2.4,0,4.5,T,0,0,0.2,0,10,NA,4,1,1.0969100130080565,0,1,1,1,0,0,1,1,3,CP,"T,S",1,2,1,5,F,11,13,7,13,1,1,NA,NA,NA,NA,No,NA,NA,NA,1,1,17.6,14.7,9.3,12.3,24.5,93.5,14.2,77.7,15.5,101.8,42.6,Dunning,NA,NO,NA,NA,Shrubland,2,1,Herbivore,Omnivore,Insessorial,norcar,0,0.4233
