"","dif_mig","dif_habDen","dif_mass","dif_tailLen","dif_handWing","dif_Secondary","dif_KippsDist","dif_wingLen","dif_tarsusLen","dif_beakDep","dif_width","dif_beakLenNare","dif_beakLenCulm","dif_clutchMin","dif_clutchMax","dif_ESI","dif_DB","dif_HB","dif_normMax","dif_elevaRange","dif_weight","dif_LAT","dif_RLM","dif_primHab","dif_primDiet","dif_INwt","dif_FRwt","dif_NEwt","dif_SEwt","dif_VEwt","dif_FIwt","dif_SCwt","dif_PLwt","dif_MSwt","dif_trophicLvl","dif_trophicNic","dif_primLife","sp1","sp2","corr"
"1",0,0,0,0,0,0,0,0,0,0,0,0,0,0,0,0,0,0,0,0,0,0,1,1,1,1,1,1,1,1,1,1,1,1,1,1,1,"Mourning.Dove","Mourning.Dove",1
"2",1,0,397.4,11,19.6,68.4,152.4,221.6,31.6,9.6,3.5,10.3,28.5,1,1,0.602059991327962,4,1,2400,2400,373,0,0,0,0,0,1,1,0,0,0,0,0,1,0,0,1,"Mourning.Dove","Ring.billed.Gull",0.00923076923076923
"3",0,2,47.3,38.9,7.5,7.30000000000001,12.5,4.70000000000002,1,4,4.9,11,7.7,1,8,0.681241237375587,2,3,100,100,50.45,1,1,0,0,0,0,1,0,0,1,0,1,0,0,0,0,"Mourning.Dove","Red.headed.Woodpecker",-0.113162393162393
"4",0,2,49.4,45.4,8.4,1.19999999999999,17.6,17.2,1.5,4.2,4.4,12.3,13,0,6,0.380211241711606,2,1,1900,1900,62.2666666666667,1,1,0,0,0,0,0,0,0,1,0,1,0,0,0,0,"Mourning.Dove","Red.bellied.Woodpecker",0.0372649572649573
"5",0,1,93.3,63.6,9.6,25.7,28.8,53.1,3.8,1.4,2.2,2.9,2.2,1,5,0.380211241711606,2,1,250,250,100.966666666667,1,1,0,0,0,0,1,0,1,1,1,1,1,0,0,0,"Mourning.Dove","Downy.Woodpecker",0.154188034188034
"6",2,1,99.2,52.1,16,24.9,35.7,60.5,1.9,0.7,2.8,0.399999999999999,2.2,0,4,0.397940008672037,0,3,0,0,107.866666666667,0,0,0,0,0,0,1,0,1,1,1,0,1,0,0,0,"Mourning.Dove","Eastern.Phoebe",0.462564102564102
"7",0,1,30.9,0.799999999999997,19.2,16.7,30.2,14.4,15.1,5.5,7.4,9.3,10.3,0,5,0.255272505103306,2,2,1500,1500,51.2933333333333,1,1,0,0,0,0,1,0,0,1,0,0,1,0,0,1,"Mourning.Dove","Blue.Jay",-0.00307692307692308
"8",1,1,329.9,44.9,0.100000000000001,94.6,53.8,149.1,35.4,13.2,11.2,23.9,30.3,1,5,0.903089986991944,4,3,700,700,328.933333333333,1,1,1,0,0,0,1,0,0,0,0,0,0,0,0,1,"Mourning.Dove","American.Crow",0.0974358974358974
"9",2,1,87.3,62.4,1.5,29.6,19.6,49,2.9,1.5,1.8,2.7,4.5,0,4,0.556302500767287,2,1,500,500,93.975,1,0,0,0,0,0,0,0,1,1,1,1,0,1,0,0,"Mourning.Dove","Cedar.Waxwing",0.255384615384615
"10",0,2,97.3,53.6,20.5,26.4,40.6,66.5,0.899999999999999,2.1,2.2,0.5,6.3,3,5,0.556302500767287,2,1,1890,1890,105.2,1,1,0,0,0,0,1,0,1,1,1,0,1,0,0,0,"Mourning.Dove","Tufted.Titmouse",0.258119658119658
"11",0,1,108.9,72.6,17.1,44.6,41.7,85.6,4.8,0.3,0.8,2.7,10.7,3,4,0.556302500767287,2,1,650,650,116.583333333333,1,1,0,0,0,0,1,0,1,1,1,0,1,0,0,0,"Mourning.Dove","Carolina.Chickadee",0.482393162393162
"12",0,1,99.9,71.5,25.2,39,46.3,85,1.8,0.5,0.5,1.8,2.7,1,4,0.221848749616356,0,2,500,500,107.2,1,1,0,0,0,0,1,0,0,1,1,0,1,0,0,0,"Mourning.Dove","Carolina.Wren",-0.109059829059829
"13",0,2,97.9,73.4,5.4,30.7,25.5,55.8,1.1,0.8,1.3,2.9,0.5,1,8,0.0969100130080562,1,3,1000,1000,105.28,0,0,0,0,0,0,1,0,1,1,1,1,0,0,0,0,"Mourning.Dove","White.breasted.Nuthatch",0.0796581196581197
"14",0,2,108.7,86.8,13.3,41.7,38,79.4,4.8,0.5,0.6,1.1,4.3,1,7,0.204119982655925,1,1,1900,1900,116.924,1,1,0,0,0,1,1,0,1,1,1,0,1,0,0,0,"Mourning.Dove","Brown.headed.Nuthatch",-0.16034188034188
"15",2,1,70.4,4.60000000000001,16,1.09999999999999,30,32.1,12.6,1.9,1.9,2.9,2.5,0,4,0.204119982655925,1,1,500,500,78.85,0,0,0,0,0,0,1,0,0,1,1,1,1,0,0,0,"Mourning.Dove","Northern.Mockingbird",0.427008547008547
"16",1,2,50.1,0.400000000000006,22.7,4.89999999999999,39.1,41.9,14.6,2.9,2.7,10,10.5,0,4,0.0791812460476249,2,3,1980,1980,56.8333333333333,1,1,0,0,0,0,1,0,0,1,1,0,1,0,0,0,"Mourning.Dove","Brown.Thrasher",0.473504273504273
"17",1,1,91.4,59.7,3.8,27.2,21.7,48.6,0.0999999999999979,1.1,1.5,0.200000000000001,4.2,2,3,0.0791812460476249,1,2,60,60,97.1166666666667,0,0,0,0,0,0,1,0,0,1,1,0,1,0,0,0,"Mourning.Dove","Eastern.Bluebird",0.38051282051282
"18",2,0,40.4,26.5,7.6,1.3,16.2,17.4,13.1,3.4,2.9,3.2,3.8,0,2,0.447158031342219,1,2,1000,1000,47.3666666666667,0,0,0,0,0,0,1,0,1,1,1,0,1,0,0,0,"Mourning.Dove","American.Robin",0.183589743589744
"19",0,0,92.4,65,9.3,37.2,32.7,69.5,1.7,4,3.6,0.200000000000001,6.1,1,6,0.221848749616356,0,2,2100,2100,99.56,0,0,0,1,1,0,0,1,0,1,0,1,1,1,1,1,"Mourning.Dove","House.Sparrow",0.258119658119658
"20",1,1,97.5,56,9.1,35.8,31.9,67.2,2.2,4.8,3.9,0.9,9,0,5,0.447158031342219,1,2,1000,1000,105.275,0,0,0,1,1,0,0,0,1,1,1,1,1,1,1,0,"Mourning.Dove","House.Finch",0.563760683760684
"21",0,2,106.1,73.9,9,41.3,34,74.6,6.1,2.9,1.6,1.1,8.1,0,5,0.0969100130080562,0,1,1500,1500,114.05,1,1,0,1,1,0,1,1,1,1,1,1,1,1,1,0,"Mourning.Dove","American.Goldfinch",0.51042735042735
"22",2,1,106.7,66.2,12.4,40.6,36.8,76.4,3.3,1.5,1.3,2.3,6.5,0,5,0.301029995663981,1,0,1300,1300,113.65,0,0,0,1,0,1,1,0,1,1,1,0,1,0,0,0,"Mourning.Dove","Chipping.Sparrow",0.0851282051282051
"23",1,1,78.9,30.5,23,20.8,42,62.1,7.4,4.8,2.8,0.5,4.2,0,4,0.602059991327962,3,0,520,520,85.8833333333333,0,0,0,0,0,0,1,0,0,1,1,0,1,1,0,0,"Mourning.Dove","Eastern.Towhee",0.115897435897436
"24",2,0,68.1,33.3,12.6,2.69999999999999,25.3,26.4,8.4,5.4,2.9,6.1,3.1,0,2,0.204119982655925,1,1,0,0,70.6,0,0,0,1,0,1,1,0,1,1,1,0,1,1,1,0,"Mourning.Dove","Red.winged.Blackbird",0.139145299145299
"25",2,1,78.6,52.4,3.6,22.8,19.2,39.4,5.1,5.5,3.1,1.8,2,2,3,0.204119982655925,1,1,395,395,84.25,0,0,0,1,0,1,1,0,1,1,1,0,1,0,0,1,"Mourning.Dove","Brown.headed.Cowbird",0.647863247863248
"26",1,0,13.7,4,10.7,6.60000000000001,18.8,11.5,16,7.1,4.6,12.5,13.4,1,5,0.556302500767287,2,1,1500,1500,19.25,1,1,0,0,0,0,1,0,0,0,0,0,0,0,0,1,"Mourning.Dove","Common.Grackle",0.112478632478632
"27",2,1,107.1,68.2,8,40.4,32.5,72.6,1,0.4,0.4,1.3,6.2,1,2,0.380211241711606,2,1,550,550,114.75,0,0,0,0,0,0,1,0,1,1,1,0,1,0,0,0,"Mourning.Dove","Pine.Warbler",-0.271794871794872
"28",0,1,76.3,20.4,21.1,13.9,38.9,50.9,4.9,8.9,6.6,5.4,2,1,3,0.204119982655925,3,3,500,500,82.3666666666667,0,0,0,0,0,0,1,0,0,1,1,0,1,1,0,0,"Mourning.Dove","Northern.Cardinal",0.0988034188034188
"30",0,0,0,0,0,0,0,0,0,0,0,0,0,0,0,0,0,0,0,0,0,0,1,1,1,1,1,1,1,1,1,1,1,1,1,1,1,"Ring.billed.Gull","Ring.billed.Gull",1
"31",1,2,444.7,49.9,27.1,61.1,164.9,226.3,30.6,5.6,1.4,0.699999999999999,20.8,0,7,0.0791812460476249,2,4,2300,2300,423.45,1,0,0,0,0,0,1,0,0,0,0,0,0,1,0,0,"Ring.billed.Gull","Red.headed.Woodpecker",0.148717948717949
"32",1,2,446.8,56.4,28,69.6,170,238.8,30.1,5.4,0.9,2,15.5,1,5,0.221848749616356,2,0,500,500,435.266666666667,1,0,0,0,0,0,0,0,0,0,0,0,0,0,1,0,"Ring.billed.Gull","Red.bellied.Woodpecker",0.302564102564102
"33",1,1,490.7,74.6,29.2,94.1,181.2,274.7,35.4,8.2,1.3,7.4,30.7,0,4,0.221848749616356,2,0,2650,2650,473.966666666667,1,0,0,0,0,0,1,1,0,0,0,0,1,1,0,0,"Ring.billed.Gull","Downy.Woodpecker",0.202051282051282
"34",1,1,496.6,63.1,35.6,93.3,188.1,282.1,33.5,8.9,0.7,9.9,30.7,1,3,1,4,2,2400,2400,480.866666666667,0,1,0,0,0,0,1,0,0,0,0,1,1,1,0,0,"Ring.billed.Gull","Eastern.Phoebe",0.215042735042735
"35",1,1,428.3,11.8,38.8,51.7,182.6,236,16.5,4.1,3.9,1,18.2,1,4,0.346787486224656,2,1,900,900,424.293333333333,1,0,0,0,0,0,1,0,0,0,0,1,1,0,1,1,"Ring.billed.Gull","Blue.Jay",0.0208547008547009
"36",0,1,67.4999999999999,33.9,19.7,26.2,98.6,72.5,3.8,3.6,7.7,13.6,1.8,0,4,0.301029995663981,0,4,1700,1700,44.0666666666667,1,0,0,0,1,0,1,0,1,0,1,1,0,0,1,1,"Ring.billed.Gull","American.Crow",0.372991452991453
"37",1,1,484.7,73.4,21.1,98,172,270.6,34.5,8.1,1.7,13,33,1,3,0.045757490560675,2,2,2900,2900,466.975,1,0,0,0,0,0,0,0,0,0,0,0,0,0,0,0,"Ring.billed.Gull","Cedar.Waxwing",-0.286837606837607
"38",1,2,494.7,64.6,40.1,94.8,193,288.1,30.7,7.5,1.3,10.8,34.8,2,4,0.045757490560675,2,2,510,510,478.2,1,0,0,0,0,0,1,0,0,0,0,1,1,1,0,0,"Ring.billed.Gull","Tufted.Titmouse",0.0796581196581197
"39",1,1,506.3,83.6,36.7,113,194.1,307.2,36.4,9.3,2.7,13,39.2,2,3,0.045757490560675,2,2,1750,1750,489.583333333333,1,0,0,0,0,0,1,0,0,0,0,1,1,0,0,0,"Ring.billed.Gull","Carolina.Chickadee",0.221880341880342
"40",1,1,497.3,82.5,44.8,107.4,198.7,306.6,29.8,9.1,3,8.5,31.2,0,3,0.823908740944319,4,1,1900,1900,480.2,1,0,0,0,0,0,1,0,0,0,0,1,1,1,0,0,"Ring.billed.Gull","Carolina.Wren",-0.0276923076923077
"41",1,2,495.3,84.4,25,99.1,177.9,277.4,32.7,8.8,2.2,7.4,29,0,7,0.698970004336019,3,2,3400,3400,478.28,0,1,0,0,0,0,1,0,0,0,0,0,0,0,1,0,"Ring.billed.Gull","White.breasted.Nuthatch",0.168547008547009
"42",1,2,506.1,97.8,32.9,110.1,190.4,301,36.4,9.1,2.9,9.2,32.8,0,6,0.397940008672038,3,0,500,500,489.924,1,0,0,0,0,1,1,0,0,0,0,1,1,0,0,0,"Ring.billed.Gull","Brown.headed.Nuthatch",0.195213675213675
"43",1,1,467.8,15.6,35.6,69.5,182.4,253.7,19,7.7,1.6,7.4,26,1,3,0.397940008672038,3,0,2900,2900,451.85,0,1,0,0,0,0,1,0,0,0,0,0,1,0,1,0,"Ring.billed.Gull","Northern.Mockingbird",0.196581196581197
"44",0,2,447.5,11.4,42.3,73.3,191.5,263.5,17,6.7,0.8,0.300000000000001,18,1,3,0.522878745280338,2,2,420,420,429.833333333333,1,0,0,0,0,0,1,0,0,0,0,1,1,0,1,0,"Ring.billed.Gull","Brown.Thrasher",-0.19042735042735
"45",0,1,488.8,70.7,23.4,95.6,174.1,270.2,31.5,8.5,2,10.5,32.7,1,2,0.522878745280338,3,1,2340,2340,470.116666666667,0,1,0,0,0,0,1,0,0,0,0,1,1,1,0,0,"Ring.billed.Gull","Eastern.Bluebird",0.32991452991453
"46",1,0,437.8,37.5,27.2,69.7,168.6,239,18.5,6.2,0.6,7.1,24.7,1,1,0.154901959985743,3,3,3400,3400,420.366666666667,0,1,0,0,0,0,1,0,0,0,0,1,1,0,0,0,"Ring.billed.Gull","American.Robin",0.241025641025641
"47",1,0,489.8,76,28.9,105.6,185.1,291.1,33.3,5.6,0.0999999999999996,10.5,34.6,2,5,0.823908740944319,4,1,4500,4500,472.56,0,0,0,0,0,0,0,0,0,0,0,0,1,0,0,1,"Ring.billed.Gull","House.Sparrow",-0.0317948717948718
"48",0,1,494.9,67,28.7,104.2,184.3,288.8,33.8,4.8,0.399999999999999,11.2,37.5,1,4,0.154901959985743,3,3,3400,3400,478.275,0,1,0,0,0,0,0,0,0,0,0,0,1,0,0,0,"Ring.billed.Gull","House.Finch",0.126153846153846
"49",1,2,503.5,84.9,28.6,109.7,186.4,296.2,37.7,6.7,1.9,11.4,36.6,1,4,0.698970004336019,4,0,900,900,487.05,1,0,0,0,0,0,1,0,0,0,0,0,1,0,0,0,"Ring.billed.Gull","American.Goldfinch",0.0447863247863248
"50",1,1,504.1,77.2,32,109,189.2,298,34.9,8.1,2.2,12.6,35,1,4,0.301029995663981,3,1,3700,3700,486.65,0,1,0,0,0,1,1,0,0,0,0,1,1,0,1,0,"Ring.billed.Gull","Chipping.Sparrow",0.011965811965812
"51",0,1,476.3,41.5,42.6,89.2,194.4,283.7,24.2,4.8,0.7,9.8,32.7,1,3,0,1,1,1880,1880,458.883333333333,0,1,0,0,0,0,1,0,0,0,0,0,1,0,1,0,"Ring.billed.Gull","Eastern.Towhee",0.0728205128205128
"52",1,0,465.5,44.3,32.2,71.1,177.7,248,23.2,4.2,0.6,4.2,25.4,1,1,0.397940008672038,3,0,2400,2400,443.6,0,1,0,0,0,1,1,0,0,0,0,1,1,0,0,0,"Ring.billed.Gull","Red.winged.Blackbird",-0.200683760683761
"53",1,1,476,63.4,23.2,91.2,171.6,261,26.5,4.1,0.4,8.5,30.5,1,2,0.397940008672038,3,0,2795,2795,457.25,0,1,0,0,0,1,1,0,0,0,0,1,1,1,0,1,"Ring.billed.Gull","Brown.headed.Cowbird",0.0564102564102564
"54",0,0,411.1,15,30.3,61.8,171.2,233.1,15.6,2.5,1.1,2.2,15.1,2,4,0.045757490560675,2,2,900,900,392.25,1,0,0,0,0,0,1,0,0,0,0,1,0,1,1,1,"Ring.billed.Gull","Common.Grackle",0.144615384615385
"55",1,1,504.5,79.2,27.6,108.8,184.9,294.2,32.6,9.2,3.1,11.6,34.7,0,1,0.221848749616356,2,0,2950,2950,487.75,0,1,0,0,0,0,1,1,0,0,0,1,1,1,0,0,"Ring.billed.Gull","Pine.Warbler",0.284102564102564
"56",1,1,473.7,31.4,40.7,82.3,191.3,272.5,26.7,0.699999999999999,3.1,4.9,30.5,2,2,0.397940008672038,1,2,1900,1900,455.366666666667,0,1,0,0,0,0,1,0,0,0,0,0,1,0,1,0,"Ring.billed.Gull","Northern.Cardinal",-0.236239316239316
"59",0,0,0,0,0,0,0,0,0,0,0,0,0,0,0,0,0,0,0,0,0,0,1,1,1,1,1,1,1,1,1,1,1,1,1,1,1,"Red.headed.Woodpecker","Red.headed.Woodpecker",1
"60",0,0,2.09999999999999,6.5,0.900000000000002,8.5,5.1,12.5,0.5,0.199999999999999,0.5,1.3,5.3,1,2,0.301029995663981,0,4,1800,1800,11.8166666666667,0,1,0,1,1,0,0,0,1,1,1,1,1,0,0,1,"Red.headed.Woodpecker","Red.bellied.Woodpecker",0.610940170940171
"61",0,1,46,24.7,2.1,33,16.3,48.4,4.8,2.6,2.7,8.1,9.9,0,3,0.301029995663981,0,4,350,350,50.5166666666667,0,1,1,0,0,0,1,0,0,1,0,1,0,1,1,1,"Red.headed.Woodpecker","Downy.Woodpecker",0.267008547008547
"62",2,1,51.9,13.2,8.5,32.2,23.2,55.8,2.9,3.3,2.1,10.6,9.9,1,4,1.07918124604762,2,6,100,100,57.4166666666667,1,0,0,0,0,0,1,0,0,1,0,0,0,1,1,1,"Red.headed.Woodpecker","Eastern.Phoebe",0.421538461538461
"63",0,1,16.4,38.1,11.7,9.39999999999999,17.7,9.69999999999999,14.1,1.5,2.5,1.7,2.6,1,3,0.425968732272281,0,5,1400,1400,0.843333333333334,0,1,0,1,1,0,1,0,1,1,1,0,0,0,0,0,"Red.headed.Woodpecker","Blue.Jay",0.574017094017094
"64",1,1,377.2,83.8,7.4,87.3,66.3,153.8,34.4,9.2,6.3,12.9,22.6,0,3,0.221848749616356,2,0,600,600,379.383333333333,0,1,0,1,0,0,1,1,0,0,0,0,1,0,0,0,"Red.headed.Woodpecker","American.Crow",0.0817094017094017
"65",2,1,40,23.5,6,36.9,7.1,44.3,3.9,2.5,3.1,13.7,12.2,1,4,0.1249387366083,0,2,600,600,43.525,2,0,0,0,0,0,0,0,0,1,0,1,1,0,0,1,"Red.headed.Woodpecker","Cedar.Waxwing",-0.346324786324786
"66",0,0,50,14.7,13,33.7,28.1,61.8,0.100000000000001,1.9,2.7,11.5,14,2,3,0.1249387366083,0,2,1790,1790,54.75,0,1,1,0,0,0,1,0,0,1,0,0,0,1,1,1,"Red.headed.Woodpecker","Tufted.Titmouse",0.0714529914529914
"67",0,1,61.6,33.7,9.6,51.9,29.2,80.9,5.8,3.7,4.1,13.7,18.4,2,4,0.1249387366083,0,2,550,550,66.1333333333333,0,1,1,0,0,0,1,0,0,1,0,0,0,0,1,1,"Red.headed.Woodpecker","Carolina.Chickadee",0.0311111111111111
"68",0,1,52.6,32.6,17.7,46.3,33.8,80.3,0.799999999999997,3.5,4.4,9.2,10.4,0,4,0.903089986991944,2,5,400,400,56.75,0,1,1,0,0,0,1,0,1,1,0,0,0,1,1,1,"Red.headed.Woodpecker","Carolina.Wren",0.103589743589744
"69",0,0,50.6,34.5,2.1,38,13,51.1,2.1,3.2,3.6,8.1,8.2,0,0,0.778151250383644,1,6,1100,1100,54.83,1,0,1,0,0,0,1,0,0,1,0,1,1,0,0,1,"Red.headed.Woodpecker","White.breasted.Nuthatch",0.381196581196581
"70",0,0,61.4,47.9,5.8,49,25.5,74.7,5.8,3.5,4.3,9.9,12,0,1,0.477121254719662,1,4,1800,1800,66.474,0,1,0,0,0,0,1,0,0,1,0,0,0,0,1,1,"Red.headed.Woodpecker","Brown.headed.Nuthatch",0.281367521367521
"71",2,1,23.1,34.3,8.5,8.40000000000001,17.5,27.4,11.6,2.1,3,8.1,5.2,1,4,0.477121254719662,1,4,600,600,28.4,1,0,0,1,0,0,1,0,1,1,0,1,0,0,0,0,"Red.headed.Woodpecker","Northern.Mockingbird",0.416068376068376
"72",1,0,2.8,38.5,15.2,12.2,26.6,37.2,13.6,1.1,2.2,1,2.8,1,4,0.602059991327962,0,6,1880,1880,6.38333333333333,0,1,0,0,0,0,1,0,1,1,0,0,0,0,0,0,"Red.headed.Woodpecker","Brown.Thrasher",-0.0605128205128205
"73",1,1,44.1,20.8,3.7,34.5,9.2,43.9,0.900000000000002,2.9,3.4,11.2,11.9,1,5,0.602059991327962,1,5,40,40,46.6666666666667,1,0,0,0,0,0,1,0,1,1,0,0,0,1,1,1,"Red.headed.Woodpecker","Eastern.Bluebird",-0.0892307692307692
"74",2,2,6.90000000000001,12.4,0.100000000000001,8.60000000000001,3.7,12.7,12.1,0.6,2,7.8,3.9,1,6,0.234083206033368,1,1,1100,1100,3.08333333333334,1,0,1,1,0,0,1,0,0,1,0,0,0,0,1,0,"Red.headed.Woodpecker","American.Robin",-0.00717948717948718
"75",0,2,45.1,26.1,1.8,44.5,20.2,64.8,2.7,0,1.3,11.2,13.8,2,2,0.903089986991944,2,5,2200,2200,49.11,1,0,0,0,0,0,0,0,1,1,1,1,0,0,0,0,"Red.headed.Woodpecker","House.Sparrow",-0.275897435897436
"76",1,1,50.2,17.1,1.6,43.1,19.4,62.5,3.2,0.799999999999999,1,11.9,16.7,1,3,0.234083206033368,1,1,1100,1100,54.825,1,0,0,0,0,0,0,0,0,1,0,1,0,0,0,1,"Red.headed.Woodpecker","House.Finch",-0.0905982905982906
"77",0,0,58.8,35,1.5,48.6,21.5,69.9,7.1,1.1,3.3,12.1,15.8,1,3,0.778151250383644,2,4,1400,1400,63.6,0,1,0,0,0,0,1,0,0,1,0,1,0,0,0,1,"Red.headed.Woodpecker","American.Goldfinch",0.0947008547008547
"78",2,1,59.4,27.3,4.9,47.9,24.3,71.7,4.3,2.5,3.6,13.3,14.2,1,3,0.380211241711606,1,3,1400,1400,63.2,1,0,0,0,0,0,1,0,0,1,0,0,0,0,0,0,"Red.headed.Woodpecker","Chipping.Sparrow",0.221880341880342
"79",1,1,31.6,8.40000000000001,15.5,28.1,29.5,57.4,6.4,0.799999999999999,2.1,10.5,11.9,1,4,0.0791812460476249,1,3,420,420,35.4333333333333,1,0,1,1,1,0,1,0,1,1,0,0,0,0,0,0,"Red.headed.Woodpecker","Eastern.Towhee",0.26017094017094
"80",2,2,20.8,5.60000000000001,5.1,10,12.8,21.7,7.4,1.4,2,4.9,4.6,1,6,0.477121254719662,1,4,100,100,20.15,1,0,0,0,0,0,1,0,0,1,0,0,0,0,0,0,"Red.headed.Woodpecker","Red.winged.Blackbird",0.0947008547008547
"81",2,1,31.3,13.5,3.9,30.1,6.7,34.7,4.1,1.5,1.8,9.2,9.7,1,5,0.477121254719662,1,4,495,495,33.8,1,0,0,0,0,0,1,0,0,1,0,0,0,1,1,0,"Red.headed.Woodpecker","Brown.headed.Cowbird",0.0208547008547009
"82",1,2,33.6,34.9,3.2,0.700000000000003,6.3,6.79999999999998,15,3.1,0.3,1.5,5.7,2,3,0.1249387366083,0,2,1400,1400,31.2,0,1,0,1,1,0,1,0,1,0,1,0,1,1,0,0,"Red.headed.Woodpecker","Common.Grackle",0.267692307692308
"83",2,1,59.8,29.3,0.5,47.7,20,67.9,2,3.6,4.5,12.3,13.9,0,6,0.301029995663981,0,4,650,650,64.3,1,0,1,0,0,0,1,0,0,1,0,0,0,1,1,1,"Red.headed.Woodpecker","Pine.Warbler",0.573333333333333
"84",0,1,29,18.5,13.6,21.2,26.4,46.2,3.9,4.9,1.7,5.6,9.7,2,5,0.477121254719662,1,6,400,400,31.9166666666667,1,0,0,1,0,0,1,0,1,1,0,0,0,0,0,1,"Red.headed.Woodpecker","Northern.Cardinal",-0.232820512820513
"88",0,0,0,0,0,0,0,0,0,0,0,0,0,0,0,0,0,0,0,0,0,0,1,1,1,1,1,1,1,1,1,1,1,1,1,1,1,"Red.bellied.Woodpecker","Red.bellied.Woodpecker",1
"89",0,1,43.9,18.2,1.2,24.5,11.2,35.9,5.3,2.8,2.2,9.4,15.2,1,1,0,0,0,2150,2150,38.7,0,1,0,0,0,0,0,0,0,1,0,1,0,0,0,1,"Red.bellied.Woodpecker","Downy.Woodpecker",0.485811965811966
"90",2,1,49.8,6.7,7.6,23.7,18.1,43.3,3.4,3.5,1.6,11.9,15.2,0,2,0.778151250383644,2,2,1900,1900,45.6,1,0,1,0,0,0,0,0,0,1,0,0,0,0,0,1,"Red.bellied.Woodpecker","Eastern.Phoebe",0.37982905982906
"91",0,1,18.5,44.6,10.8,17.9,12.6,2.8,13.6,1.3,3,3,2.7,0,1,0.1249387366083,0,1,400,400,10.9733333333333,0,1,1,1,1,0,0,0,1,1,1,0,0,1,1,0,"Red.bellied.Woodpecker","Blue.Jay",0.657435897435897
"92",1,1,379.3,90.3,8.3,95.8,71.4,166.3,33.9,9,6.8,11.6,17.3,1,1,0.522878745280338,2,4,1200,1200,391.2,0,1,0,1,0,1,0,0,0,0,0,0,1,1,1,0,"Red.bellied.Woodpecker","American.Crow",0.558290598290598
"93",2,1,37.9,17,6.9,28.4,2,31.8,4.4,2.7,2.6,15,17.5,0,2,0.176091259055681,0,2,2400,2400,31.7083333333333,2,0,1,0,0,0,0,0,0,1,0,1,1,0,0,1,"Red.bellied.Woodpecker","Cedar.Waxwing",-0.401709401709402
"94",0,0,47.9,8.2,12.1,25.2,23,49.3,0.600000000000001,2.1,2.2,12.8,19.3,3,1,0.176091259055681,0,2,10,10,42.9333333333333,0,1,0,0,0,0,0,0,0,1,0,0,0,0,0,1,"Red.bellied.Woodpecker","Tufted.Titmouse",0.245128205128205
"95",0,1,59.5,27.2,8.7,43.4,24.1,68.4,6.3,3.9,3.6,15,23.7,3,2,0.176091259055681,0,2,1250,1250,54.3166666666667,0,1,0,0,0,0,0,0,0,1,0,0,0,1,0,1,"Red.bellied.Woodpecker","Carolina.Chickadee",0.347008547008547
"96",0,1,50.5,26.1,16.8,37.8,28.7,67.8,0.299999999999997,3.7,3.9,10.5,15.7,1,2,0.602059991327962,2,1,1400,1400,44.9333333333333,0,1,0,0,0,0,0,0,1,1,0,0,0,0,0,1,"Red.bellied.Woodpecker","Carolina.Wren",0.592478632478632
"97",0,0,48.5,28,3,29.5,7.9,38.6,2.6,3.4,3.1,9.4,13.5,1,2,0.477121254719662,1,2,2900,2900,43.0133333333333,1,0,0,0,0,0,0,1,0,1,0,1,1,1,1,1,"Red.bellied.Woodpecker","White.breasted.Nuthatch",0.668376068376068
"98",0,0,59.3,41.4,4.9,40.5,20.4,62.2,6.3,3.7,3.8,11.2,17.3,1,1,0.176091259055681,1,0,0,0,54.6573333333333,0,1,1,0,0,0,0,1,0,1,0,0,0,1,0,1,"Red.bellied.Woodpecker","Brown.headed.Nuthatch",0.682735042735043
"99",2,1,21,40.8,7.6,0.0999999999999943,12.4,14.9,11.1,2.3,2.5,9.4,10.5,0,2,0.176091259055681,1,0,2400,2400,16.5833333333333,1,0,0,1,0,0,0,0,1,1,0,1,0,1,1,0,"Red.bellied.Woodpecker","Northern.Mockingbird",0.593162393162393
"100",1,0,0.700000000000003,45,14.3,3.7,21.5,24.7,13.1,1.3,1.7,2.3,2.5,0,2,0.301029995663981,0,2,80,80,5.43333333333334,0,1,0,0,0,0,0,0,1,1,0,0,0,1,1,0,"Red.bellied.Woodpecker","Brown.Thrasher",-0.0830769230769231
"101",1,1,42,14.3,4.6,26,4.1,31.4,1.4,3.1,2.9,12.5,17.2,2,3,0.301029995663981,1,1,1840,1840,34.85,1,0,1,0,0,0,0,0,1,1,0,0,0,0,0,1,"Red.bellied.Woodpecker","Eastern.Bluebird",0.0112820512820513
"102",2,2,9,18.9,0.800000000000001,0.100000000000009,1.4,0.200000000000003,11.6,0.8,1.5,9.1,9.2,0,4,0.0669467896306132,1,3,2900,2900,14.9,1,0,0,1,0,0,0,0,0,1,0,0,0,1,0,0,"Red.bellied.Woodpecker","American.Robin",0.158974358974359
"103",0,2,43,19.6,0.899999999999999,36,15.1,52.3,3.2,0.199999999999999,0.8,12.5,19.1,1,0,0.602059991327962,2,1,4000,4000,37.2933333333333,1,0,0,0,0,0,1,0,1,1,1,1,0,0,0,0,"Red.bellied.Woodpecker","House.Sparrow",0.0304273504273504
"104",1,1,48.1,10.6,0.699999999999999,34.6,14.3,50,3.7,0.6,0.5,13.2,22,0,1,0.0669467896306132,1,3,2900,2900,43.0083333333333,1,0,0,0,0,0,1,0,0,1,0,1,0,0,0,1,"Red.bellied.Woodpecker","House.Finch",0.00239316239316239
"105",0,0,56.7,28.5,0.599999999999998,40.1,16.4,57.4,7.6,1.3,2.8,13.4,21.1,0,1,0.477121254719662,2,0,400,400,51.7833333333333,0,1,0,0,0,0,0,0,0,1,0,1,0,0,0,1,"Red.bellied.Woodpecker","American.Goldfinch",0.132307692307692
"106",2,1,57.3,20.8,4,39.4,19.2,59.2,4.8,2.7,3.1,14.6,19.5,0,1,0.0791812460476248,1,1,3200,3200,51.3833333333333,1,0,1,0,0,0,0,0,0,1,0,0,0,1,1,0,"Red.bellied.Woodpecker","Chipping.Sparrow",0.47965811965812
"107",1,1,29.5,14.9,14.6,19.6,24.4,44.9,5.9,0.6,1.6,11.8,17.2,0,2,0.221848749616356,1,1,1380,1380,23.6166666666667,1,0,0,1,1,0,0,1,1,1,0,0,0,0,1,0,"Red.bellied.Woodpecker","Eastern.Towhee",0.31008547008547
"108",2,2,18.7,12.1,4.2,1.5,7.7,9.2,6.9,1.2,1.5,6.2,9.9,0,4,0.176091259055681,1,0,1900,1900,8.33333333333334,1,0,0,0,0,0,0,0,0,1,0,0,0,0,0,0,"Red.bellied.Woodpecker","Red.winged.Blackbird",0.0229059829059829
"109",2,1,29.2,7,4.8,21.6,1.6,22.2,3.6,1.3,1.3,10.5,15,2,3,0.176091259055681,1,0,2295,2295,21.9833333333333,1,0,0,0,0,0,0,0,0,1,0,0,0,0,0,0,"Red.bellied.Woodpecker","Brown.headed.Cowbird",0.133675213675214
"110",1,2,35.7,41.4,2.3,7.8,1.2,5.7,14.5,2.9,0.2,0.199999999999999,0.399999999999999,1,1,0.176091259055681,0,2,400,400,43.0166666666667,0,1,1,1,1,1,0,1,1,0,1,0,1,0,1,0,"Red.bellied.Woodpecker","Common.Grackle",0.191111111111111
"111",2,1,57.7,22.8,0.400000000000002,39.2,14.9,55.4,2.5,3.8,4,13.6,19.2,1,4,0,0,0,2450,2450,52.4833333333333,1,0,0,0,0,0,0,0,0,1,0,0,0,0,0,1,"Red.bellied.Woodpecker","Pine.Warbler",0.26017094017094
"112",0,1,26.9,25,12.7,12.7,21.3,33.7,3.4,4.7,2.2,6.9,15,1,3,0.176091259055681,1,2,1400,1400,20.1,1,0,0,1,0,0,0,0,1,1,0,0,0,0,1,1,"Red.bellied.Woodpecker","Northern.Cardinal",0.194529914529915
"117",0,0,0,0,0,0,0,0,0,0,0,0,0,0,0,0,0,0,0,0,0,0,1,1,1,1,1,1,1,1,1,1,1,1,1,1,1,"Downy.Woodpecker","Downy.Woodpecker",1
"118",2,0,5.9,11.5,6.4,0.799999999999997,6.9,7.39999999999999,1.9,0.7,0.6,2.5,0,1,1,0.778151250383644,2,2,250,250,6.9,1,0,0,1,0,0,1,0,1,1,1,0,1,1,1,1,"Downy.Woodpecker","Eastern.Phoebe",0.197948717948718
"119",0,0,62.4,62.8,9.6,42.4,1.4,38.7,18.9,4.1,5.2,6.4,12.5,1,0,0.1249387366083,0,1,1750,1750,49.6733333333333,0,1,0,0,0,0,1,0,0,1,0,0,1,0,0,0,"Downy.Woodpecker","Blue.Jay",0.277264957264957
"120",1,0,423.2,108.5,9.5,120.3,82.6,202.2,39.2,11.8,9,21,32.5,0,0,0.522878745280338,2,4,950,950,429.9,0,1,0,0,0,0,1,0,0,0,0,0,0,0,0,0,"Downy.Woodpecker","American.Crow",0.111794871794872
"121",2,0,6,1.2,8.1,3.90000000000001,9.2,4.10000000000001,0.899999999999999,0.100000000000001,0.4,5.6,2.3,1,1,0.176091259055681,0,2,250,250,6.99166666666666,2,0,0,0,0,0,0,0,1,1,1,1,0,0,0,1,"Downy.Woodpecker","Cedar.Waxwing",-0.193846153846154
"122",0,1,4,9.99999999999999,10.9,0.700000000000003,11.8,13.4,4.7,0.7,0,3.4,4.1,2,0,0.176091259055681,0,2,2140,2140,4.23333333333333,0,1,1,1,0,0,1,0,1,1,1,0,1,1,1,1,"Downy.Woodpecker","Tufted.Titmouse",0.374358974358974
"123",0,0,15.6,9,7.5,18.9,12.9,32.5,1,1.1,1.4,5.6,8.5,2,1,0.176091259055681,0,2,900,900,15.6166666666667,0,1,1,1,0,1,1,0,1,1,1,0,1,0,1,1,"Downy.Woodpecker","Carolina.Chickadee",0.225982905982906
"124",0,0,6.6,7.9,15.6,13.3,17.5,31.9,5.6,0.9,1.7,1.1,0.5,0,1,0.602059991327962,2,1,750,750,6.23333333333333,0,1,1,1,0,0,1,0,0,1,1,0,1,1,1,1,"Downy.Woodpecker","Carolina.Wren",0.452307692307692
"125",0,1,4.6,9.8,4.2,5.00000000000001,3.3,2.7,2.7,0.6,0.9,0,1.7,0,3,0.477121254719662,1,2,750,750,4.31333333333334,1,0,1,1,0,0,1,0,1,1,1,1,0,0,0,1,"Downy.Woodpecker","White.breasted.Nuthatch",0.397606837606838
"126",0,1,15.4,23.2,3.7,16,9.2,26.3,1,0.9,1.6,1.8,2.1,0,2,0.176091259055681,1,0,2150,2150,15.9573333333333,0,1,0,1,0,0,1,0,1,1,1,0,1,0,1,1,"Downy.Woodpecker","Brown.headed.Nuthatch",0.299145299145299
"127",2,0,22.9,59,6.4,24.6,1.2,21,16.4,0.5,0.300000000000001,0,4.7,1,1,0.176091259055681,1,0,250,250,22.1166666666667,1,0,0,0,0,0,1,0,0,1,1,1,1,0,0,0,"Downy.Woodpecker","Northern.Mockingbird",0.204786324786325
"128",1,1,43.2,63.2,13.1,20.8,10.3,11.2,18.4,1.5,0.5,7.1,12.7,1,1,0.301029995663981,0,2,2230,2230,44.1333333333333,0,1,0,1,0,0,1,0,0,1,1,0,1,0,0,0,"Downy.Woodpecker","Brown.Thrasher",0.0311111111111111
"129",1,0,1.9,3.9,5.8,1.5,7.1,4.5,3.9,0.3,0.7,3.1,2,1,2,0.301029995663981,1,1,310,310,3.85,1,0,0,1,1,0,1,0,0,1,1,0,1,1,1,1,"Downy.Woodpecker","Eastern.Bluebird",0.363418803418803
"130",2,1,52.9,37.1,2,24.4,12.6,35.7,16.9,2,0.699999999999999,0.300000000000001,6,1,3,0.0669467896306132,1,3,750,750,53.6,1,0,1,0,0,0,1,0,1,1,1,0,1,0,1,0,"Downy.Woodpecker","American.Robin",-0.258803418803419
"131",0,1,0.899999999999999,1.4,0.300000000000001,11.5,3.9,16.4,2.1,2.6,1.4,3.1,3.9,2,1,0.602059991327962,2,1,1850,1850,1.40666666666667,1,0,0,0,0,0,0,0,0,1,0,1,1,0,0,0,"Downy.Woodpecker","House.Sparrow",0.39965811965812
"132",1,0,4.2,7.6,0.5,10.1,3.1,14.1,1.6,3.4,1.7,3.8,6.8,1,0,0.0669467896306132,1,3,750,750,4.30833333333333,1,0,0,0,0,0,0,0,1,1,1,1,1,0,0,1,"Downy.Woodpecker","House.Finch",0.078974358974359
"133",0,1,12.8,10.3,0.600000000000001,15.6,5.2,21.5,2.3,1.5,0.6,4,5.9,1,0,0.477121254719662,2,0,1750,1750,13.0833333333333,0,1,0,0,0,0,1,0,1,1,1,1,1,0,0,1,"Downy.Woodpecker","American.Goldfinch",-0.0447863247863248
"134",2,0,13.4,2.6,2.8,14.9,8,23.3,0.5,0.100000000000001,0.9,5.2,4.3,1,0,0.0791812460476248,1,1,1050,1050,12.6833333333333,1,0,0,0,0,0,1,0,1,1,1,0,1,0,0,0,"Downy.Woodpecker","Chipping.Sparrow",0.328547008547008
"135",1,0,14.4,33.1,13.4,4.89999999999999,13.2,9,11.2,3.4,0.6,2.4,2,1,1,0.221848749616356,1,1,770,770,15.0833333333333,1,0,1,0,0,0,1,0,0,1,1,0,1,0,0,0,"Downy.Woodpecker","Eastern.Towhee",0.137777777777778
"136",2,1,25.2,30.3,3,23,3.5,26.7,12.2,4,0.699999999999999,3.2,5.3,1,3,0.176091259055681,1,0,250,250,30.3666666666667,1,0,0,0,0,0,1,0,1,1,1,0,1,0,0,0,"Downy.Woodpecker","Red.winged.Blackbird",-0.321709401709402
"137",2,0,14.7,11.2,6,2.89999999999999,9.6,13.7,8.9,4.1,0.9,1.1,0.200000000000003,1,2,0.176091259055681,1,0,145,145,16.7166666666667,1,0,0,0,0,0,1,0,1,1,1,0,1,1,1,0,"Downy.Woodpecker","Brown.headed.Cowbird",0.183589743589744
"138",1,1,79.6,59.6,1.1,32.3,10,41.6,19.8,5.7,2.4,9.6,15.6,2,0,0.176091259055681,0,2,1750,1750,81.7166666666667,0,1,0,0,0,0,1,0,0,0,0,0,0,1,0,0,"Downy.Woodpecker","Common.Grackle",0.34017094017094
"139",2,0,13.8,4.6,1.6,14.7,3.7,19.5,2.8,1,1.8,4.2,4,0,3,0,0,0,300,300,13.7833333333333,1,0,1,1,1,1,1,1,1,1,1,0,1,1,1,1,"Downy.Woodpecker","Pine.Warbler",0.221196581196581
"140",0,0,17,43.2,11.5,11.8,10.1,2.2,8.7,7.5,4.4,2.5,0.200000000000003,2,2,0.176091259055681,1,2,750,750,18.6,1,0,0,0,0,0,1,0,0,1,1,0,1,0,0,1,"Downy.Woodpecker","Northern.Cardinal",-0.00102564102564103
"146",0,0,0,0,0,0,0,0,0,0,0,0,0,0,0,0,0,0,0,0,0,0,1,1,1,1,1,1,1,1,1,1,1,1,1,1,1,"Eastern.Phoebe","Eastern.Phoebe",1
"147",2,0,68.3,51.3,3.2,41.6,5.5,46.1,17,4.8,4.6,8.9,12.5,0,1,0.653212513775344,2,1,1500,1500,56.5733333333333,1,0,1,0,0,0,1,0,0,1,0,1,1,0,0,0,"Eastern.Phoebe","Blue.Jay",0.138461538461538
"148",1,0,429.1,97,15.9,119.5,89.5,209.6,37.3,12.5,8.4,23.5,32.5,1,1,1.30102999566398,4,6,700,700,436.8,1,0,0,0,0,0,1,0,0,0,0,1,0,0,0,0,"Eastern.Phoebe","American.Crow",0.146666666666667
"149",0,0,11.9,10.3,14.5,4.7,16.1,11.5,1,0.800000000000001,1,3.1,2.3,0,0,0.954242509439325,2,4,500,500,13.8916666666667,1,0,1,0,0,0,0,1,1,1,1,0,0,0,0,1,"Eastern.Phoebe","Cedar.Waxwing",0.228034188034188
"150",2,1,1.9,1.5,4.5,1.5,4.9,6,2.8,1.4,0.6,0.899999999999999,4.1,3,1,0.954242509439325,2,4,1890,1890,2.66666666666667,1,0,0,1,0,0,1,0,1,1,1,1,1,1,1,1,"Eastern.Phoebe","Tufted.Titmouse",0.114529914529915
"151",2,0,9.7,20.5,1.1,19.7,6,25.1,2.9,0.399999999999999,2,3.1,8.5,3,0,0.954242509439325,2,4,650,650,8.71666666666667,1,0,0,1,0,0,1,0,1,1,1,1,1,0,1,1,"Eastern.Phoebe","Carolina.Chickadee",0.333333333333333
"152",2,0,0.699999999999999,19.4,9.2,14.1,10.6,24.5,3.7,0.2,2.3,1.4,0.5,1,0,0.176091259055681,0,1,500,500,0.666666666666668,1,0,0,1,1,1,1,0,0,1,1,1,1,1,1,1,"Eastern.Phoebe","Carolina.Wren",0.125470085470085
"153",2,1,1.3,21.3,10.6,5.8,10.2,4.69999999999999,0.800000000000001,0.100000000000001,1.5,2.5,1.7,1,4,0.301029995663981,1,0,1000,1000,2.58666666666667,0,1,0,1,0,1,1,0,1,1,1,0,0,0,0,1,"Eastern.Phoebe","White.breasted.Nuthatch",0.145299145299145
"154",2,1,9.5,34.7,2.7,16.8,2.3,18.9,2.9,0.2,2.2,0.700000000000001,2.1,1,3,0.602059991327962,1,2,1900,1900,9.05733333333333,1,0,1,1,0,0,1,0,1,1,1,1,1,0,1,1,"Eastern.Phoebe","Brown.headed.Nuthatch",0.231452991452991
"155",0,0,28.8,47.5,0,23.8,5.7,28.4,14.5,1.2,0.9,2.5,4.7,0,0,0.602059991327962,1,2,500,500,29.0166666666667,0,1,0,0,0,0,1,1,0,1,1,0,1,0,0,0,"Eastern.Phoebe","Northern.Mockingbird",0.461196581196581
"156",1,1,49.1,51.7,6.7,20,3.4,18.6,16.5,2.2,0.0999999999999996,9.6,12.7,0,0,0.477121254719662,2,0,1980,1980,51.0333333333333,1,0,0,1,0,0,1,0,0,1,1,1,1,0,0,0,"Eastern.Phoebe","Brown.Thrasher",0.307350427350427
"157",1,0,7.8,7.59999999999999,12.2,2.3,14,11.9,2,0.4,1.3,0.6,2,2,1,0.477121254719662,1,1,60,60,10.75,0,1,1,1,0,0,1,1,0,1,1,1,1,1,1,1,"Eastern.Phoebe","Eastern.Bluebird",-0.0242735042735043
"158",0,1,58.8,25.6,8.4,23.6,19.5,43.1,15,2.7,0.0999999999999996,2.8,6,0,2,0.845098040014257,1,5,1000,1000,60.5,0,1,0,0,0,0,1,1,1,1,1,1,1,0,1,0,"Eastern.Phoebe","American.Robin",0.504957264957265
"159",2,1,6.8,12.9,6.7,12.3,3,9,0.199999999999999,3.3,0.8,0.6,3.9,1,2,0.176091259055681,0,1,2100,2100,8.30666666666667,0,0,0,0,0,1,0,0,0,1,0,0,1,0,0,0,"Eastern.Phoebe","House.Sparrow",-0.0290598290598291
"160",1,0,1.7,3.89999999999999,6.9,10.9,3.8,6.7,0.300000000000001,4.1,1.1,1.3,6.8,0,1,0.845098040014257,1,5,1000,1000,2.59166666666667,0,1,0,0,0,0,0,0,1,1,1,0,1,0,0,1,"Eastern.Phoebe","House.Finch",0.258803418803419
"161",2,1,6.9,21.8,7,16.4,1.7,14.1,4.2,2.2,1.2,1.5,5.9,0,1,0.301029995663981,0,2,1500,1500,6.18333333333333,1,0,0,0,0,1,1,0,1,1,1,0,1,0,0,1,"Eastern.Phoebe","American.Goldfinch",0.472136752136752
"162",0,0,7.5,14.1,3.6,15.7,1.1,15.9,1.4,0.800000000000001,1.5,2.7,4.3,0,1,0.698970004336019,1,3,1300,1300,5.78333333333333,0,1,1,0,0,0,1,0,1,1,1,1,1,0,0,0,"Eastern.Phoebe","Chipping.Sparrow",0.395555555555555
"163",1,0,20.3,21.6,7,4.09999999999999,6.3,1.60000000000001,9.3,4.1,0,0.100000000000001,2,0,0,1,3,3,520,520,21.9833333333333,0,1,0,0,0,0,1,0,0,1,1,0,1,0,0,0,"Eastern.Phoebe","Eastern.Towhee",0.21982905982906
"164",0,1,31.1,18.8,3.4,22.2,10.4,34.1,10.3,4.7,0.0999999999999996,5.7,5.3,0,2,0.602059991327962,1,2,0,0,37.2666666666667,0,1,0,0,0,0,1,0,1,1,1,1,1,0,0,0,"Eastern.Phoebe","Red.winged.Blackbird",-0.00444444444444444
"165",0,0,20.6,0.299999999999997,12.4,2.09999999999999,16.5,21.1,7,4.8,0.3,1.4,0.200000000000003,2,1,0.602059991327962,1,2,395,395,23.6166666666667,0,1,0,0,0,0,1,0,1,1,1,1,1,1,1,0,"Eastern.Phoebe","Brown.headed.Cowbird",0.310769230769231
"166",1,1,85.5,48.1,5.3,31.5,16.9,49,17.9,6.4,1.8,12.1,15.6,1,1,0.954242509439325,2,4,1500,1500,88.6166666666667,1,0,1,0,0,0,1,0,0,0,0,1,0,1,0,0,"Eastern.Phoebe","Common.Grackle",0.16991452991453
"167",0,0,7.9,16.1,8,15.5,3.2,12.1,0.900000000000002,0.3,2.4,1.7,4,1,2,0.778151250383644,2,2,550,550,6.88333333333333,0,1,0,1,0,0,1,0,1,1,1,1,1,1,1,1,"Eastern.Phoebe","Pine.Warbler",0.252649572649573
"168",2,0,22.9,31.7,5.1,11,3.2,9.59999999999999,6.8,8.2,3.8,5,0.200000000000003,1,1,0.602059991327962,3,0,500,500,25.5,0,1,0,0,0,0,1,0,0,1,1,0,1,0,0,1,"Eastern.Phoebe","Northern.Cardinal",-0.195897435897436
"175",0,0,0,0,0,0,0,0,0,0,0,0,0,0,0,0,0,0,0,0,0,0,1,1,1,1,1,1,1,1,1,1,1,1,1,1,1,"Blue.Jay","Blue.Jay",1
"176",1,0,360.8,45.7,19.1,77.9,84,163.5,20.3,7.7,3.8,14.6,20,1,0,0.647817481888637,2,5,800,800,380.226666666667,0,1,0,1,0,0,1,0,0,0,0,1,0,1,1,1,"Blue.Jay","American.Crow",0.489230769230769
"177",2,0,56.4,61.6,17.7,46.3,10.6,34.6,18,4,5.6,12,14.8,0,1,0.301029995663981,0,3,2000,2000,42.6816666666667,2,0,1,0,0,0,0,0,0,1,0,0,0,0,0,0,"Blue.Jay","Cedar.Waxwing",-0.563076923076923
"178",0,1,66.4,52.8,1.3,43.1,10.4,52.1,14.2,3.4,5.2,9.8,16.6,3,0,0.301029995663981,0,3,390,390,53.9066666666667,0,1,0,0,0,0,1,0,0,1,0,1,1,0,0,0,"Blue.Jay","Tufted.Titmouse",0.311452991452991
"179",0,0,78,71.8,2.1,61.3,11.5,71.2,19.9,5.2,6.6,12,21,3,1,0.301029995663981,0,3,850,850,65.29,0,1,0,0,0,0,1,0,0,1,0,1,1,1,0,0,"Blue.Jay","Carolina.Chickadee",0.0885470085470085
"180",0,0,69,70.7,6,55.7,16.1,70.6,13.3,5,6.9,7.5,13,1,1,0.477121254719663,2,0,1000,1000,55.9066666666667,0,1,0,0,0,0,1,0,1,1,0,1,1,0,0,0,"Blue.Jay","Carolina.Wren",0.556923076923077
"181",0,1,67,72.6,13.8,47.4,4.7,41.4,16.2,4.7,6.1,6.4,10.8,1,3,0.352182518111362,1,1,2500,2500,53.9866666666667,1,0,0,0,0,0,1,0,0,1,0,0,0,1,1,0,"Blue.Jay","White.breasted.Nuthatch",0.500854700854701
"182",0,1,77.8,86,5.9,58.4,7.8,65,19.9,5,6.8,8.2,14.6,1,2,0.0511525224473814,1,1,400,400,65.6306666666667,0,1,1,0,0,0,1,0,0,1,0,1,1,1,0,0,"Blue.Jay","Brown.headed.Nuthatch",0.522051282051282
"183",2,0,39.5,3.80000000000001,3.2,17.8,0.200000000000003,17.7,2.5,3.6,5.5,6.4,7.8,0,1,0.0511525224473814,1,1,2000,2000,27.5566666666667,1,0,0,1,0,0,1,0,1,1,0,0,1,1,1,0,"Blue.Jay","Northern.Mockingbird",0.567863247863248
"184",1,1,19.2,0.399999999999991,3.5,21.6,8.9,27.5,0.5,2.6,4.7,0.699999999999999,0.200000000000003,0,1,0.176091259055681,0,1,480,480,5.53999999999999,0,1,0,0,0,1,1,0,1,1,0,1,1,1,1,0,"Blue.Jay","Brown.Thrasher",0.0434188034188034
"185",1,0,60.5,58.9,15.4,43.9,8.5,34.2,15,4.4,5.9,9.5,14.5,2,2,0.176091259055681,1,0,1440,1440,45.8233333333333,1,0,1,0,0,1,1,0,1,1,0,1,1,0,0,0,"Blue.Jay","Eastern.Bluebird",0.0707692307692308
"186",2,1,9.5,25.7,11.6,18,14,3,2,2.1,4.5,6.1,6.5,0,3,0.191885526238913,1,4,2500,2500,3.92666666666668,1,0,0,1,0,0,1,0,0,1,0,1,1,1,0,0,"Blue.Jay","American.Robin",-0.144615384615385
"187",0,1,61.5,64.2,9.9,53.9,2.5,55.1,16.8,1.5,3.8,9.5,16.4,1,1,0.477121254719663,2,0,3600,3600,48.2666666666667,1,0,0,0,0,0,0,0,1,1,1,0,1,0,0,1,"Blue.Jay","House.Sparrow",0.0564102564102564
"188",1,0,66.6,55.2,10.1,52.5,1.7,52.8,17.3,0.700000000000001,3.5,10.2,19.3,0,0,0.191885526238913,1,4,2500,2500,53.9816666666667,1,0,0,0,0,1,0,0,0,1,0,0,1,0,0,0,"Blue.Jay","House.Finch",0.18017094017094
"189",0,1,75.2,73.1,10.2,58,3.8,60.2,21.2,2.6,5.8,10.4,18.4,0,0,0.352182518111362,2,1,0,0,62.7566666666667,0,1,0,0,0,0,1,0,0,1,0,0,1,0,0,0,"Blue.Jay","American.Goldfinch",0.26017094017094
"190",2,0,75.8,65.4,6.8,57.3,6.6,62,18.4,4,6.1,11.6,16.8,0,0,0.045757490560675,1,2,2800,2800,62.3566666666667,1,0,1,0,0,0,1,0,0,1,0,1,1,1,1,0,"Blue.Jay","Chipping.Sparrow",0.463247863247863
"191",1,0,48,29.7,3.8,37.5,11.8,47.7,7.7,0.700000000000001,4.6,8.8,14.5,0,1,0.346787486224656,1,2,980,980,34.59,1,0,0,1,1,1,1,0,1,1,0,0,1,0,1,0,"Blue.Jay","Eastern.Towhee",-0.0899145299145299
"192",2,1,37.2,32.5,6.6,19.4,4.9,12,6.7,0.0999999999999996,4.5,3.2,7.2,0,3,0.0511525224473814,1,1,1500,1500,19.3066666666667,1,0,0,0,0,0,1,0,0,1,0,1,1,0,0,0,"Blue.Jay","Red.winged.Blackbird",0.16034188034188
"193",2,0,47.7,51.6,15.6,39.5,11,25,10,0,4.3,7.5,12.3,2,2,0.0511525224473814,1,1,1895,1895,32.9566666666667,1,0,0,0,0,0,1,0,0,1,0,1,1,0,0,1,"Blue.Jay","Brown.headed.Cowbird",0.134358974358974
"194",1,1,17.2,3.2,8.5,10.1,11.4,2.90000000000001,0.899999999999999,1.6,2.8,3.2,3.1,1,0,0.301029995663981,0,3,0,0,32.0433333333333,0,1,1,1,1,0,1,0,1,0,1,1,0,0,1,1,"Blue.Jay","Common.Grackle",0.117264957264957
"195",2,0,76.2,67.4,11.2,57.1,2.3,58.2,16.1,5.1,7,10.6,16.5,1,3,0.1249387366083,0,1,2050,2050,63.4566666666667,1,0,0,0,0,0,1,0,0,1,0,1,1,0,0,0,"Blue.Jay","Pine.Warbler",0.427008547008547
"196",0,0,45.4,19.6,1.9,30.6,8.7,36.5,10.2,3.4,0.799999999999999,3.9,12.3,1,2,0.0511525224473814,1,1,1000,1000,31.0733333333333,1,0,0,1,0,0,1,0,1,1,0,0,1,0,1,0,"Blue.Jay","Northern.Cardinal",0.114529914529915
"204",0,0,0,0,0,0,0,0,0,0,0,0,0,0,0,0,0,0,0,0,0,0,1,1,1,1,1,1,1,1,1,1,1,1,1,1,1,"American.Crow","American.Crow",1
"205",1,0,417.2,107.3,1.4,124.2,73.4,198.1,38.3,11.7,9.4,26.6,34.8,1,1,0.346787486224656,2,2,1200,1200,422.908333333333,2,0,0,0,0,0,0,0,0,0,0,0,1,0,0,0,"American.Crow","Cedar.Waxwing",-0.51042735042735
"206",1,1,427.2,98.5,20.4,121,94.4,215.6,34.5,11.1,9,24.4,36.6,2,0,0.346787486224656,2,2,1190,1190,434.133333333333,0,1,0,0,0,0,1,0,0,0,0,1,0,0,0,0,"American.Crow","Tufted.Titmouse",0.312136752136752
"207",1,0,438.8,117.5,17,139.2,95.5,234.7,40.2,12.9,10.4,26.6,41,2,1,0.346787486224656,2,2,50,50,445.516666666667,0,1,0,0,0,0,1,0,0,0,0,1,0,1,0,0,"American.Crow","Carolina.Chickadee",0.268376068376068
"208",1,0,429.8,116.4,25.1,133.6,100.1,234.1,33.6,12.7,10.7,22.1,33,0,1,1.1249387366083,4,5,200,200,436.133333333333,0,1,0,0,0,0,1,0,0,0,0,1,0,0,0,0,"American.Crow","Carolina.Wren",0.40034188034188
"209",1,1,427.8,118.3,5.3,125.3,79.3,204.9,36.5,12.4,9.9,21,30.8,0,3,1,3,6,1700,1700,434.213333333333,1,0,0,0,0,0,1,0,0,0,0,0,1,1,1,0,"American.Crow","White.breasted.Nuthatch",0.502905982905983
"210",1,1,438.6,131.7,13.2,136.3,91.8,228.5,40.2,12.7,10.6,22.8,34.6,0,2,0.698970004336019,3,4,1200,1200,445.857333333333,0,1,0,0,0,0,1,0,0,0,0,1,0,1,0,0,"American.Crow","Brown.headed.Nuthatch",0.431111111111111
"211",1,0,400.3,49.5,15.9,95.7,83.8,181.2,22.8,11.3,9.3,21,27.8,1,1,0.698970004336019,3,4,1200,1200,407.783333333333,1,0,0,1,0,0,1,0,0,0,0,0,0,1,1,0,"American.Crow","Northern.Mockingbird",0.545299145299145
"212",0,1,380,45.3,22.6,99.5,92.9,191,20.8,10.3,8.5,13.9,19.8,1,1,0.823908740944319,2,6,1280,1280,385.766666666667,0,1,0,0,0,0,1,0,0,0,0,1,0,1,1,0,"American.Crow","Brown.Thrasher",-0.0105982905982906
"213",0,0,421.3,104.6,3.7,121.8,75.5,197.7,35.3,12.1,9.7,24.1,34.5,1,2,0.823908740944319,3,5,640,640,426.05,1,0,0,0,0,0,1,0,0,0,0,1,0,0,0,0,"American.Crow","Eastern.Bluebird",0.204102564102564
"214",1,1,370.3,71.4,7.5,95.9,70,166.5,22.3,9.8,8.3,20.7,26.5,1,3,0.455931955649724,3,1,1700,1700,376.3,1,0,0,1,0,0,1,0,0,0,0,1,0,1,0,0,"American.Crow","American.Robin",0.091965811965812
"215",1,1,422.3,109.9,9.2,131.8,86.5,218.6,37.1,9.2,7.6,24.1,36.4,2,1,1.1249387366083,4,5,2800,2800,428.493333333333,1,0,0,0,0,0,0,0,0,0,0,0,0,0,0,1,"American.Crow","House.Sparrow",0.233504273504273
"216",0,0,427.4,100.9,9,130.4,85.7,216.3,37.6,8.4,7.3,24.8,39.3,1,0,0.455931955649724,3,1,1700,1700,434.208333333333,1,0,0,0,0,0,0,0,0,0,0,0,0,0,0,0,"American.Crow","House.Finch",0.306666666666667
"217",1,1,436,118.8,8.9,135.9,87.8,223.7,41.5,10.3,9.6,25,38.4,1,0,1,4,4,800,800,442.983333333333,0,1,0,0,0,0,1,0,0,0,0,0,0,0,0,0,"American.Crow","American.Goldfinch",0.32991452991453
"218",1,0,436.6,111.1,12.3,135.2,90.6,225.5,38.7,11.7,9.9,26.2,36.8,1,0,0.602059991327962,3,3,2000,2000,442.583333333333,1,0,0,0,0,0,1,0,0,0,0,1,0,1,1,0,"American.Crow","Chipping.Sparrow",0.27042735042735
"219",0,0,408.8,75.4,22.9,115.4,95.8,211.2,28,8.4,8.4,23.4,34.5,1,1,0.301029995663981,1,3,180,180,414.816666666667,1,0,0,1,0,0,1,0,0,0,0,0,0,0,1,0,"American.Crow","Eastern.Towhee",0.151452991452991
"220",1,1,398,78.2,12.5,97.3,79.1,175.5,27,7.8,8.3,17.8,27.2,1,3,0.698970004336019,3,4,700,700,399.533333333333,1,0,0,0,0,0,1,0,0,0,0,1,0,0,0,0,"American.Crow","Red.winged.Blackbird",0.189059829059829
"221",1,0,408.5,97.3,3.5,117.4,73,188.5,30.3,7.7,8.1,22.1,32.3,1,2,0.698970004336019,3,4,1095,1095,413.183333333333,1,0,0,0,0,0,1,0,0,0,0,1,0,0,0,1,"American.Crow","Brown.headed.Cowbird",0.0687179487179487
"222",0,1,343.6,48.9,10.6,88,72.6,160.6,19.4,6.1,6.6,11.4,16.9,2,0,0.346787486224656,2,2,800,800,348.183333333333,0,1,0,1,0,1,1,0,0,1,0,1,1,0,1,1,"American.Crow","Common.Grackle",0.00376068376068376
"223",1,0,437,113.1,7.9,135,86.3,221.7,36.4,12.8,10.8,25.2,36.5,0,3,0.522878745280338,2,4,1250,1250,443.683333333333,1,0,0,0,0,0,1,0,0,0,0,1,0,0,0,0,"American.Crow","Pine.Warbler",0.112478632478632
"224",1,0,406.2,65.3,21,108.5,92.7,200,30.5,4.3,4.6,18.5,32.3,2,2,0.698970004336019,1,6,200,200,411.3,1,0,0,1,0,0,1,0,0,0,0,0,0,0,1,0,"American.Crow","Northern.Cardinal",0.173333333333333
"233",0,0,0,0,0,0,0,0,0,0,0,0,0,0,0,0,0,0,0,0,0,0,1,1,1,1,1,1,1,1,1,1,1,1,1,1,1,"Cedar.Waxwing","Cedar.Waxwing",1
"234",2,1,10,8.8,19,3.2,21,17.5,3.8,0.6,0.4,2.2,1.8,3,1,0,0,0,2390,2390,11.225,2,0,0,0,0,0,0,0,1,1,1,0,0,0,0,1,"Cedar.Waxwing","Tufted.Titmouse",-0.26974358974359
"235",2,0,21.6,10.2,15.6,15,22.1,36.6,1.9,1.2,1,0,6.2,3,0,0,0,0,1150,1150,22.6083333333333,2,0,0,0,0,0,0,0,1,1,1,0,0,0,0,1,"Cedar.Waxwing","Carolina.Chickadee",-0.0215384615384615
"236",2,0,12.6,9.09999999999999,23.7,9.4,26.7,36,4.7,1,1.3,4.5,1.8,1,0,0.778151250383644,2,3,1000,1000,13.225,2,0,0,0,0,0,0,0,0,1,1,0,0,0,0,1,"Cedar.Waxwing","Carolina.Wren",-0.19042735042735
"237",2,1,10.6,11,3.9,1.1,5.9,6.80000000000001,1.8,0.7,0.5,5.6,4,1,4,0.653212513775344,1,4,500,500,11.305,1,0,0,0,0,0,0,0,1,1,1,1,1,0,0,1,"Cedar.Waxwing","White.breasted.Nuthatch",-0.537777777777778
"238",2,1,21.4,24.4,11.8,12.1,18.4,30.4,1.9,1,1.2,3.8,0.200000000000001,1,3,0.352182518111363,1,2,2400,2400,22.949,2,0,1,0,0,0,0,0,1,1,1,0,0,0,0,1,"Cedar.Waxwing","Brown.headed.Nuthatch",-0.268376068376068
"239",0,0,16.9,57.8,14.5,28.5,10.4,16.9,15.5,0.399999999999999,0.0999999999999996,5.6,7,0,0,0.352182518111363,1,2,0,0,15.125,1,0,0,0,0,0,0,1,0,1,1,1,0,0,0,0,"Cedar.Waxwing","Northern.Mockingbird",-0.342222222222222
"240",1,1,37.2,62,21.2,24.7,19.5,7.09999999999999,17.5,1.4,0.9,12.7,15,0,0,0.477121254719662,0,4,2480,2480,37.1416666666667,2,0,0,0,0,0,0,0,0,1,1,0,0,0,0,0,"Cedar.Waxwing","Brown.Thrasher",0.0769230769230769
"241",1,0,4.1,2.7,2.3,2.40000000000001,2.1,0.399999999999991,3,0.4,0.3,2.5,0.300000000000001,2,1,0.477121254719662,1,3,560,560,3.14166666666666,1,0,1,0,0,0,0,1,0,1,1,0,0,0,0,1,"Cedar.Waxwing","Eastern.Bluebird",-0.256068376068376
"242",0,1,46.9,35.9,6.1,28.3,3.4,31.6,16,1.9,1.1,5.9,8.3,0,2,0.109144469425068,1,1,500,500,46.6083333333333,1,0,0,0,0,0,0,1,1,1,1,0,0,0,0,0,"Cedar.Waxwing","American.Robin",0.368205128205128
"243",2,1,5.1,2.59999999999999,7.8,7.6,13.1,20.5,1.2,2.5,1.8,2.5,1.6,1,2,0.778151250383644,2,3,1600,1600,5.585,1,0,0,0,0,0,0,0,0,1,0,1,0,1,0,0,"Cedar.Waxwing","House.Sparrow",-0.0304273504273504
"244",1,0,10.2,6.40000000000001,7.6,6.2,12.3,18.2,0.699999999999999,3.3,2.1,1.8,4.5,0,1,0.109144469425068,1,1,500,500,11.3,1,0,0,0,0,0,0,0,1,1,1,1,0,1,0,1,"Cedar.Waxwing","House.Finch",0.00512820512820513
"245",2,1,18.8,11.5,7.5,11.7,14.4,25.6,3.2,1.4,0.2,1.6,3.6,0,1,0.653212513775344,2,2,2000,2000,20.075,2,0,0,0,0,0,0,0,1,1,1,1,0,1,0,1,"Cedar.Waxwing","American.Goldfinch",0.0728205128205128
"246",0,0,19.4,3.8,10.9,11,17.2,27.4,0.399999999999999,0,0.5,0.4,2,0,1,0.255272505103306,1,1,800,800,19.675,1,0,1,0,0,0,0,0,1,1,1,0,0,0,0,0,"Cedar.Waxwing","Chipping.Sparrow",-0.117948717948718
"247",1,0,8.4,31.9,21.5,8.8,22.4,13.1,10.3,3.3,1,3.2,0.300000000000001,0,0,0.045757490560675,1,1,1020,1020,8.09166666666667,1,0,0,0,0,0,0,0,0,1,1,0,0,1,0,0,"Cedar.Waxwing","Eastern.Towhee",-0.100854700854701
"248",0,1,19.2,29.1,11.1,26.9,5.7,22.6,11.3,3.9,1.1,8.8,7.6,0,2,0.352182518111363,1,2,500,500,23.375,1,0,0,0,0,0,0,0,1,1,1,0,0,1,0,0,"Cedar.Waxwing","Red.winged.Blackbird",0.173333333333333
"249",0,0,8.7,10,2.1,6.8,0.399999999999999,9.59999999999999,8,4,1.3,4.5,2.5,2,1,0.352182518111363,1,2,105,105,9.725,1,0,0,0,0,0,0,0,1,1,1,0,0,0,0,0,"Cedar.Waxwing","Brown.headed.Cowbird",0.0345299145299145
"250",1,1,73.6,58.4,9.2,36.2,0.799999999999997,37.5,18.9,5.6,2.8,15.2,17.9,1,1,0,0,0,2000,2000,74.725,2,0,1,0,0,0,0,0,0,0,0,0,1,0,0,0,"Cedar.Waxwing","Common.Grackle",-0.0454700854700855
"251",0,0,19.8,5.8,6.5,10.8,12.9,23.6,1.9,1.1,1.4,1.4,1.7,1,2,0.176091259055681,0,2,50,50,20.775,1,0,0,0,0,0,0,0,1,1,1,0,0,0,0,1,"Cedar.Waxwing","Pine.Warbler",-0.217777777777778
"252",2,0,11,42,19.6,15.7,19.3,1.90000000000001,7.8,7.4,4.8,8.1,2.5,1,1,0.352182518111363,1,4,1000,1000,11.6083333333333,1,0,0,0,0,0,0,0,0,1,1,0,0,1,0,1,"Cedar.Waxwing","Northern.Cardinal",-0.0188034188034188
"262",0,0,0,0,0,0,0,0,0,0,0,0,0,0,0,0,0,0,0,0,0,0,1,1,1,1,1,1,1,1,1,1,1,1,1,1,1,"Tufted.Titmouse","Tufted.Titmouse",1
"263",0,1,11.6,19,3.4,18.2,1.1,19.1,5.7,1.8,1.4,2.2,4.4,0,1,0,0,0,1240,1240,11.3833333333333,0,1,1,1,0,0,1,0,1,1,1,1,1,0,1,1,"Tufted.Titmouse","Carolina.Chickadee",0.451623931623932
"264",0,1,2.6,17.9,4.7,12.6,5.7,18.5,0.899999999999999,1.6,1.7,2.3,3.6,2,1,0.778151250383644,2,3,1390,1390,2,0,1,1,1,0,0,1,0,0,1,1,1,1,1,1,1,"Tufted.Titmouse","Carolina.Wren",0.416068376068376
"265",0,0,0.600000000000001,19.8,15.1,4.3,15.1,10.7,2,1.3,0.9,3.4,5.8,2,3,0.653212513775344,1,4,2890,2890,0.0800000000000018,1,0,1,1,0,0,1,0,1,1,1,0,0,0,0,1,"Tufted.Titmouse","White.breasted.Nuthatch",0.137094017094017
"266",0,0,11.4,33.2,7.2,15.3,2.6,12.9,5.7,1.6,1.6,1.6,2,2,2,0.352182518111363,1,2,10,10,11.724,0,1,0,1,0,0,1,0,1,1,1,1,1,0,1,1,"Tufted.Titmouse","Brown.headed.Nuthatch",-0.00102564102564103
"267",2,1,26.9,49,4.5,25.3,10.6,34.4,11.7,0.2,0.300000000000001,3.4,8.8,3,1,0.352182518111363,1,2,2390,2390,26.35,1,0,0,0,0,0,1,0,0,1,1,0,1,0,0,0,"Tufted.Titmouse","Northern.Mockingbird",0.144615384615385
"268",1,0,47.2,53.2,2.2,21.5,1.5,24.6,13.7,0.8,0.5,10.5,16.8,3,1,0.477121254719662,0,4,90,90,48.3666666666667,0,1,0,1,0,0,1,0,0,1,1,1,1,0,0,0,"Tufted.Titmouse","Brown.Thrasher",0.644444444444444
"269",1,1,5.9,6.09999999999999,16.7,0.799999999999997,18.9,17.9,0.800000000000001,1,0.7,0.299999999999999,2.1,1,2,0.477121254719662,1,3,1830,1830,8.08333333333334,1,0,0,1,0,0,1,0,0,1,1,1,1,1,1,1,"Tufted.Titmouse","Eastern.Bluebird",0.365470085470085
"270",2,2,56.9,27.1,12.9,25.1,24.4,49.1,12.2,1.3,0.699999999999999,3.7,10.1,3,3,0.109144469425068,1,1,2890,2890,57.8333333333333,1,0,1,0,0,0,1,0,1,1,1,1,1,0,1,0,"Tufted.Titmouse","American.Robin",-0.377094017094017
"271",0,2,4.9,11.4,11.2,10.8,7.9,3,2.6,1.9,1.4,0.299999999999999,0.199999999999999,4,1,0.778151250383644,2,3,3990,3990,5.64,1,0,0,0,0,0,0,0,0,1,0,0,1,0,0,0,"Tufted.Titmouse","House.Sparrow",-0.0345299145299145
"272",1,1,0.200000000000003,2.39999999999999,11.4,9.40000000000001,8.7,0.700000000000003,3.1,2.7,1.7,0.4,2.7,3,0,0.109144469425068,1,1,2890,2890,0.0749999999999993,1,0,0,0,0,0,0,0,1,1,1,0,1,0,0,1,"Tufted.Titmouse","House.Finch",-0.111111111111111
"273",0,0,8.8,20.3,11.5,14.9,6.6,8.10000000000001,7,0.8,0.6,0.600000000000001,1.8,3,0,0.653212513775344,2,2,390,390,8.85,0,1,0,0,0,0,1,0,1,1,1,0,1,0,0,1,"Tufted.Titmouse","American.Goldfinch",-0.247179487179487
"274",2,1,9.4,12.6,8.1,14.2,3.8,9.90000000000001,4.2,0.6,0.9,1.8,0.200000000000001,3,0,0.255272505103306,1,1,3190,3190,8.45,1,0,0,0,0,0,1,0,1,1,1,1,1,0,0,0,"Tufted.Titmouse","Chipping.Sparrow",0.373675213675214
"275",1,1,18.4,23.1,2.5,5.59999999999999,1.4,4.39999999999999,6.5,2.7,0.6,1,2.1,3,1,0.045757490560675,1,1,1370,1370,19.3166666666667,1,0,1,0,0,0,1,0,0,1,1,0,1,0,0,0,"Tufted.Titmouse","Eastern.Towhee",0.39965811965812
"276",2,2,29.2,20.3,7.9,23.7,15.3,40.1,7.5,3.3,0.699999999999999,6.6,9.4,3,3,0.352182518111363,1,2,1890,1890,34.6,1,0,0,0,0,0,1,0,1,1,1,1,1,0,0,0,"Tufted.Titmouse","Red.winged.Blackbird",-0.157606837606838
"277",2,1,18.7,1.2,16.9,3.59999999999999,21.4,27.1,4.2,3.4,0.9,2.3,4.3,1,2,0.352182518111363,1,2,2285,2285,20.95,1,0,0,0,0,0,1,0,1,1,1,1,1,1,1,0,"Tufted.Titmouse","Brown.headed.Cowbird",0.140512820512821
"278",1,2,83.6,49.6,9.8,33,21.8,55,15.1,5,2.4,13,19.7,4,0,0,0,0,390,390,85.95,0,1,0,0,0,0,1,0,0,0,0,1,0,1,0,0,"Tufted.Titmouse","Common.Grackle",0.00239316239316239
"279",2,1,9.8,14.6,12.5,14,8.1,6.10000000000001,1.9,1.7,1.8,0.800000000000001,0.0999999999999996,2,3,0.176091259055681,0,2,2440,2440,9.55,1,0,1,1,0,0,1,0,1,1,1,1,1,1,1,1,"Tufted.Titmouse","Pine.Warbler",0.413333333333333
"280",0,1,21,33.2,0.600000000000001,12.5,1.7,15.6,4,6.8,4.4,5.9,4.3,4,2,0.352182518111363,1,4,1390,1390,22.8333333333333,1,0,0,0,0,0,1,0,0,1,1,0,1,0,0,1,"Tufted.Titmouse","Northern.Cardinal",0.516581196581197
"291",0,0,0,0,0,0,0,0,0,0,0,0,0,0,0,0,0,0,0,0,0,0,1,1,1,1,1,1,1,1,1,1,1,1,1,1,1,"Carolina.Chickadee","Carolina.Chickadee",1
"292",0,0,9,1.1,8.1,5.6,4.6,0.600000000000001,6.6,0.2,0.3,4.5,8,2,0,0.778151250383644,2,3,150,150,9.38333333333333,0,1,1,1,0,0,1,0,0,1,1,1,1,0,1,1,"Carolina.Chickadee","Carolina.Wren",0.40991452991453
"293",0,1,11,0.800000000000004,11.7,13.9,16.2,29.8,3.7,0.5,0.5,5.6,10.2,2,4,0.653212513775344,1,4,1650,1650,11.3033333333333,1,0,1,1,0,0,1,0,1,1,1,0,0,1,0,1,"Carolina.Chickadee","White.breasted.Nuthatch",0.368888888888889
"294",0,1,0.199999999999999,14.2,3.8,2.9,3.7,6.2,0,0.2,0.2,3.8,6.4,2,3,0.352182518111363,1,2,1250,1250,0.340666666666664,0,1,0,1,0,0,1,0,1,1,1,1,1,1,1,1,"Carolina.Chickadee","Brown.headed.Nuthatch",0.164444444444444
"295",2,0,38.5,68,1.1,43.5,11.7,53.5,17.4,1.6,1.1,5.6,13.2,3,0,0.352182518111363,1,2,1150,1150,37.7333333333333,1,0,0,0,0,0,1,0,0,1,1,0,1,1,0,0,"Carolina.Chickadee","Northern.Mockingbird",0.262222222222222
"296",1,1,58.8,72.2,5.6,39.7,2.6,43.7,19.4,2.6,1.9,12.7,21.2,3,0,0.477121254719662,0,4,1330,1330,59.75,0,1,0,1,0,0,1,1,0,1,1,1,1,1,0,0,"Carolina.Chickadee","Brown.Thrasher",0.351111111111111
"297",1,0,17.5,12.9,13.3,17.4,20,37,4.9,0.8,0.7,2.5,6.5,1,1,0.477121254719662,1,3,590,590,19.4666666666667,1,0,0,1,0,0,1,0,0,1,1,1,1,0,1,1,"Carolina.Chickadee","Eastern.Bluebird",-0.0064957264957265
"298",2,1,68.5,46.1,9.5,43.3,25.5,68.2,17.9,3.1,2.1,5.9,14.5,3,2,0.109144469425068,1,1,1650,1650,69.2166666666667,1,0,1,0,0,0,1,0,1,1,1,1,1,1,1,0,"Carolina.Chickadee","American.Robin",0.296410256410256
"299",0,1,16.5,7.6,7.8,7.4,9,16.1,3.1,3.7,2.8,2.5,4.6,4,2,0.778151250383644,2,3,2750,2750,17.0233333333333,1,0,0,0,0,0,0,0,0,1,0,0,1,0,0,0,"Carolina.Chickadee","House.Sparrow",0.0290598290598291
"300",1,0,11.4,16.6,8,8.8,9.8,18.4,2.6,4.5,3.1,1.8,1.7,3,1,0.109144469425068,1,1,1650,1650,11.3083333333333,1,0,0,0,0,0,0,0,1,1,1,0,1,0,0,1,"Carolina.Chickadee","House.Finch",-0.207521367521368
"301",0,1,2.8,1.3,8.1,3.3,7.7,11,1.3,2.6,0.8,1.6,2.6,3,1,0.653212513775344,2,2,850,850,2.53333333333333,0,1,0,0,0,0,1,0,1,1,1,0,1,0,0,1,"Carolina.Chickadee","American.Goldfinch",-0.0194871794871795
"302",2,0,2.2,6.4,4.7,4,4.9,9.2,1.5,1.2,0.5,0.4,4.2,3,1,0.255272505103306,1,1,1950,1950,2.93333333333333,1,0,0,0,0,0,1,0,1,1,1,1,1,1,0,0,"Carolina.Chickadee","Chipping.Sparrow",0.562393162393162
"303",1,0,30,42.1,5.9,23.8,0.300000000000001,23.5,12.2,4.5,2,3.2,6.5,3,0,0.045757490560675,1,1,130,130,30.7,1,0,1,0,0,0,1,0,0,1,1,0,1,0,0,0,"Carolina.Chickadee","Eastern.Towhee",0.387350427350427
"304",2,1,40.8,39.3,4.5,41.9,16.4,59.2,13.2,5.1,2.1,8.8,13.8,3,2,0.352182518111363,1,2,650,650,45.9833333333333,1,0,0,0,0,0,1,0,1,1,1,1,1,0,0,0,"Carolina.Chickadee","Red.winged.Blackbird",-0.170598290598291
"305",2,0,30.3,20.2,13.5,21.8,22.5,46.2,9.9,5.2,2.3,4.5,8.7,1,1,0.352182518111363,1,2,1045,1045,32.3333333333333,1,0,0,0,0,0,1,0,1,1,1,1,1,0,1,0,"Carolina.Chickadee","Brown.headed.Cowbird",0.0755555555555555
"306",1,1,95.2,68.6,6.4,51.2,22.9,74.1,20.8,6.8,3.8,15.2,24.1,4,1,0,0,0,850,850,97.3333333333333,0,1,0,0,0,0,1,0,0,0,0,1,0,0,0,0,"Carolina.Chickadee","Common.Grackle",-0.0899145299145299
"307",2,0,1.8,4.4,9.1,4.2,9.2,13,3.8,0.0999999999999996,0.4,1.4,4.5,2,2,0.176091259055681,0,2,1200,1200,1.83333333333333,1,0,1,1,0,1,1,0,1,1,1,1,1,0,1,1,"Carolina.Chickadee","Pine.Warbler",-0.0988034188034188
"308",0,0,32.6,52.2,4,30.7,2.8,34.7,9.7,8.6,5.8,8.1,8.7,4,1,0.352182518111363,1,4,150,150,34.2166666666667,1,0,0,0,0,0,1,0,0,1,1,0,1,0,0,1,"Carolina.Chickadee","Northern.Cardinal",0.596581196581196
"320",0,0,0,0,0,0,0,0,0,0,0,0,0,0,0,0,0,0,0,0,0,0,1,1,1,1,1,1,1,1,1,1,1,1,1,1,1,"Carolina.Wren","Carolina.Wren",1
"321",0,1,2,1.90000000000001,19.8,8.3,20.8,29.2,2.9,0.3,0.8,1.1,2.2,0,4,0.1249387366083,1,1,1500,1500,1.92,1,0,1,1,0,1,1,0,0,1,1,0,0,0,0,1,"Carolina.Wren","White.breasted.Nuthatch",0.327863247863248
"322",0,1,8.8,15.3,11.9,2.7,8.3,5.6,6.6,0,0.0999999999999996,0.699999999999999,1.6,0,3,0.425968732272281,1,1,1400,1400,9.724,0,1,0,1,0,0,1,0,0,1,1,1,1,0,1,1,"Carolina.Wren","Brown.headed.Nuthatch",0.669059829059829
"323",2,0,29.5,66.9,9.2,37.9,16.3,52.9,10.8,1.4,1.4,1.1,5.2,1,0,0.425968732272281,1,1,1000,1000,28.35,1,0,0,0,0,0,1,0,1,1,1,0,1,0,0,0,"Carolina.Wren","Northern.Mockingbird",0.146666666666667
"324",1,1,49.8,71.1,2.5,34.1,7.2,43.1,12.8,2.4,2.2,8.2,13.2,1,0,0.301029995663981,2,1,1480,1480,50.3666666666667,0,1,0,1,0,0,1,0,1,1,1,1,1,0,0,0,"Carolina.Wren","Brown.Thrasher",-0.0105982905982906
"325",1,0,8.5,11.8,21.4,11.8,24.6,36.4,1.7,0.6,1,2,1.5,1,1,0.301029995663981,1,0,440,440,10.0833333333333,1,0,0,1,0,0,1,0,1,1,1,1,1,1,1,1,"Carolina.Wren","Eastern.Bluebird",-0.0967521367521367
"326",2,1,59.5,45,17.6,37.7,30.1,67.6,11.3,2.9,2.4,1.4,6.5,1,2,0.669006780958576,1,4,1500,1500,59.8333333333333,1,0,1,0,0,0,1,0,0,1,1,1,1,0,1,0,"Carolina.Wren","American.Robin",0.0782905982905983
"327",0,1,7.5,6.5,15.9,1.8,13.6,15.5,3.5,3.5,3.1,2,3.4,2,2,0,0,0,2600,2600,7.64,1,0,0,0,0,1,0,0,1,1,0,0,1,0,0,0,"Carolina.Wren","House.Sparrow",0.261538461538461
"328",1,0,2.4,15.5,16.1,3.2,14.4,17.8,4,4.3,3.4,2.7,6.3,1,1,0.669006780958576,1,4,1500,1500,1.925,1,0,0,0,0,0,0,0,0,1,1,0,1,0,0,1,"Carolina.Wren","House.Finch",-0.177435897435897
"329",0,1,6.2,2.40000000000001,16.2,2.3,12.3,10.4,7.9,2.4,1.1,2.9,5.4,1,1,0.1249387366083,0,1,1000,1000,6.85,0,1,0,0,0,1,1,0,0,1,1,0,1,0,0,1,"Carolina.Wren","American.Goldfinch",-0.102905982905983
"330",2,0,6.8,5.3,12.8,1.6,9.5,8.6,5.1,1,0.8,4.1,3.8,1,1,0.522878745280338,1,2,1800,1800,6.45,1,0,0,0,0,0,1,0,0,1,1,1,1,0,0,0,"Carolina.Wren","Chipping.Sparrow",0.777094017094017
"331",1,0,21,41,2.2,18.2,4.3,22.9,5.6,4.3,2.3,1.3,1.5,1,0,0.823908740944319,3,2,20,20,21.3166666666667,1,0,1,0,0,0,1,0,1,1,1,0,1,0,0,0,"Carolina.Wren","Eastern.Towhee",0.0064957264957265
"332",2,1,31.8,38.2,12.6,36.3,21,58.6,6.6,4.9,2.4,4.3,5.8,1,2,0.425968732272281,1,1,500,500,36.6,1,0,0,0,0,0,1,0,0,1,1,1,1,0,0,0,"Carolina.Wren","Red.winged.Blackbird",-0.0885470085470085
"333",2,0,21.3,19.1,21.6,16.2,27.1,45.6,3.3,5,2.6,0,0.700000000000003,1,1,0.425968732272281,1,1,895,895,22.95,1,0,0,0,0,0,1,0,0,1,1,1,1,1,1,0,"Carolina.Wren","Brown.headed.Cowbird",-0.19042735042735
"334",1,1,86.2,67.5,14.5,45.6,27.5,73.5,14.2,6.6,4.1,10.7,16.1,2,1,0.778151250383644,2,3,1000,1000,87.95,0,1,0,0,0,0,1,0,1,0,0,1,0,1,0,0,"Carolina.Wren","Common.Grackle",-0.122051282051282
"335",2,0,7.2,3.3,17.2,1.4,13.8,12.4,2.8,0.1,0.1,3.1,3.5,0,2,0.602059991327962,2,1,1050,1050,7.55,1,0,1,1,0,0,1,0,0,1,1,1,1,1,1,1,"Carolina.Wren","Pine.Warbler",0.237606837606838
"336",0,0,23.6,51.1,4.1,25.1,7.4,34.1,3.1,8.4,6.1,3.6,0.700000000000003,2,1,0.425968732272281,3,1,0,0,24.8333333333333,1,0,0,0,0,0,1,0,1,1,1,0,1,0,0,1,"Carolina.Wren","Northern.Cardinal",0.467350427350427
"349",0,0,0,0,0,0,0,0,0,0,0,0,0,0,0,0,0,0,0,0,0,0,1,1,1,1,1,1,1,1,1,1,1,1,1,1,1,"White.breasted.Nuthatch","White.breasted.Nuthatch",1
"350",0,0,10.8,13.4,7.9,11,12.5,23.6,3.7,0.3,0.7,1.8,3.8,0,1,0.301029995663981,0,2,2900,2900,11.644,1,0,0,1,1,0,1,1,1,1,1,0,0,1,0,1,"White.breasted.Nuthatch","Brown.headed.Nuthatch",0.420854700854701
"351",2,1,27.5,68.8,10.6,29.6,4.5,23.7,13.7,1.1,0.6,0,3,1,4,0.301029995663981,0,2,500,500,26.43,0,1,0,0,0,0,1,0,0,1,1,1,0,1,1,0,"White.breasted.Nuthatch","Northern.Mockingbird",0.448888888888889
"352",1,0,47.8,73,17.3,25.8,13.6,13.9,15.7,2.1,1.4,7.1,11,1,4,0.176091259055681,1,0,2980,2980,48.4466666666667,1,0,0,1,1,0,1,0,0,1,1,0,0,1,1,0,"White.breasted.Nuthatch","Brown.Thrasher",0.0823931623931624
"353",1,1,6.5,13.7,1.6,3.50000000000001,3.8,7.2,1.2,0.3,0.2,3.1,3.7,1,5,0.176091259055681,0,1,1060,1060,8.16333333333334,0,1,0,1,0,0,1,0,0,1,1,0,0,0,0,1,"White.breasted.Nuthatch","Eastern.Bluebird",0.0324786324786325
"354",2,2,57.5,46.9,2.2,29.4,9.3,38.4,14.2,2.6,1.6,0.300000000000001,4.3,1,6,0.544068044350275,0,5,0,0,57.9133333333333,0,1,1,0,0,0,1,0,1,1,1,0,0,1,0,0,"White.breasted.Nuthatch","American.Robin",-0.0823931623931624
"355",0,2,5.5,8.40000000000001,3.9,6.5,7.2,13.7,0.600000000000001,3.2,2.3,3.1,5.6,2,2,0.1249387366083,1,1,1100,1100,5.72,0,0,0,0,0,1,0,0,0,1,0,1,0,0,0,0,"White.breasted.Nuthatch","House.Sparrow",0.161025641025641
"356",1,1,0.399999999999999,17.4,3.7,5.1,6.4,11.4,1.1,4,2.6,3.8,8.5,1,3,0.544068044350275,0,5,0,0,0.00500000000000256,0,1,0,0,0,0,0,0,1,1,1,1,0,0,0,1,"White.breasted.Nuthatch","House.Finch",-0.0495726495726496
"357",0,0,8.2,0.5,3.6,10.6,8.5,18.8,5,2.1,0.3,4,7.6,1,3,0,1,2,2500,2500,8.77,1,0,0,0,0,1,1,0,1,1,1,1,0,0,0,1,"White.breasted.Nuthatch","American.Goldfinch",0.065982905982906
"358",2,1,8.8,7.2,7,9.9,11.3,20.6,2.2,0.7,0,5.2,6,1,3,0.397940008672037,0,3,300,300,8.37,0,1,0,0,0,0,1,0,1,1,1,0,0,1,1,0,"White.breasted.Nuthatch","Chipping.Sparrow",0.353846153846154
"359",1,1,19,42.9,17.6,9.9,16.5,6.3,8.5,4,1.5,2.4,3.7,1,4,0.698970004336019,2,3,1520,1520,19.3966666666667,0,1,1,0,0,0,1,1,0,1,1,0,0,0,1,0,"White.breasted.Nuthatch","Eastern.Towhee",0.30051282051282
"360",2,2,29.8,40.1,7.2,28,0.199999999999999,29.4,9.5,4.6,1.6,3.2,3.6,1,6,0.301029995663981,0,2,1000,1000,34.68,0,1,0,0,0,0,1,0,1,1,1,0,0,0,0,0,"White.breasted.Nuthatch","Red.winged.Blackbird",-0.111794871794872
"361",2,1,19.3,21,1.8,7.9,6.3,16.4,6.2,4.7,1.8,1.1,1.5,1,5,0.301029995663981,0,2,605,605,21.03,0,1,0,0,0,0,1,0,1,1,1,0,0,0,0,0,"White.breasted.Nuthatch","Brown.headed.Cowbird",0.355897435897436
"362",1,2,84.2,69.4,5.3,37.3,6.7,44.3,17.1,6.3,3.3,9.6,13.9,2,3,0.653212513775344,1,4,2500,2500,86.03,1,0,0,0,0,0,1,1,0,0,0,0,1,0,1,0,"White.breasted.Nuthatch","Common.Grackle",-0.0427350427350427
"363",2,1,9.2,5.2,2.6,9.7,7,16.8,0.100000000000001,0.4,0.9,4.2,5.7,0,6,0.477121254719662,1,2,450,450,9.47,0,1,1,1,0,0,1,0,1,1,1,0,0,0,0,1,"White.breasted.Nuthatch","Pine.Warbler",-0.00786324786324786
"364",0,1,21.6,53,15.7,16.8,13.4,4.90000000000001,6,8.1,5.3,2.5,1.5,2,5,0.301029995663981,2,0,1500,1500,22.9133333333333,0,1,0,0,0,0,1,0,0,1,1,0,0,0,1,1,"White.breasted.Nuthatch","Northern.Cardinal",0.198632478632479
"378",0,0,0,0,0,0,0,0,0,0,0,0,0,0,0,0,0,0,0,0,0,0,1,1,1,1,1,1,1,1,1,1,1,1,1,1,1,"Brown.headed.Nuthatch","Brown.headed.Nuthatch",1
"379",2,1,38.3,82.2,2.7,40.6,8,47.3,17.4,1.4,1.3,1.8,6.8,1,3,0,0,0,2400,2400,38.074,1,0,0,0,0,0,1,0,0,1,1,0,1,1,0,0,"Brown.headed.Nuthatch","Northern.Mockingbird",0.244444444444444
"380",1,0,58.6,86.4,9.4,36.8,1.1,37.5,19.4,2.4,2.1,8.9,14.8,1,3,0.1249387366083,1,2,80,80,60.0906666666667,0,1,0,1,1,0,1,0,0,1,1,1,1,1,0,0,"Brown.headed.Nuthatch","Brown.Thrasher",-0.259487179487179
"381",1,1,17.3,27.1,9.5,14.5,16.3,30.8,4.9,0.6,0.9,1.3,0.0999999999999996,1,4,0.1249387366083,0,1,1840,1840,19.8073333333333,1,0,1,1,0,0,1,0,0,1,1,1,1,0,1,1,"Brown.headed.Nuthatch","Eastern.Bluebird",-0.0495726495726496
"382",2,2,68.3,60.3,5.7,40.4,21.8,62,17.9,2.9,2.3,2.1,8.1,1,5,0.243038048686294,0,3,2900,2900,69.5573333333333,1,0,0,0,0,0,1,0,1,1,1,1,1,1,1,0,"Brown.headed.Nuthatch","American.Robin",0.416068376068376
"383",0,2,16.3,21.8,4,4.5,5.3,9.90000000000001,3.1,3.5,3,1.3,1.8,2,1,0.425968732272281,1,1,4000,4000,17.364,1,0,0,0,0,0,0,0,0,1,0,0,1,0,0,0,"Brown.headed.Nuthatch","House.Sparrow",0.389401709401709
"384",1,1,11.2,30.8,4.2,5.9,6.1,12.2,2.6,4.3,3.3,2,4.7,1,2,0.243038048686294,0,3,2900,2900,11.649,1,0,0,0,0,0,0,0,1,1,1,0,1,0,0,1,"Brown.headed.Nuthatch","House.Finch",-0.0372649572649573
"385",0,0,2.6,12.9,4.3,0.399999999999999,4,4.8,1.3,2.4,1,2.2,3.8,1,2,0.301029995663981,1,0,400,400,2.874,0,1,0,0,0,0,1,0,1,1,1,0,1,0,0,1,"Brown.headed.Nuthatch","American.Goldfinch",0.00444444444444444
"386",2,1,2,20.6,0.899999999999999,1.1,1.2,3,1.5,1,0.7,3.4,2.2,1,2,0.0969100130080565,0,1,3200,3200,3.274,1,0,1,0,0,1,1,0,1,1,1,1,1,1,0,0,"Brown.headed.Nuthatch","Chipping.Sparrow",0.515897435897436
"387",1,1,29.8,56.3,9.7,20.9,4,17.3,12.2,4.3,2.2,0.6,0.0999999999999996,1,3,0.397940008672038,2,1,1380,1380,31.0406666666667,1,0,0,0,0,0,1,1,0,1,1,0,1,0,0,0,"Brown.headed.Nuthatch","Eastern.Towhee",-0.0523076923076923
"388",2,2,40.6,53.5,0.699999999999999,39,12.7,53,13.2,4.9,2.3,5,7.4,1,5,0,0,0,1900,1900,46.324,1,0,0,0,0,1,1,0,1,1,1,1,1,0,0,0,"Brown.headed.Nuthatch","Red.winged.Blackbird",0.00170940170940171
"389",2,1,30.1,34.4,9.7,18.9,18.8,40,9.9,5,2.5,0.699999999999999,2.3,1,4,0,0,0,2295,2295,32.674,1,0,0,0,0,1,1,0,1,1,1,1,1,0,1,0,"Brown.headed.Nuthatch","Brown.headed.Cowbird",-0.0112820512820513
"390",1,2,95,82.8,2.6,48.3,19.2,67.9,20.8,6.6,4,11.4,17.7,2,2,0.352182518111363,1,2,400,400,97.674,0,1,1,0,0,0,1,1,0,0,0,1,0,0,0,0,"Brown.headed.Nuthatch","Common.Grackle",-0.0509401709401709
"391",2,1,1.6,18.6,5.3,1.3,5.5,6.8,3.8,0.1,0.2,2.4,1.9,0,5,0.176091259055681,1,0,2450,2450,2.174,1,0,0,1,0,0,1,0,1,1,1,1,1,0,1,1,"Brown.headed.Nuthatch","Pine.Warbler",0.0878632478632479
"392",0,1,32.4,66.4,7.8,27.8,0.9,28.5,9.7,8.4,6,4.3,2.3,2,4,0,2,2,1400,1400,34.5573333333333,1,0,0,0,0,0,1,0,0,1,1,0,1,0,0,1,"Brown.headed.Nuthatch","Northern.Cardinal",0.0844444444444444
"407",0,0,0,0,0,0,0,0,0,0,0,0,0,0,0,0,0,0,0,0,0,0,1,1,1,1,1,1,1,1,1,1,1,1,1,1,1,"Northern.Mockingbird","Northern.Mockingbird",1
"408",1,1,20.3,4.2,6.7,3.8,9.1,9.8,2,1,0.800000000000001,7.1,8,0,0,0.1249387366083,1,2,2480,2480,22.0166666666667,1,0,1,0,0,0,1,0,1,1,1,0,1,1,1,1,"Northern.Mockingbird","Brown.Thrasher",0.193846153846154
"409",1,0,21,55.1,12.2,26.1,8.3,16.5,12.5,0.8,0.399999999999999,3.1,6.7,2,1,0.1249387366083,0,1,560,560,18.2666666666667,0,1,0,0,0,0,1,1,1,1,1,0,1,0,0,0,"Northern.Mockingbird","Eastern.Bluebird",0.144615384615385
"410",0,1,30,21.9,8.4,0.200000000000003,13.8,14.7,0.5,1.5,1,0.300000000000001,1.3,0,2,0.243038048686294,0,3,500,500,31.4833333333333,0,1,0,1,0,0,1,1,0,1,1,0,1,1,0,1,"Northern.Mockingbird","American.Robin",0.11042735042735
"411",2,1,22,60.4,6.7,36.1,2.7,37.4,14.3,2.1,1.7,3.1,8.6,1,2,0.425968732272281,1,1,1600,1600,20.71,0,0,0,0,0,0,0,0,1,1,0,1,1,0,0,0,"Northern.Mockingbird","House.Sparrow",0.00102564102564103
"412",1,0,27.1,51.4,6.9,34.7,1.9,35.1,14.8,2.9,2,3.8,11.5,0,1,0.243038048686294,0,3,500,500,26.425,0,1,1,0,0,0,0,0,0,1,1,1,1,0,0,0,"Northern.Mockingbird","House.Finch",0.44
"413",2,1,35.7,69.3,7,40.2,4,42.5,18.7,1,0.3,4,10.6,0,1,0.301029995663981,1,0,2000,2000,35.2,1,0,1,0,0,0,1,0,0,1,1,1,1,0,0,0,"Northern.Mockingbird","American.Goldfinch",0.608888888888889
"414",0,0,36.3,61.6,3.6,39.5,6.8,44.3,15.9,0.399999999999999,0.6,5.2,9,0,1,0.0969100130080565,0,1,800,800,34.8,0,1,0,0,0,0,1,0,0,1,1,0,1,1,1,1,"Northern.Mockingbird","Chipping.Sparrow",0.138461538461538
"415",1,0,8.5,25.9,7,19.7,12,30,5.2,2.9,0.9,2.4,6.7,0,0,0.397940008672038,2,1,1020,1020,7.03333333333333,0,1,0,1,0,0,1,0,1,1,1,0,1,0,1,1,"Northern.Mockingbird","Eastern.Towhee",0.115213675213675
"416",0,1,2.3,28.7,3.4,1.59999999999999,4.7,5.7,4.2,3.5,1,3.2,0.599999999999998,0,2,0,0,0,500,500,8.25,0,1,0,0,0,0,1,0,0,1,1,0,1,0,0,1,"Northern.Mockingbird","Red.winged.Blackbird",-0.0167521367521367
"417",0,0,8.2,47.8,12.4,21.7,10.8,7.3,7.5,3.6,1.2,1.1,4.5,2,1,0,0,0,105,105,5.4,0,1,0,0,0,0,1,0,0,1,1,0,1,0,0,0,"Northern.Mockingbird","Brown.headed.Cowbird",0.448888888888889
"418",1,1,56.7,0.600000000000009,5.3,7.7,11.2,20.6,3.4,5.2,2.7,9.6,10.9,1,1,0.352182518111363,1,2,2000,2000,59.6,1,0,0,1,0,0,1,0,1,0,0,0,0,0,1,0,"Northern.Mockingbird","Common.Grackle",0.143247863247863
"419",0,0,36.7,63.6,8,39.3,2.5,40.5,13.6,1.5,1.5,4.2,8.7,1,2,0.176091259055681,1,0,50,50,35.9,0,1,0,0,0,0,1,0,0,1,1,0,1,0,0,0,"Northern.Mockingbird","Pine.Warbler",-0.00717948717948718
"420",2,0,5.9,15.8,5.1,12.8,8.9,18.8,7.7,7,4.7,2.5,4.5,1,1,0,2,2,1000,1000,3.51666666666667,0,1,1,1,0,0,1,0,1,1,1,0,1,0,1,0,"Northern.Mockingbird","Northern.Cardinal",0.068034188034188
"436",0,0,0,0,0,0,0,0,0,0,0,0,0,0,0,0,0,0,0,0,0,0,1,1,1,1,1,1,1,1,1,1,1,1,1,1,1,"Brown.Thrasher","Brown.Thrasher",1
"437",0,1,41.3,59.3,18.9,22.3,17.4,6.7,14.5,1.8,1.2,10.2,14.7,2,1,0,1,1,1920,1920,40.2833333333333,1,0,0,1,0,1,1,0,1,1,1,1,1,0,0,0,"Brown.Thrasher","Eastern.Bluebird",0.24034188034188
"438",1,2,9.7,26.1,15.1,3.59999999999999,22.9,24.5,1.5,0.5,0.199999999999999,6.8,6.7,0,2,0.367976785294594,1,5,2980,2980,9.46666666666667,1,0,0,0,0,0,1,0,0,1,1,1,1,1,0,1,"Brown.Thrasher","American.Robin",-0.167863247863248
"439",1,2,42.3,64.6,13.4,32.3,6.4,27.6,16.3,1.1,0.9,10.2,16.6,1,2,0.301029995663981,2,1,4080,4080,42.7266666666667,1,0,0,0,0,0,0,0,1,1,0,0,1,0,0,0,"Brown.Thrasher","House.Sparrow",-0.193846153846154
"440",0,1,47.4,55.6,13.6,30.9,7.2,25.3,16.8,1.9,1.2,10.9,19.5,0,1,0.367976785294594,1,5,2980,2980,48.4416666666667,1,0,1,0,0,1,0,0,0,1,1,0,1,0,0,0,"Brown.Thrasher","House.Finch",-0.00102564102564103
"441",1,0,56,73.5,13.7,36.4,5.1,32.7,20.7,0,1.1,11.1,18.6,0,1,0.176091259055681,2,2,480,480,57.2166666666667,0,1,1,0,0,0,1,0,0,1,1,0,1,0,0,0,"Brown.Thrasher","American.Goldfinch",-0.0516239316239316
"442",1,1,56.6,65.8,10.3,35.7,2.3,34.5,17.9,1.4,1.4,12.3,17,0,1,0.221848749616356,1,3,3280,3280,56.8166666666667,1,0,0,0,0,0,1,0,0,1,1,1,1,1,1,1,"Brown.Thrasher","Chipping.Sparrow",0.0577777777777778
"443",0,1,28.8,30.1,0.300000000000001,15.9,2.9,20.2,7.2,1.9,0.0999999999999996,9.5,14.7,0,0,0.522878745280338,1,3,1460,1460,29.05,1,0,0,0,0,1,1,0,1,1,1,0,1,0,1,1,"Brown.Thrasher","Eastern.Towhee",0.452307692307692
"444",1,2,18,32.9,10.1,2.2,13.8,15.5,6.2,2.5,0.199999999999999,3.9,7.4,0,2,0.1249387366083,1,2,1980,1980,13.7666666666667,1,0,0,0,0,0,1,0,0,1,1,1,1,0,0,1,"Brown.Thrasher","Red.winged.Blackbird",-0.31965811965812
"445",1,1,28.5,52,19.1,17.9,19.9,2.5,9.5,2.6,0.399999999999999,8.2,12.5,2,1,0.1249387366083,1,2,2375,2375,27.4166666666667,1,0,0,0,0,0,1,0,0,1,1,1,1,0,0,0,"Brown.Thrasher","Brown.headed.Cowbird",0.495384615384615
"446",0,2,36.4,3.59999999999999,12,11.5,20.3,30.4,1.4,4.2,1.9,2.5,2.9,1,1,0.477121254719662,0,4,480,480,37.5833333333333,0,1,0,0,0,0,1,0,1,0,0,1,0,0,1,0,"Brown.Thrasher","Common.Grackle",0.0290598290598291
"447",1,1,57,67.8,14.7,35.5,6.6,30.7,15.6,2.5,2.3,11.3,16.7,1,2,0.301029995663981,0,2,2530,2530,57.9166666666667,1,0,0,1,0,0,1,0,0,1,1,1,1,0,0,0,"Brown.Thrasher","Pine.Warbler",0.109059829059829
"448",1,1,26.2,20,1.6,9,0.199999999999999,9,9.7,6,3.9,4.6,12.5,1,1,0.1249387366083,1,0,1480,1480,25.5333333333333,1,0,1,0,0,0,1,0,1,1,1,0,1,0,1,0,"Brown.Thrasher","Northern.Cardinal",0.442051282051282
"465",0,0,0,0,0,0,0,0,0,0,0,0,0,0,0,0,0,0,0,0,0,0,1,1,1,1,1,1,1,1,1,1,1,1,1,1,1,"Eastern.Bluebird","Eastern.Bluebird",1
"466",1,1,51,33.2,3.8,25.9,5.5,31.2,13,2.3,1.4,3.4,8,2,1,0.367976785294594,0,4,1060,1060,49.75,0,1,0,0,0,0,1,1,0,1,1,1,1,0,1,0,"Eastern.Bluebird","American.Robin",-0.290940170940171
"467",1,1,1,5.3,5.5,10,11,20.9,1.8,2.9,2.1,0,1.9,3,3,0.301029995663981,1,0,2160,2160,2.44333333333334,0,0,0,0,0,0,0,0,1,1,0,0,1,0,0,0,"Eastern.Bluebird","House.Sparrow",0.282735042735043
"468",0,0,6.1,3.7,5.3,8.60000000000001,10.2,18.6,2.3,3.7,2.4,0.699999999999999,4.8,2,2,0.367976785294594,0,4,1060,1060,8.15833333333333,0,1,0,0,0,1,0,0,0,1,1,0,1,0,0,1,"Eastern.Bluebird","House.Finch",0.517948717948718
"469",1,1,14.7,14.2,5.2,14.1,12.3,26,6.2,1.8,0.0999999999999996,0.9,3.9,2,2,0.176091259055681,1,1,1440,1440,16.9333333333333,1,0,0,0,0,0,1,0,0,1,1,0,1,0,0,1,"Eastern.Bluebird","American.Goldfinch",-0.0153846153846154
"470",1,0,15.3,6.5,8.6,13.4,15.1,27.8,3.4,0.4,0.2,2.1,2.3,2,2,0.221848749616356,0,2,1360,1360,16.5333333333333,0,1,1,0,0,0,1,0,0,1,1,1,1,0,0,0,"Eastern.Bluebird","Chipping.Sparrow",-0.24991452991453
"471",0,0,12.5,29.2,19.2,6.39999999999999,20.3,13.5,7.3,3.7,1.3,0.700000000000001,0,2,1,0.522878745280338,2,2,460,460,11.2333333333333,0,1,0,0,0,1,1,0,1,1,1,0,1,0,0,0,"Eastern.Bluebird","Eastern.Towhee",0.161025641025641
"472",1,1,23.3,26.4,8.8,24.5,3.6,22.2,8.3,4.3,1.4,6.3,7.3,2,1,0.1249387366083,0,1,60,60,26.5166666666667,0,1,0,0,0,0,1,0,0,1,1,1,1,0,0,0,"Eastern.Bluebird","Red.winged.Blackbird",-0.214358974358974
"473",1,0,12.8,7.3,0.200000000000003,4.39999999999999,2.5,9.2,5,4.4,1.6,2,2.2,0,0,0.1249387366083,0,1,455,455,12.8666666666667,0,1,0,0,0,0,1,0,0,1,1,1,1,1,1,0,"Eastern.Bluebird","Brown.headed.Cowbird",0.48034188034188
"474",0,1,77.7,55.7,6.9,33.8,2.9,37.1,15.9,6,3.1,12.7,17.6,3,2,0.477121254719662,1,3,1440,1440,77.8666666666667,1,0,1,0,0,0,1,0,1,0,0,1,0,1,0,0,"Eastern.Bluebird","Common.Grackle",0.279316239316239
"475",1,0,15.7,8.5,4.2,13.2,10.8,24,1.1,0.7,1.1,1.1,2,1,1,0.301029995663981,1,1,610,610,17.6333333333333,0,1,0,1,1,0,1,0,0,1,1,1,1,1,1,1,"Eastern.Bluebird","Pine.Warbler",0.140512820512821
"476",1,0,15.1,39.3,17.3,13.3,17.2,2.3,4.8,7.8,5.1,5.6,2.2,3,0,0.1249387366083,2,1,440,440,14.75,0,1,0,0,0,0,1,0,1,1,1,0,1,0,0,1,"Eastern.Bluebird","Northern.Cardinal",-0.208888888888889
"494",0,0,0,0,0,0,0,0,0,0,0,0,0,0,0,0,0,0,0,0,0,0,1,1,1,1,1,1,1,1,1,1,1,1,1,1,1,"American.Robin","American.Robin",1
"495",2,0,52,38.5,1.7,35.9,16.5,52.1,14.8,0.6,0.7,3.4,9.9,1,4,0.669006780958576,1,4,1100,1100,52.1933333333333,0,0,0,0,0,0,0,0,0,1,0,0,1,0,0,0,"American.Robin","House.Sparrow",0.0687179487179487
"496",1,1,57.1,29.5,1.5,34.5,15.7,49.8,15.3,1.4,1,4.1,12.8,0,3,0,0,0,0,0,57.9083333333333,0,1,0,0,0,0,0,0,1,1,1,0,1,0,0,0,"American.Robin","House.Finch",0.0406837606837607
"497",2,2,65.7,47.4,1.4,40,17.8,57.2,19.2,0.5,1.3,4.3,11.9,0,3,0.544068044350275,1,3,2500,2500,66.6833333333333,1,0,0,0,0,0,1,0,1,1,1,0,1,0,0,0,"American.Robin","American.Goldfinch",0.285470085470085
"498",0,1,66.3,39.7,4.8,39.3,20.6,59,16.4,1.9,1.6,5.5,10.3,0,3,0.146128035678238,0,2,300,300,66.2833333333333,0,1,0,0,0,0,1,0,1,1,1,1,1,1,0,1,"American.Robin","Chipping.Sparrow",0.13982905982906
"499",1,1,38.5,4,15.4,19.5,25.8,44.7,5.7,1.4,0.0999999999999996,2.7,8,0,2,0.154901959985743,2,2,1520,1520,38.5166666666667,0,1,1,1,0,0,1,0,0,1,1,0,1,0,0,1,"American.Robin","Eastern.Towhee",-0.0263247863247863
"500",0,0,27.7,6.8,5,1.39999999999999,9.1,9,4.7,2,0,2.9,0.699999999999999,0,0,0.243038048686294,0,3,1000,1000,23.2333333333333,0,1,0,0,0,0,1,0,1,1,1,1,1,0,0,1,"American.Robin","Red.winged.Blackbird",0.0776068376068376
"501",0,1,38.2,25.9,4,21.5,3,22,8,2.1,0.2,1.4,5.8,2,1,0.243038048686294,0,3,605,605,36.8833333333333,0,1,0,0,0,0,1,0,1,1,1,1,1,0,1,0,"American.Robin","Brown.headed.Cowbird",-0.068034188034188
"502",1,0,26.7,22.5,3.1,7.90000000000001,2.6,5.90000000000001,2.9,3.7,1.7,9.3,9.6,1,3,0.109144469425068,1,1,2500,2500,28.1166666666667,1,0,0,1,0,0,1,0,0,0,0,1,0,0,0,0,"American.Robin","Common.Grackle",0.00512820512820513
"503",0,1,66.7,41.7,0.399999999999999,39.1,16.3,55.2,14.1,3,2.5,4.5,10,1,0,0.0669467896306132,1,3,450,450,67.3833333333333,0,1,1,0,0,0,1,0,1,1,1,1,1,0,1,0,"American.Robin","Pine.Warbler",-0.202051282051282
"504",2,1,35.9,6.09999999999999,13.5,12.6,22.7,33.5,8.2,5.5,3.7,2.2,5.8,1,1,0.243038048686294,2,5,1500,1500,35,0,1,0,1,0,0,1,0,0,1,1,0,1,0,0,0,"American.Robin","Northern.Cardinal",-0.0488888888888889
"523",0,0,0,0,0,0,0,0,0,0,0,0,0,0,0,0,0,0,0,0,0,0,1,1,1,1,1,1,1,1,1,1,1,1,1,1,1,"House.Sparrow","House.Sparrow",1
"524",1,1,5.1,9,0.199999999999999,1.4,0.800000000000001,2.3,0.5,0.799999999999999,0.3,0.699999999999999,2.9,1,1,0.669006780958576,1,4,1100,1100,5.715,0,0,0,1,1,0,1,0,0,1,0,1,1,1,1,0,"House.Sparrow","House.Finch",0.46051282051282
"525",0,2,13.7,8.90000000000001,0.300000000000001,4.1,1.3,5.10000000000001,4.4,1.1,2,0.9,2,1,1,0.1249387366083,0,1,3600,3600,14.49,1,0,0,1,1,1,0,1,0,1,0,1,1,1,1,0,"House.Sparrow","American.Goldfinch",0.208205128205128
"526",2,1,14.3,1.2,3.1,3.4,4.1,6.90000000000001,1.6,2.5,2.3,2.1,0.4,1,1,0.522878745280338,1,2,800,800,14.09,0,0,0,1,0,0,0,0,0,1,0,0,1,0,0,0,"House.Sparrow","Chipping.Sparrow",0.124786324786325
"527",1,1,13.5,34.5,13.7,16.4,9.3,7.39999999999999,9.1,0.799999999999999,0.8,0.700000000000001,1.9,1,2,0.823908740944319,3,2,2620,2620,13.6766666666667,0,0,0,0,0,0,0,0,1,1,0,0,1,1,0,0,"House.Sparrow","Eastern.Towhee",-0.446837606837607
"528",2,0,24.3,31.7,3.3,34.5,7.4,43.1,10.1,1.4,0.7,6.3,9.2,1,4,0.425968732272281,1,1,2100,2100,28.96,0,0,0,1,0,0,0,0,0,1,0,0,1,1,1,0,"House.Sparrow","Red.winged.Blackbird",0.198632478632479
"529",2,1,13.8,12.6,5.7,14.4,13.5,30.1,6.8,1.5,0.5,2,4.1,3,3,0.425968732272281,1,1,1705,1705,15.31,0,0,0,1,0,0,0,0,0,1,0,0,1,0,0,1,"House.Sparrow","Brown.headed.Cowbird",0.156239316239316
"530",1,0,78.7,61,1.4,43.8,13.9,58,17.7,3.1,1,12.7,19.5,0,1,0.778151250383644,2,3,3600,3600,80.31,1,0,0,0,0,0,0,0,1,0,1,0,0,0,0,1,"House.Sparrow","Common.Grackle",-0.152820512820513
"531",2,1,14.7,3.2,1.3,3.2,0.200000000000003,3.10000000000001,0.700000000000003,3.6,3.2,1.1,0.0999999999999996,2,4,0.602059991327962,2,1,1550,1550,15.19,0,0,0,0,0,0,0,0,0,1,0,0,1,0,0,0,"House.Sparrow","Pine.Warbler",-0.353846153846154
"532",0,1,16.1,44.6,11.8,23.3,6.2,18.6,6.6,4.9,3,5.6,4.1,0,3,0.425968732272281,3,1,2600,2600,17.1933333333333,0,0,0,0,0,0,0,0,1,1,0,0,1,1,0,0,"House.Sparrow","Northern.Cardinal",-0.115213675213675
"552",0,0,0,0,0,0,0,0,0,0,0,0,0,0,0,0,0,0,0,0,0,0,1,1,1,1,1,1,1,1,1,1,1,1,1,1,1,"House.Finch","House.Finch",1
"553",1,1,8.6,17.9,0.100000000000001,5.5,2.1,7.40000000000001,3.9,1.9,2.3,0.200000000000001,0.9,0,0,0.544068044350275,1,3,2500,2500,8.775,1,0,1,1,1,0,0,0,1,1,1,1,1,1,1,1,"House.Finch","American.Goldfinch",0.76957264957265
"554",1,0,9.2,10.2,3.3,4.8,4.9,9.2,1.1,3.3,2.6,1.4,2.5,0,0,0.146128035678238,0,2,300,300,8.375,0,1,0,1,0,0,0,0,1,1,1,0,1,0,0,0,"House.Finch","Chipping.Sparrow",-0.20957264957265
"555",0,0,18.6,25.5,13.9,15,10.1,5.09999999999999,9.6,0,1.1,1.4,4.8,0,1,0.154901959985743,2,2,1520,1520,19.3916666666667,0,1,0,0,0,1,0,0,0,1,1,0,1,1,0,0,"House.Finch","Eastern.Towhee",-0.364102564102564
"556",1,1,29.4,22.7,3.5,33.1,6.6,40.8,10.6,0.600000000000001,1,7,12.1,0,3,0.243038048686294,0,3,1000,1000,34.675,0,1,0,1,0,0,0,0,1,1,1,0,1,1,1,0,"House.Finch","Red.winged.Blackbird",0.30051282051282
"557",1,0,18.9,3.59999999999999,5.5,13,12.7,27.8,7.3,0.700000000000001,0.8,2.7,7,2,2,0.243038048686294,0,3,605,605,21.025,0,1,0,1,0,0,0,0,1,1,1,0,1,0,0,0,"House.Finch","Brown.headed.Cowbird",0.478974358974359
"558",0,1,83.8,52,1.6,42.4,13.1,55.7,18.2,2.3,0.7,13.4,22.4,1,0,0.109144469425068,1,1,2500,2500,86.025,1,0,0,0,0,0,0,0,0,0,0,0,0,0,0,0,"House.Finch","Common.Grackle",0.247179487179487
"559",1,0,9.6,12.2,1.1,4.59999999999999,0.599999999999998,5.40000000000001,1.2,4.4,3.5,0.4,2.8,1,3,0.0669467896306132,1,3,450,450,9.475,0,1,0,0,0,0,0,0,1,1,1,0,1,0,0,1,"House.Finch","Pine.Warbler",-0.124102564102564
"560",1,0,21.2,35.6,12,21.9,7,16.3,7.1,4.1,2.7,6.3,7,1,2,0.243038048686294,2,5,1500,1500,22.9083333333333,0,1,1,0,0,0,0,0,0,1,1,0,1,1,0,1,"House.Finch","Northern.Cardinal",-0.453675213675214
"581",0,0,0,0,0,0,0,0,0,0,0,0,0,0,0,0,0,0,0,0,0,0,1,1,1,1,1,1,1,1,1,1,1,1,1,1,1,"American.Goldfinch","American.Goldfinch",1
"582",2,1,0.600000000000001,7.7,3.4,0.700000000000003,2.8,1.8,2.8,1.4,0.3,1.2,1.6,0,0,0.397940008672037,1,1,2800,2800,0.4,1,0,0,1,0,0,1,0,1,1,1,0,1,0,0,0,"American.Goldfinch","Chipping.Sparrow",0.055042735042735
"583",1,1,27.2,43.4,14,20.5,8,12.5,13.5,1.9,1.2,1.6,3.9,0,1,0.698970004336019,3,1,980,980,28.1666666666667,1,0,0,0,0,0,1,0,0,1,1,0,1,1,0,0,"American.Goldfinch","Eastern.Towhee",-0.343589743589744
"584",2,2,38,40.6,3.6,38.6,8.7,48.2,14.5,2.5,1.3,7.2,11.2,0,3,0.301029995663981,1,0,1500,1500,43.45,1,0,0,1,0,0,1,0,1,1,1,0,1,1,1,0,"American.Goldfinch","Red.winged.Blackbird",0.31965811965812
"585",2,1,27.5,21.5,5.4,18.5,14.8,35.2,11.2,2.6,1.5,2.9,6.1,2,2,0.301029995663981,1,0,1895,1895,29.8,1,0,0,1,0,0,1,0,1,1,1,0,1,0,0,0,"American.Goldfinch","Brown.headed.Cowbird",0.272478632478632
"586",1,2,92.4,69.9,1.7,47.9,15.2,63.1,22.1,4.2,3,13.6,21.5,1,0,0.653212513775344,2,2,0,0,94.8,0,1,0,0,0,0,1,0,0,0,0,0,0,0,0,0,"American.Goldfinch","Common.Grackle",0.264273504273504
"587",2,1,1,5.7,1,0.900000000000006,1.5,2,5.1,2.5,1.2,0.199999999999999,1.9,1,3,0.477121254719662,2,0,2050,2050,0.699999999999999,1,0,0,0,0,0,1,0,1,1,1,0,1,0,0,1,"American.Goldfinch","Pine.Warbler",-0.121367521367521
"588",0,1,29.8,53.5,12.1,27.4,4.9,23.7,11,6,5,6.5,6.1,1,2,0.301029995663981,3,2,1000,1000,31.6833333333333,1,0,1,0,0,0,1,0,0,1,1,0,1,1,0,1,"American.Goldfinch","Northern.Cardinal",-0.343589743589744
"610",0,0,0,0,0,0,0,0,0,0,0,0,0,0,0,0,0,0,0,0,0,0,1,1,1,1,1,1,1,1,1,1,1,1,1,1,1,"Chipping.Sparrow","Chipping.Sparrow",1
"611",1,0,27.8,35.7,10.6,19.8,5.2,14.3,10.7,3.3,1.5,2.8,2.3,0,1,0.301029995663981,2,0,1820,1820,27.7666666666667,0,1,0,0,0,0,1,0,0,1,1,0,1,0,1,1,"Chipping.Sparrow","Eastern.Towhee",0.0509401709401709
"612",0,1,38.6,32.9,0.199999999999999,37.9,11.5,50,11.7,3.9,1.6,8.4,9.6,0,3,0.0969100130080565,0,1,1300,1300,43.05,0,1,0,1,1,1,1,1,1,1,1,1,1,0,0,1,"Chipping.Sparrow","Red.winged.Blackbird",0.0331623931623932
"613",0,0,28.1,13.8,8.8,17.8,17.6,37,8.4,4,1.8,4.1,4.5,2,2,0.0969100130080565,0,1,905,905,29.4,0,1,0,1,0,1,1,0,1,1,1,1,1,0,0,0,"Chipping.Sparrow","Brown.headed.Cowbird",-0.164444444444444
"614",1,1,93,62.2,1.7,47.2,18,64.9,19.3,5.6,3.3,14.8,19.9,1,0,0.255272505103306,1,1,2800,2800,94.4,1,0,1,0,0,0,1,0,0,0,0,1,0,0,1,0,"Chipping.Sparrow","Common.Grackle",-0.207521367521368
"615",0,0,0.399999999999999,2,4.4,0.200000000000003,4.3,3.8,2.3,1.1,0.9,1,0.300000000000001,1,3,0.0791812460476248,1,1,750,750,1.1,0,1,0,0,0,0,1,0,1,1,1,1,1,0,0,0,"Chipping.Sparrow","Pine.Warbler",0.234871794871795
"616",2,0,30.4,45.8,8.7,26.7,2.1,25.5,8.2,7.4,5.3,7.7,4.5,1,2,0.0969100130080565,2,3,1800,1800,31.2833333333333,0,1,0,0,0,0,1,0,0,1,1,0,1,0,1,0,"Chipping.Sparrow","Northern.Cardinal",0.273846153846154
"639",0,0,0,0,0,0,0,0,0,0,0,0,0,0,0,0,0,0,0,0,0,0,1,1,1,1,1,1,1,1,1,1,1,1,1,1,1,"Eastern.Towhee","Eastern.Towhee",1
"640",1,1,10.8,2.8,10.4,18.1,16.7,35.7,1,0.600000000000001,0.0999999999999996,5.6,7.3,0,2,0.397940008672038,2,1,520,520,15.2833333333333,0,1,0,0,0,0,1,0,0,1,1,0,1,1,0,1,"Eastern.Towhee","Red.winged.Blackbird",-0.291623931623932
"641",1,0,0.299999999999997,21.9,19.4,2,22.8,22.7,2.3,0.700000000000001,0.3,1.3,2.2,2,1,0.397940008672038,2,1,915,915,1.63333333333333,0,1,0,0,0,0,1,0,0,1,1,0,1,0,0,0,"Eastern.Towhee","Brown.headed.Cowbird",0.122735042735043
"642",0,1,65.2,26.5,12.3,27.4,23.2,50.6,8.6,2.3,1.8,12,17.6,1,1,0.045757490560675,1,1,980,980,66.6333333333333,1,0,0,1,1,0,1,1,1,0,0,0,0,0,1,0,"Eastern.Towhee","Common.Grackle",0.167863247863248
"643",1,0,28.2,37.7,15,19.6,9.5,10.5,8.4,4.4,2.4,1.8,2,1,2,0.221848749616356,1,1,1070,1070,28.8666666666667,0,1,1,0,0,0,1,0,0,1,1,0,1,0,0,0,"Eastern.Towhee","Pine.Warbler",0.19042735042735
"644",1,0,2.6,10.1,1.9,6.90000000000001,3.1,11.2,2.5,4.1,3.8,4.9,2.2,1,1,0.397940008672038,0,3,20,20,3.51666666666667,0,1,0,1,0,0,1,0,1,1,1,0,1,1,1,0,"Eastern.Towhee","Northern.Cardinal",0.308034188034188
"668",0,0,0,0,0,0,0,0,0,0,0,0,0,0,0,0,0,0,0,0,0,0,1,1,1,1,1,1,1,1,1,1,1,1,1,1,1,"Red.winged.Blackbird","Red.winged.Blackbird",1
"669",0,1,10.5,19.1,9,20.1,6.1,13,3.3,0.0999999999999996,0.2,4.3,5.1,2,1,0,0,0,395,395,13.65,0,1,0,1,0,1,1,0,1,1,1,1,1,0,0,0,"Red.winged.Blackbird","Brown.headed.Cowbird",-0.135042735042735
"670",1,0,54.4,29.3,1.9,9.3,6.5,14.9,7.6,1.7,1.7,6.4,10.3,1,3,0.352182518111363,1,2,1500,1500,51.35,1,0,0,0,0,0,1,0,0,0,0,1,0,0,0,0,"Red.winged.Blackbird","Common.Grackle",-0.2
"671",0,1,39,34.9,4.6,37.7,7.2,46.2,9.4,5,2.5,7.4,9.3,1,0,0.176091259055681,1,0,550,550,44.15,0,1,0,0,0,0,1,0,1,1,1,1,1,0,0,0,"Red.winged.Blackbird","Pine.Warbler",-0.0311111111111111
"672",2,1,8.2,12.9,8.5,11.2,13.6,24.5,3.5,3.5,3.7,0.700000000000001,5.1,1,1,0,2,2,500,500,11.7666666666667,0,1,0,0,0,0,1,0,0,1,1,0,1,1,0,0,"Red.winged.Blackbird","Northern.Cardinal",-0.145299145299145
"697",0,0,0,0,0,0,0,0,0,0,0,0,0,0,0,0,0,0,0,0,0,0,1,1,1,1,1,1,1,1,1,1,1,1,1,1,1,"Brown.headed.Cowbird","Brown.headed.Cowbird",1
"698",1,1,64.9,48.4,7.1,29.4,0.399999999999999,27.9,10.9,1.6,1.5,10.7,15.4,3,2,0.352182518111363,1,2,1895,1895,65,1,0,0,0,0,0,1,0,0,0,0,1,0,1,0,1,"Brown.headed.Cowbird","Common.Grackle",0.0276923076923077
"699",0,0,28.5,15.8,4.4,17.6,13.3,33.2,6.1,5.1,2.7,3.1,4.2,1,1,0.176091259055681,1,0,155,155,30.5,0,1,0,0,0,0,1,0,1,1,1,1,1,1,1,0,"Brown.headed.Cowbird","Pine.Warbler",-0.165811965811966
"700",2,0,2.3,32,17.5,8.90000000000001,19.7,11.5,0.199999999999999,3.4,3.5,3.6,0,3,0,0,2,2,895,895,1.88333333333333,0,1,0,0,0,0,1,0,0,1,1,0,1,0,0,0,"Brown.headed.Cowbird","Northern.Cardinal",-0.0290598290598291
"726",0,0,0,0,0,0,0,0,0,0,0,0,0,0,0,0,0,0,0,0,0,0,1,1,1,1,1,1,1,1,1,1,1,1,1,1,1,"Common.Grackle","Common.Grackle",1
"727",1,1,93.4,64.2,2.7,47,13.7,61.1,17,6.7,4.2,13.8,19.6,2,3,0.176091259055681,0,2,2050,2050,95.5,1,0,0,0,0,0,1,0,0,0,0,1,0,1,0,0,"Common.Grackle","Pine.Warbler",0.282735042735043
"728",1,1,62.6,16.4,10.4,20.5,20.1,39.4,11.1,1.8,2,7.1,15.4,0,2,0.352182518111363,1,4,1000,1000,63.1166666666667,1,0,0,1,0,0,1,0,1,0,0,0,0,0,1,0,"Common.Grackle","Northern.Cardinal",-0.228034188034188
"755",0,0,0,0,0,0,0,0,0,0,0,0,0,0,0,0,0,0,0,0,0,0,1,1,1,1,1,1,1,1,1,1,1,1,1,1,1,"Pine.Warbler","Pine.Warbler",1
"756",2,0,30.8,47.8,13.1,26.5,6.4,21.7,5.9,8.5,6.2,6.7,4.2,2,1,0.176091259055681,1,2,1050,1050,32.3833333333333,0,1,0,0,0,0,1,0,0,1,1,0,1,0,0,1,"Pine.Warbler","Northern.Cardinal",-0.16034188034188
"784",0,0,0,0,0,0,0,0,0,0,0,0,0,0,0,0,0,0,0,0,0,0,1,1,1,1,1,1,1,1,1,1,1,1,1,1,1,"Northern.Cardinal","Northern.Cardinal",1
