English Name (BirdLife > IOC > Clements>AviList),AviList v1 2025,RR,ISL,RLM,LAT,Female MinMass,Female MaxMass,Male MinMass,Male MaxMass,Unsexed MinMass,Unsexed MaxMass,Average Mass,Xmin,NormMin,Elevational Range,NormMax,Xmax,F,BM,WD,SH,SV,G,PL,R,D,A,RV,C,W,SE,O,O- DESC,Primary Habitat,HB,Primary Diet,IN-Wt,FR-Wt,NE-Wt,SE-Wt,VE-Wt,FI-Wt,SC-Wt,PL-Wt,MS-Wt,SUM-Wt,Desc,DB,Diet_Lit,ESI,Social_1,Social_2,Social_3,Social_4,Social_5,Social_6,Mono,Poly,Coop,Nest_Type,Nest_SBS,Brd1,Brd2,Clutch_Min,Clutch_Max,Incu_Sex,Incu1,Incu2,Fldg1,Fldg2,Para.1,Para.2,BrS1,BrS2,Prod1,Prod2,Flightlessness,Mig,Alt,Irreg,Disp,Sed,Beak.Length_Culmen,Beak.Length_Nares,Beak.Width,Beak.Depth,Tarsus.Length,Wing.Length,Kipps.Distance,Secondary1,Hand-Wing.Index,Tail.Length,Mass,Mass.Source,Mass.Refs.Other,Inference,Traits.inferred,Reference.species,Habitat,Habitat.Density,Migration,Trophic.Level,Trophic.Niche,Primary.Lifestyle
Chimney Swift,Chaetura pelagica,0,0,LN,2,NA,NA,21,NA,17,30,22.666666666666668,NA,0,3200,3200,NA,3,NA,NA,4,NA,NA,NA,NA,NA,1,2,5,NA,NA,NA,NA,Artificial,5,Invertebrate,10,T,0,0,0,0,0,0,0,10,NA,1,1,1.3010299956639813,1,0,0,0,0,0,1,0,1,"HC,O",B,1,2,2,7,B,16,21,28,30,0,0,86,NA,3.6,NA,No,1,NA,1,NA,NA,6.3,3.5,2.9,2.4,11.6,124.4,86.8,36.6,70.3,43.8,23.6,Dunning,NA,NO,NA,NA,Human Modified,1,3,Carnivore,Invertivore,Aerial
Ruby-throated Hummingbird,Archilochus colubris,0,0,LN,2,2.6,6,2.3,5.1,NA,NA,3.9999999999999996,NA,0,3000,3000,NA,2,NA,1,NA,NA,NA,NA,NA,NA,3,NA,NA,NA,NA,NA,NA,Woodland,3,Nectar,4,0,6,0,0,0,0,0,0,10,NA,2,1,1.2218487496163564,0,0,0,0,1,0,0,1,0,CP,"T,B",1,2,2,2,F,16,NA,15,28,NA,NA,NA,NA,NA,NA,No,1,1,NA,NA,1,20.7,15.1,1.8,1.9,3.4,40.7,27.6,14.7,65,24.3,3.1,Dunning,NA,NO,NA,NA,Woodland,2,3,Omnivore,Nectarivore,Generalist
Mourning Dove,Zenaida macroura,0,0,N,2,86,156,96,170,NA,NA,127,NA,0,2500,2500,NA,NA,NA,4,NA,1,NA,5,NA,NA,2,3,NA,NA,NA,NA,NA,Savanna,5,Seed,T,0,0,10,0,0,0,T,0,10,NA,1,1,1.3010299956639813,NA,NA,NA,NA,NA,NA,NA,NA,1,NA,"G,S,T",NA,NA,2,2,NA,15,15.5,11,15,0,0,NA,NA,NA,NA,No,1,NA,NA,NA,1,19.6,9.3,2.7,3.4,19.6,144.4,53.1,91.6,36.6,122.2,118.9,Dunning,NA,NO,NA,NA,Human Modified,3,1,Herbivore,Granivore,Terrestrial
Ring-billed Gull,Larus delawarensis,0,0,LN,2,300,600,400,700,NA,NA,500,NA,0,100,100,NA,NA,NA,NA,NA,NA,NA,NA,NA,NA,2,4,1,3,NA,NA,NA,Coastal,4,Carnivore,2,0,0,1,1,5,1,0,0,10,NA,5,1,0.6989700043360189,1,0,0,0,0,0,NA,NA,1,NA,NA,NA,NA,3,3,NA,25,28,37,NA,1,1,NA,NA,NA,NA,No,1,NA,NA,NA,NA,48.1,19.6,6.2,13,51.2,366,205.5,160,56.2,133.2,516.3,Dunning,NA,NO,NA,NA,Coastal,3,2,Carnivore,Omnivore,Terrestrial
Red-headed Woodpecker,Melanerpes erythrocephalus,0,0,N,3,NA,NA,NA,NA,56.1,97,76.55,NA,0,2400,2400,NA,1,NA,2,7,8,5,NA,NA,NA,3,6,NA,4,NA,NA,NA,Forest,8,Omnivore,3,4,0,3,T,0,T,T,T,10,"Bark, sap, eggs",3,1,0.619788758288394,0,0,0,1,0,0,1,0,3,CV,"B,C,T",NA,NA,3,10,B,12,14,24,31,0,1,78,NA,NA,NA,No,1,NA,1,NA,1,27.3,20.3,7.6,7.4,20.6,139.7,40.6,98.9,29.1,83.3,71.6,Dunning,NA,NO,NA,NA,Forest,1,1,Carnivore,Invertivore,Insessorial
Red-bellied Woodpecker,Melanerpes carolinus,0,0,N,3,43.6,74.5,43,80.3,56,91,64.73333333333333,NA,0,600,600,900,NA,NA,1,NA,NA,NA,NA,NA,NA,4,3,NA,2,NA,NA,NA,Woodland,4,Omnivore,3,3,T,4,T,0,T,T,T,10,"Eggs, sap",3,1,0.9208187539523752,0,0,0,0,1,0,1,0,NA,CV,"C,P,T",2,3,2,8,B,12,NA,22,27,0,0,55,NA,NA,NA,No,2,NA,1,NA,1,32.6,21.6,7.1,7.6,21.1,127.2,35.5,90.4,28.2,76.8,69.5,Dunning,NA,NO,NA,NA,Woodland,1,1,Omnivore,Omnivore,Insessorial
Downy Woodpecker,Dryobates pubescens,0,0,N,3,20.9,30.1,23.2,29.1,20.7,32.2,26.033333333333335,NA,0,2750,2750,NA,1,NA,2,NA,NA,NA,NA,NA,NA,3,4,NA,NA,NA,NA,NA,Forest,4,Invertebrate,8,1,0,1,0,0,0,T,0,10,NA,3,1,0.9208187539523752,0,1,0,1,0,0,NA,NA,3,CV,"C,P,T",NA,NA,3,7,B,12,NA,20,23,0,0,NA,NA,NA,NA,No,NA,NA,1,NA,1,17.4,12.2,4.9,4.8,15.8,91.3,24.3,65.9,27,58.6,25.6,Dunning,NA,NO,NA,NA,Woodland,2,1,Carnivore,Invertivore,Insessorial
Eastern Phoebe,Sayornis phoebe,0,0,LN,2,16.7,20.5,19.4,20,15,23.2,19.133333333333333,NA,0,2500,2500,NA,NA,NA,1,NA,NA,NA,NA,NA,NA,2,NA,NA,NA,NA,NA,NA,Woodland,2,Invertebrate,10,T,0,0,0,0,0,0,0,10,NA,1,1,1.6989700043360187,NA,NA,NA,NA,NA,NA,1,1,0,NA,"B,R",2,NA,2,6,NA,16,NA,15,18,1,1,39.8,57.1,5.97,NA,No,1,NA,NA,NA,NA,17.4,9.7,5.5,4.1,17.7,83.9,17.4,66.7,20.6,70.1,19.7,Dunning,NA,NO,NA,NA,Forest,2,3,Carnivore,Invertivore,Insessorial
Acadian Flycatcher,Empidonax virescens,0,0,LN,2,11.1,13.8,11.9,13.9,11.3,13.8,12.633333333333333,NA,0,1500,1500,2850,1,NA,2,NA,NA,NA,NA,NA,NA,3,NA,NA,NA,NA,NA,NA,Forest,3,Invertebrate,9,1,0,0,0,0,0,0,0,10,NA,2,1,1.2218487496163564,NA,NA,NA,NA,NA,NA,NA,NA,0,CP,"S,T",NA,NA,1,4,NA,13,15,12,18,0,1,NA,64,NA,NA,No,1,NA,NA,NA,NA,13.3,9.1,6.1,4,17.1,71,19.9,52.1,27.5,58.8,12.6,Dunning,NA,NO,NA,NA,Forest,2,3,Carnivore,Invertivore,Insessorial
Eastern Kingbird,Tyrannus tyrannus,0,0,LN,2,30.2,50.5,33.4,54.7,NA,NA,42.2,NA,0,1850,1850,3700,4,NA,2,1,NA,NA,NA,5,NA,3,NA,NA,NA,NA,NA,NA,Shrub,5,Invertebrate,8.5,1.5,0,T,T,0,0,0,0,10,NA,2,1,1,NA,NA,NA,NA,NA,NA,1,0,0,CP,T,NA,NA,2,5,F,14,17,16,17,1,1,NA,NA,NA,NA,No,1,NA,NA,NA,NA,21.5,14.8,8.2,6.5,18.5,116.7,38.6,77.2,33.3,87.6,39.9,Dunning,NA,NO,NA,NA,Woodland,2,3,Carnivore,Invertivore,Insessorial
Great Crested Flycatcher,Myiarchus crinitus,0,0,L,1,33.5,NA,34,NA,26,40.1,33.4,NA,0,1400,1400,1850,6,NA,1,5,NA,NA,NA,NA,NA,4,2,NA,3,NA,NA,NA,Woodland,6,Invertebrate,8,2,0,0,0,0,0,0,0,10,NA,2,1,0.9208187539523752,NA,NA,NA,NA,NA,NA,NA,NA,0,CV,"P,T",NA,NA,4,8,F,13,15,13,15,0,1,NA,NA,NA,NA,No,1,NA,NA,NA,NA,22.7,15.5,8.5,6.9,21.8,98.8,21.6,79.4,21.4,88.1,32.1,Dunning,NA,NO,NA,NA,Woodland,1,3,Omnivore,Invertivore,Insessorial
Red-eyed Vireo,Vireo olivaceus,0,0,LN,2,11.38,28.2,11.1,29.5,14,21,19.19666666666667,NA,0,3000,3000,NA,1,NA,NA,NA,NA,NA,NA,NA,NA,4,2,NA,3,NA,NA,NA,Forest,4,Invertebrate,6,4,T,T,0,0,0,T,0,10,NA,2,1,1.0969100130080565,NA,NA,NA,NA,NA,NA,1,0,NA,CP,"T,S",1,2,1,5,F,11,15,10,12,0,1,20,100,1,4,No,1,NA,NA,NA,NA,16.4,9.6,4.3,4.4,19.5,77.5,23.6,55.6,29.8,52.7,16.1,Dunning,NA,NO,NA,NA,Forest,1,3,Omnivore,Invertivore,Insessorial
White-eyed Vireo,Vireo griseus,0,0,LN,2,7.56,13,8.28,13.9,10,14.3,11.173333333333332,NA,0,1000,1000,1500,NA,NA,2,1,NA,NA,NA,NA,NA,NA,NA,NA,NA,NA,NA,NA,Shrub,2,Invertebrate,9,1,0,0,T,0,0,0,0,10,NA,2,1,1.3979400086720377,NA,NA,NA,NA,NA,NA,1,0,0,PN,"S,T",1,3,3,5,B,13,15,9,11,0,1,25,55.6,0,8,No,1,NA,NA,NA,1,13.7,7.4,3.9,4.1,19.5,61.6,11.1,50.6,17.9,48.9,11.4,Dunning,NA,NO,NA,NA,Shrubland,2,3,Carnivore,Invertivore,Insessorial
Blue Jay,Cyanocitta cristata,0,0,N,3,64.5,86.8,65,78.24,59.9,99.8,75.70666666666666,NA,0,1000,1000,NA,2,NA,1,NA,NA,NA,NA,NA,NA,3,NA,NA,NA,NA,NA,NA,Woodland,3,Omnivore,3,2,0,5,T,0,T,0,0,10,NA,3,1,1.045757490560675,0,1,1,0,0,0,1,0,NA,"CP,PL","B,S,T",NA,NA,2,7,F,17,18,17,21,0,1,NA,NA,NA,NA,No,1,NA,1,1,1,29.9,18.6,10.1,8.9,34.7,130,22.9,108.3,17.4,121.4,88,Dunning,NA,NO,NA,NA,Woodland,2,1,Omnivore,Omnivore,Terrestrial
American Crow,Corvus brachyrhynchos,0,0,N,3,347.6,610,378,637,313,450,455.93333333333334,NA,0,1800,1800,NA,6,NA,5,7,1,NA,NA,NA,NA,2,3,8,4,NA,NA,NA,Savanna,8,Omnivore,2,3,0,3,1,T,1,0,T,10,Eggs,5,1,0.3979400086720376,0,1,0,0,0,0,1,0,1,CP,"B,S,T",1,2,3,7,F,16,20,29,43,0,0,NA,NA,NA,NA,No,1,NA,1,1,1,49.9,33.2,13.9,16.6,55,293.5,106.9,186.2,36.5,167.1,448.8,Dunning,NA,NO,NA,NA,Human Modified,2,2,Omnivore,Omnivore,Terrestrial
Fish Crow,Corvus ossifragus,0,0,N,3,194.7,304.2,260.4,332,NA,NA,272.825,NA,0,1000,1000,NA,NA,NA,6,NA,NA,NA,NA,5,NA,4,3,1,2,NA,NA,NA,Coastal,6,Omnivore,3,2,0,1,3,T,1,0,T,10,Eggs,5,1,0.5228787452803376,1,1,0,1,0,0,1,0,NA,CP,T,NA,NA,2,6,F,18,19,32,40,0,0,NA,NA,NA,NA,No,2,NA,1,NA,1,43.3,27.2,13.8,14.8,47.1,276.7,100.6,176.2,36.3,157.1,284.6,Dunning,NA,NO,NA,NA,Coastal,3,1,Omnivore,Omnivore,Terrestrial
Cedar Waxwing,Bombycilla cedrorum,0,0,L,1,26.4,40.2,25.6,39.9,NA,NA,33.025,NA,0,3000,3000,NA,6,NA,1,2,NA,NA,NA,NA,NA,5,3,NA,4,NA,NA,NA,Woodland,6,Fruit,1.2,8.4,0.4,0,0,0,0,T,T,10,NA,3,1,0.7447274948966939,0,1,1,0,0,0,1,0,0,CP,"S,T",1,2,2,6,F,11,13,14,18,0,1,NA,45,2.6,3.8,No,1,NA,1,NA,NA,15.1,6.6,4.5,4.9,16.7,95.4,33.5,62,35.1,59.8,31.6,Dunning,NA,NO,NA,NA,Woodland,2,3,Herbivore,Frugivore,Insessorial
Tufted Titmouse,Baeolophus bicolor,0,0,N,3,NA,NA,NA,NA,17.5,26.1,21.8,NA,0,610,610,1500,1,NA,5,6,NA,NA,NA,NA,NA,4,2,NA,3,NA,NA,NA,Forest,6,Invertebrate,6.6,0.5,0,2.9,0,0,0,0,0,10,NA,3,1,0.7447274948966939,0,0,0,1,0,0,1,0,2,CP,T,NA,NA,5,7,F,12,14,15,18,0,1,NA,NA,NA,NA,No,NA,NA,1,NA,1,13.3,8.8,4.9,5.5,20.5,77.9,12.5,65.2,16.1,68.6,21.6,Dunning,NA,NO,NA,NA,Forest,1,1,Carnivore,Invertivore,Insessorial
Carolina Chickadee,Poecile carolinensis,0,0,N,3,9.4,12,9,12.1,8,12,10.416666666666666,NA,0,1850,1850,NA,1,NA,4,3,NA,NA,NA,NA,NA,6,2,NA,5,NA,NA,NA,Forest,6,Invertebrate,7,1,0,2,0,0,0,0,0,10,NA,3,1,0.7447274948966939,0,0,1,0,0,0,1,0,NA,NA,T,NA,NA,5,6,F,12,15,16,19,0,1,NA,NA,NA,NA,No,NA,NA,1,NA,1,8.9,6.6,3.5,3.7,14.8,58.8,11.4,47,19.5,49.6,10,Dunning,NA,NO,NA,NA,Forest,2,1,Omnivore,Invertivore,Insessorial
Purple Martin,Progne subis,0,0,LN,2,43.1,64,44,59.1,41.8,49.4,50.23333333333333,NA,0,3200,3200,4000,NA,NA,2,4,NA,NA,NA,NA,5,3,6,NA,1,NA,NA,NA,Wetland,6,Invertebrate,10,0,0,0,0,0,0,0,0,10,NA,1,1,1.2218487496163564,1,1,1,1,1,0,1,0,0,CR,"B,R,T",1,2,2,8,F,15,18,28,29,0,0,50,85,NA,NA,No,1,NA,NA,1,NA,16.8,9.4,5.9,4.8,15,147.2,76.6,70.7,52,72.4,53.8,Dunning,NA,NO,NA,NA,Forest,2,1,Carnivore,Invertivore,Aerial
Barn Swallow,Hirundo rustica,0,0,C,5,11,24.8,12.1,28.2,16,24,19.349999999999998,NA,0,3000,3000,3700,NA,NA,NA,NA,NA,5,1,NA,NA,2,4,6,3,NA,NA,NA,Plains,6,Invertebrate,10,T,0,T,0,0,0,0,T,10,Eggshells,1,1,1.2218487496163564,1,1,1,1,1,0,1,0,1,CP,"B,R,T",1,3,2,7,F,13,16,18,27,1,1,70,90,0,16,No,1,NA,NA,1,1,12.4,6,4.5,2.7,11.7,115.8,62.3,56,52.6,70.4,17.9,Dunning,NA,NO,NA,NA,Human Modified,3,3,Carnivore,Invertivore,Aerial
Cliff Swallow,Petrochelidon pyrrhonota,0,0,L,2,22.22,27,17,23.9,17.5,26.7,22.386666666666667,NA,0,2770,2770,3800,NA,NA,NA,NA,NA,2,NA,1,NA,3,NA,NA,NA,NA,NA,NA,Rocky,3,Invertebrate,10,0,0,0,0,0,0,0,0,10,NA,1,1,1.5228787452803376,1,0,0,0,0,0,1,0,0,SP,"B,R,T",NA,NA,1,6,B,10,19,20,26,1,1,NA,NA,1.56,2.24,No,1,NA,1,NA,NA,11.3,5.9,4.5,3,12.6,109.3,54.2,56.4,49,49.2,21.6,Dunning,NA,NO,NA,NA,Grassland,3,3,Carnivore,Invertivore,Aerial
Carolina Wren,Thryothorus ludovicianus,0,0,N,3,13.6,23.8,19.9,22.5,10,29,19.8,NA,0,2000,2000,NA,1,NA,NA,2,NA,NA,NA,NA,NA,3,NA,NA,NA,NA,NA,NA,Forest,3,Invertebrate,10,T,0,T,T,0,0,0,0,10,NA,1,1,1.5228787452803376,NA,NA,NA,NA,NA,NA,1,0,0,NA,NA,NA,NA,3,6,NA,NA,NA,NA,NA,0,1,NA,NA,NA,NA,No,NA,NA,1,NA,1,16.9,11.1,3.2,3.9,21.4,59.4,6.8,52.6,11.4,50.7,19,Dunning,NA,NO,NA,NA,Woodland,2,1,Carnivore,Invertivore,Insessorial
White-breasted Nuthatch,Sitta carolinensis,0,0,LN,2,22.9,21.1,19.6,NA,18.3,26.7,21.720000000000002,NA,0,3500,3500,3600,1,NA,NA,NA,NA,NA,NA,NA,NA,2,NA,NA,NA,NA,NA,NA,Forest,2,Invertebrate,6,T,0,4,0,0,0,T,T,10,NA,2,1,1.3979400086720377,0,0,1,0,0,0,NA,NA,0,CV,"B,C,T",1,2,3,10,F,12,15,18,26,0,1,NA,NA,NA,NA,No,NA,NA,1,1,1,19.1,12.2,4,4.2,18.5,88.6,27.6,60.9,31.2,48.8,21,Dunning,NA,NO,NA,NA,Forest,1,1,Omnivore,Omnivore,Insessorial
Brown-headed Nuthatch,Sitta pusilla,0,0,N,3,9.31,10.4,9.92,10.55,10.2,NA,10.076000000000002,NA,0,600,600,NA,4,NA,1,NA,NA,NA,NA,NA,NA,3,NA,NA,2,NA,NA,NA,Woodland,4,Invertebrate,6,0,0,4,0,0,0,0,0,10,NA,2,1,1.0969100130080565,1,0,0,0,0,0,NA,NA,3,CV,"C,P,T",1,2,3,9,F,14,NA,18,23,0,1,NA,NA,NA,NA,No,NA,NA,1,1,1,15.3,10.4,3.3,3.9,14.8,65,15.1,49.9,23.3,35.4,10.2,Dunning,NA,NO,NA,NA,Forest,1,1,Omnivore,Invertivore,Insessorial
Northern Mockingbird,Mimus polyglottos,0,0,LN,2,46.4,47,50.5,51.8,36.2,57,48.15,NA,0,3000,3000,3100,3,NA,NA,1,NA,NA,NA,NA,NA,2,NA,4,NA,NA,NA,NA,Shrub,4,Omnivore,5,5,0,0,T,0,0,T,0,10,NA,2,1,1.0969100130080565,NA,NA,NA,NA,NA,NA,1,1,0,CP,S,2,3,2,6,F,12,13,10,15,0,1,NA,NA,NA,NA,No,2,NA,NA,NA,1,22.1,12.2,4.6,5.3,32.2,112.3,23.1,90.5,20.6,117.6,48.5,Dunning,NA,NO,NA,NA,Shrubland,2,3,Omnivore,Omnivore,Generalist
Brown Thrasher,Toxostoma rufum,0,0,N,3,66.9,73.6,61.3,72.6,57.6,89,70.16666666666667,NA,0,520,520,1000,NA,NA,NA,1,NA,NA,NA,NA,NA,2,NA,NA,NA,NA,NA,NA,Shrub,2,Invertebrate,6,2,0,2,T,0,0,0,0,10,NA,3,1,1.2218487496163564,0,0,0,1,0,0,1,0,0,CP,"G,S",1,2,2,6,B,10,14,11,12,0,1,NA,NA,NA,NA,No,2,NA,NA,NA,NA,30.1,19.3,5.4,6.3,34.2,102.5,14,86.7,13.9,121.8,68.8,Dunning,NA,NO,NA,NA,Shrubland,1,2,Omnivore,Omnivore,Generalist
Eastern Bluebird,Sialia sialis,0,0,LN,2,29,32,28,31,21.3,38,29.883333333333336,NA,0,2440,2440,3000,NA,NA,1,2,NA,3,NA,NA,NA,NA,NA,NA,NA,NA,NA,NA,Woodland,3,Invertebrate,8,2,0,0,T,0,0,0,0,10,NA,2,1,1.2218487496163564,1,1,0,0,0,0,1,1,3,CP,"N,T",1,3,4,5,NA,13,19,18,19,1,1,55,84,NA,NA,No,2,NA,1,NA,1,15.4,9.1,4.2,4.5,19.7,95.8,31.4,64.4,32.8,62.5,27.5,Dunning,NA,NO,NA,NA,Woodland,2,2,Carnivore,Invertivore,Insessorial
Wood Thrush,Hylocichla mustelina,0,0,LN,2,40.5,76,37,62,NA,NA,53.875,0,50,1275,1325,1500,1,NA,2,3,NA,NA,NA,NA,NA,NA,NA,NA,NA,NA,NA,NA,Forest,3,Invertebrate,6,2,0,1,1,0,0,0,0,10,NA,4,1,0.9208187539523752,0,1,0,0,0,0,1,0,0,CP,"S,T",2,3,3,4,NA,11,14,12,15,0,1,44,63,1.5,1.6,No,1,NA,NA,NA,NA,19,11.9,5.1,5.4,32.1,106.5,29,78.9,26.9,71.3,50.1,Dunning,NA,NO,NA,NA,Forest,1,3,Omnivore,Invertivore,Generalist
American Robin,Turdus migratorius,0,0,LN,2,70.5,94,59,86.3,56,112,79.63333333333334,NA,0,3500,3500,NA,1,NA,2,5,NA,6,NA,NA,NA,4,3,NA,7,NA,NA,NA,Forest,7,Omnivore,4.2,5.8,0,0,0,0,0,0,0,10,NA,2,1,0.853871964321762,0,1,0,0,0,0,1,0,0,CP,"B,C,G,T",1,3,2,4,NA,12,14,9,16,0,1,35,66.7,NA,NA,No,1,NA,NA,NA,1,23.4,12.5,5.6,6.8,32.7,127,36.9,90.3,29,95.7,78.5,Dunning,NA,NO,NA,NA,Forest,3,3,Omnivore,Invertivore,Generalist
House Sparrow,Passer domesticus,0,0,C,2,20.1,36,20,36.5,24.6,NA,27.439999999999998,NA,0,4600,4600,4900,2,NA,3,NA,NA,NA,NA,NA,NA,1,NA,NA,NA,NA,NA,NA,Artificial,3,Seed,T,T,T,10,T,0,T,T,0,10,NA,1,1,1.5228787452803376,NA,NA,NA,NA,NA,NA,1,0,3,"CV,SP,CR","B,R,T,G",3,4,1,8,B,10,14,10,16,1,1,NA,NA,5,NA,No,NA,1,1,1,1,13.5,9.1,6.3,7.4,17.9,74.9,20.4,54.4,27.3,57.2,26.5,Dunning,NA,NO,NA,NA,Human Modified,3,1,Herbivore,Granivore,Terrestrial
House Finch,Haemorhous mexicanus,0,0,LN,2,21.4,NA,21,NA,19,25.5,21.725,NA,0,3500,3500,NA,NA,NA,6,1,4,NA,NA,3,7,2,5,NA,NA,NA,NA,NA,Shrub,7,Seed,T,2,T,8,0,0,0,T,0,10,NA,2,1,0.853871964321762,NA,NA,NA,NA,NA,NA,NA,NA,0,CP,"T,S,R,B,N",2,3,2,7,F,12,17,NA,NA,0,1,NA,NA,NA,NA,No,1,NA,1,1,1,10.6,8.4,6.6,8.2,17.4,77.2,21.2,55.8,27.5,66.2,21.4,Dunning,NA,NO,NA,NA,Shrubland,2,2,Herbivore,Granivore,Insessorial
American Goldfinch,Spinus tristis,0,0,N,3,10,15.6,9.7,16.5,NA,NA,12.95,NA,0,1000,1000,NA,3,NA,4,1,NA,NA,NA,NA,NA,2,NA,NA,NA,NA,NA,NA,Shrub,4,Seed,T,T,0,10,0,0,0,T,0,10,NA,1,1,1.3979400086720377,NA,NA,NA,NA,NA,NA,1,1,0,CP,"S,T",1,2,2,7,F,12,14,11,17,0,1,NA,NA,NA,NA,No,1,NA,NA,NA,1,11.5,8.2,4.3,6.3,13.5,69.8,19.1,50.3,27.6,48.3,12.8,Dunning,NA,NO,NA,NA,Forest,1,1,Herbivore,Granivore,Insessorial
Chipping Sparrow,Spizella passerina,0,0,LN,2,11.5,15.5,11,13.5,9.8,18.8,13.35,NA,0,3800,3800,NA,2,NA,1,3,5,NA,NA,NA,NA,4,NA,NA,NA,NA,NA,NA,Woodland,5,Seed,4,0,0,6,0,0,0,0,0,10,NA,2,1,1,NA,NA,NA,NA,NA,NA,1,1,1,CP,"S,T",2,3,2,7,F,7,15,8,12,0,1,48.4,88.6,NA,NA,No,2,NA,NA,NA,1,13.1,7,4,4.9,16.3,68,16.3,51,24.2,56,12.2,Dunning,NA,NO,NA,NA,Forest,2,3,Omnivore,Omnivore,Generalist
White-throated Sparrow,Zonotrichia albicollis,0,0,N,3,20,31.4,23,36.1,19,35.4,27.483333333333334,NA,0,1000,1000,NA,NA,NA,1,2,NA,NA,NA,NA,NA,3,NA,NA,NA,NA,NA,NA,Woodland,3,Herbivore,2,2,0,5,0,0,0,1,0,10,NA,4,1,0.9208187539523752,NA,NA,NA,NA,NA,NA,NA,NA,0,CP,"G,S,Z",2,NA,1,7,F,11,14,7,12,0,1,NA,NA,NA,NA,No,1,NA,NA,NA,NA,13.6,8.4,5.1,6.3,23,72.8,14.3,58.1,19.7,70.4,24.4,Dunning,NA,NO,NA,NA,Woodland,2,3,Herbivore,Omnivore,Terrestrial
Eastern Towhee,Pipilo erythrophthalmus,0,0,LN,2,32.1,52.3,32.1,50,37.1,43.1,41.11666666666667,NA,0,1980,1980,NA,1,NA,2,4,NA,NA,NA,NA,NA,5,3,NA,NA,NA,NA,NA,Forest,5,Omnivore,3,2,0,4,T,0,0,1,0,10,NA,4,1,0.6989700043360189,0,1,1,1,1,0,1,0,0,CP,"G,S,T",1,3,2,6,F,12,13,NA,NA,0,1,27.3,69.2,NA,NA,No,1,NA,NA,NA,1,15.4,9.8,5.5,8.2,27,82.3,11.1,70.8,13.6,91.7,40,Dunning,NA,NO,NA,NA,Forest,2,2,Herbivore,Omnivore,Generalist
Yellow-breasted Chat,Icteria virens,0,0,LN,2,21.5,35.5,15.5,36,18,38.5,27.5,NA,0,2100,2100,2500,NA,NA,1,2,NA,NA,NA,NA,NA,NA,NA,NA,NA,NA,NA,NA,Woodland,2,Invertebrate,7,3,0,0,0,0,0,0,T,10,NA,2,1,1.3979400086720377,NA,NA,NA,NA,NA,NA,NA,NA,0,CP,"T,S",1,2,3,5,F,10.7,12.3,7,10,1,1,22,70,1.71,2.9,No,1,NA,NA,1,NA,16.3,10.5,4.8,6.3,26.1,76.5,16.3,60.5,21.3,71.8,24.9,Dunning,NA,NO,NA,NA,Forest,2,1,Carnivore,Invertivore,Insessorial
Bobolink,Dolichonyx oryzivorus,0,0,LN,2,22.9,44.9,23.5,56.3,NA,NA,36.9,NA,0,800,800,3400,NA,NA,NA,NA,NA,1,NA,NA,NA,3,NA,NA,2,NA,NA,NA,Grassland,3,Seed,4,0,0,6,0,0,0,T,0,10,NA,2,1,1.2218487496163564,NA,NA,NA,NA,NA,NA,0,1,3,CP,G,1,2,1,7,F,11,20,9,11,0,1,NA,NA,NA,NA,No,1,NA,NA,NA,NA,16.2,9.8,5.9,7.6,26.5,90.2,32,58.5,35.4,61.8,31.5,Dunning,NA,NO,NA,NA,Grassland,1,3,Omnivore,Granivore,Generalist
Orchard Oriole,Icterus spurius,0,0,LN,2,16.1,27.3,17.3,28,10.5,28,21.2,NA,0,900,900,2000,6,NA,1,2,3,NA,NA,NA,NA,7,4,NA,5,NA,NA,NA,Woodland,7,Omnivore,4,4,2,T,0,0,0,0,0,10,NA,3,1,0.6777807052660807,1,1,1,0,1,0,1,0,3,CP,"S,T",1,2,2,7,F,12,14,11,14,0,1,NA,NA,1.5,3,No,1,NA,NA,NA,NA,17.3,11.6,4.4,5.2,21.3,76.3,19.8,55.7,26.2,67.2,19.4,Dunning,NA,NO,NA,NA,Forest,2,3,Carnivore,Invertivore,Insessorial
Red-winged Blackbird,Agelaius phoeniceus,0,0,LN,2,34.5,63.6,55.4,72.1,NA,NA,56.4,NA,0,2500,2500,3000,NA,NA,NA,2,NA,4,NA,NA,NA,3,NA,NA,1,NA,NA,NA,Wetland,4,Seed,4,0,0,6,0,0,0,0,0,10,NA,2,1,1.0969100130080565,NA,NA,NA,NA,NA,NA,0,1,0,CP,"Z,S,T,G",1,2,2,4,F,11,13,NA,NA,0,1,NA,NA,NA,NA,No,1,NA,NA,NA,1,22.7,15.4,5.6,8.8,28,118,27.8,88.9,24,88.9,50.8,Dunning,NA,NO,NA,NA,Wetland,3,3,Herbivore,Granivore,Generalist
Brown-headed Cowbird,Molothrus ater,0,0,LN,2,30.5,42.3,40.2,58,NA,NA,42.75,NA,0,2895,2895,NA,2,NA,3,NA,NA,1,NA,NA,NA,NA,4,NA,NA,NA,NA,NA,Grassland,4,Seed,2.5,0,0,7.5,0,0,0,0,0,10,NA,2,1,1.0969100130080565,NA,NA,NA,NA,NA,NA,NA,NA,0,NO,NA,NA,NA,4,5,NA,10,12,10,11,1,0,NA,NA,NA,NA,No,1,NA,NA,NA,NA,17.6,11.1,5.8,8.9,24.7,105,33.9,68.8,33,69.8,40.3,Dunning,NA,NO,NA,NA,Forest,2,3,Carnivore,Invertivore,Terrestrial
Common Grackle,Quiscalus quiscula,0,0,N,3,74,124,91,142,NA,NA,107.75,NA,0,1000,1000,NA,2,NA,1,6,NA,NA,NA,NA,NA,5,4,NA,3,NA,NA,NA,Woodland,6,Omnivore,3,3,0,4,T,T,T,0,T,10,NA,3,1,0.7447274948966939,1,1,0,0,0,0,NA,NA,0,CP,"T,S,C,R,G,B",1,2,1,7,F,11.5,15,10,17,0,1,NA,NA,NA,NA,No,2,NA,NA,NA,1,33,21.8,7.3,10.5,35.6,132.9,34.3,98.2,25.9,118.2,105.2,Dunning,NA,NO,NA,NA,Wetland,3,2,Carnivore,Omnivore,Terrestrial
Ovenbird,Seiurus aurocapilla,0,0,LN,2,16.4,27.8,15.7,27.5,12,25,20.733333333333334,NA,0,1900,1900,2200,1,NA,NA,2,NA,NA,NA,NA,NA,NA,NA,NA,NA,NA,NA,NA,Forest,2,Invertebrate,8,0,0,2,0,0,0,0,0,10,NA,2,1,1.3979400086720377,0,0,0,0,1,0,NA,NA,0,DM,G,1,2,3,6,F,11,14,8,10,0,1,NA,NA,NA,NA,No,1,NA,NA,NA,NA,15.1,8.9,3.6,4.1,22.3,73.2,18.3,55.1,24.9,50.4,18.8,Dunning,NA,NO,NA,NA,Forest,1,3,Carnivore,Invertivore,Terrestrial
Black-and-white Warbler,Mniotilta varia,0,0,LN,2,11,NA,8.8,10,6.4,15.2,10.280000000000001,NA,0,2500,2500,3000,NA,NA,1,2,NA,NA,NA,NA,NA,NA,NA,NA,NA,NA,NA,NA,Woodland,2,Invertebrate,10,T,0,0,0,0,0,0,0,10,NA,1,1,1.6989700043360187,0,1,0,0,0,0,NA,NA,0,"CP,CV","G,C",1,1,4,5,F,10,12,8,12,0,1,NA,NA,NA,NA,No,1,NA,NA,NA,NA,13.7,9,2.9,3.3,17.3,68.8,17,49.7,25.5,46.6,10.9,Dunning,NA,NO,NA,NA,Forest,1,3,Carnivore,Invertivore,Insessorial
Prothonotary Warbler,Protonotaria citrea,0,0,LN,2,12,20,12,17,NA,NA,15.25,NA,0,1300,1300,2100,3,NA,1,NA,NA,NA,NA,NA,NA,NA,NA,4,2,NA,NA,NA,Woodland,4,Invertebrate,10,T,T,T,0,0,0,0,0,10,NA,1,1,1.3979400086720377,0,1,0,0,0,0,1,1,0,CV,T,1,2,3,7,F,12,14,9,10,0,1,NA,NA,NA,NA,No,1,NA,NA,NA,NA,17.1,10.8,3.8,3.9,18.3,68.9,20.9,48.9,30,42.7,14.3,Dunning,NA,NO,NA,NA,Forest,1,3,Carnivore,Invertivore,Insessorial
Common Yellowthroat,Geothlypis trichas,0,0,LN,2,6,16,7.6,15.5,NA,NA,11.275,NA,0,4600,4600,NA,NA,NA,NA,2,NA,NA,NA,NA,NA,NA,NA,NA,1,NA,NA,NA,Wetland,2,Invertebrate,10,0,0,T,0,0,0,0,0,10,NA,1,1,1.6989700043360187,0,1,1,0,1,0,1,0,0,CP,"G,S",1,1,1,6,F,12,NA,NA,NA,0,1,NA,NA,NA,NA,No,1,NA,NA,NA,1,12.7,7.9,3,3.3,20.2,54.7,8.5,44.3,16.1,49.4,9.5,Dunning,NA,NO,NA,NA,Wetland,1,3,Carnivore,Invertivore,Insessorial
Hooded Warbler,Setophaga citrina,0,0,LN,2,8.6,12.8,8.1,12.5,10,11,10.5,NA,0,1100,1100,1700,NA,NA,1,2,NA,NA,NA,NA,NA,NA,3,NA,NA,NA,NA,NA,Woodland,3,Invertebrate,10,0,0,0,0,0,0,0,0,10,NA,1,1,1.5228787452803376,0,1,0,0,1,0,1,1,3,CP,S,1,2,1,5,F,12,13,8,9,0,1,NA,NA,NA,NA,No,1,NA,NA,NA,NA,13.7,7.9,3.8,3.6,19.2,64.7,13.6,49.7,21.5,55.1,10.5,Dunning,NA,NO,NA,NA,Forest,2,3,Carnivore,Invertivore,Insessorial
American Redstart,Setophaga ruticilla,0,0,LN,2,6.4,10,6.5,10.2,NA,NA,8.274999999999999,NA,0,3000,3000,NA,NA,NA,1,2,NA,NA,NA,NA,NA,NA,NA,3,NA,NA,NA,NA,Woodland,3,Invertebrate,8,2,0,0,0,0,0,0,0,10,NA,2,1,1.2218487496163564,0,1,0,1,1,0,1,0,0,CP,T,1,1,1,5,F,10,13,7,13,0,1,NA,NA,NA,NA,No,1,NA,NA,NA,NA,12.3,6.8,4,3,17,62,15.6,48,24.6,52.6,8.2,Dunning,NA,NO,NA,NA,Forest,1,3,Carnivore,Invertivore,Insessorial
Northern Parula,Setophaga americana,0,0,LN,2,7.1,9.6,6.7,10.2,5.51,11.8,8.485,NA,0,2500,2500,NA,1,NA,NA,NA,NA,NA,NA,NA,NA,NA,NA,NA,NA,NA,NA,NA,Forest,1,Invertebrate,6,1,1,1,0,0,0,1,0,10,NA,5,1,1.3010299956639813,0,1,0,0,0,0,1,1,0,PN,T,1,2,2,7,F,12,14,10,11,0,1,NA,NA,NA,NA,No,1,NA,NA,NA,NA,11.6,7.6,3.1,3.1,16.9,57.6,15.5,39.9,28.1,44.1,7.8,Dunning,NA,NO,NA,NA,Forest,2,3,Carnivore,Invertivore,Insessorial
Black-throated Blue Warbler,Setophaga caerulescens,0,0,LN,2,8.1,12.1,8.4,12.4,NA,NA,10.25,NA,0,1600,1600,3000,2,NA,1,3,NA,NA,NA,NA,NA,4,NA,NA,NA,NA,NA,NA,Woodland,4,Invertebrate,7,1,T,1,0,0,1,0,0,10,NA,4,1,0.7958800173440752,0,1,0,1,1,0,1,1,0,CP,T,1,2,2,5,F,12,13,8,10,0,1,NA,NA,NA,NA,No,1,NA,NA,NA,NA,13,7.4,3.4,3.3,18.6,62.2,14.9,47,24.1,48.9,10.1,Dunning,NA,NO,NA,NA,Forest,1,3,Carnivore,Invertivore,Insessorial
Pine Warbler,Setophaga pinus,0,0,LN,2,NA,NA,NA,NA,9.4,15.1,12.25,NA,0,3050,3050,NA,1,NA,NA,2,NA,3,NA,NA,NA,4,NA,NA,NA,NA,NA,NA,Forest,4,Invertebrate,8,1,0,1,0,0,0,0,0,10,NA,3,1,0.9208187539523752,0,1,1,1,1,0,1,0,0,CP,"T,G",1,NA,3,4,F,10,13,10,NA,0,1,NA,NA,NA,NA,No,1,NA,NA,NA,1,13.4,8,3.1,3.8,18.6,71.8,20.6,51.2,28.6,54,11.8,Dunning,NA,NO,NA,NA,Forest,2,3,Carnivore,Invertivore,Insessorial
Yellow-throated Warbler,Setophaga dominica,0,0,LN,2,8.8,10.5,8.8,10.8,9.4,11,9.883333333333335,NA,0,1800,1800,2000,1,NA,2,3,NA,NA,NA,NA,NA,5,4,NA,NA,NA,NA,NA,Forest,5,Invertebrate,10,0,0,0,0,0,0,0,0,10,NA,1,1,1.3010299956639813,0,1,0,0,1,0,1,0,0,CP,T,1,2,3,5,F,12,13,10,NA,0,1,NA,NA,NA,NA,No,1,NA,NA,NA,1,14.9,9.8,3,3.4,16.8,67.7,18.8,49,27.7,50.7,9.7,Dunning,NA,NO,NA,NA,Forest,2,3,Carnivore,Invertivore,Insessorial
Prairie Warbler,Setophaga discolor,0,0,LN,2,5.7,10.8,5.6,10.5,NA,NA,8.15,NA,0,1220,1220,NA,NA,NA,1,2,NA,NA,NA,NA,NA,3,NA,4,5,NA,NA,NA,Woodland,5,Invertebrate,8,1,0,0,0,0,0,1,0,10,NA,3,1,0.8239087409443188,0,1,0,0,1,0,1,1,0,CP,T,1,2,2,5,F,11,14,8,14,0,1,NA,NA,0.78,3.36,No,1,NA,NA,NA,1,11.8,7.2,2.8,2.9,17.7,55.5,11.1,44.4,20,48.4,7.6,Dunning,NA,NO,NA,NA,Shrubland,2,3,Carnivore,Invertivore,Insessorial
Summer Tanager,Piranga rubra,0,0,LN,2,21.6,32,23.9,38.1,28.2,NA,28.759999999999998,NA,0,2500,2500,3100,1,NA,2,NA,NA,NA,NA,NA,NA,3,4,NA,NA,NA,NA,NA,Forest,4,Invertebrate,8,2,0,0,0,0,0,0,0,10,NA,2,1,1.0969100130080565,0,1,0,1,1,0,1,0,0,CP,T,1,2,3,4,F,11,12,8,12,0,1,NA,NA,2,2.5,No,1,NA,NA,NA,NA,19.2,13.3,8.4,9,19.5,92,27.9,67.4,29.2,71.3,29.1,Dunning,NA,NO,NA,NA,Forest,1,3,Carnivore,Invertivore,Insessorial
Scarlet Tanager,Piranga olivacea,0,0,LN,2,32,38,23.5,33,19.8,38,30.71666666666667,NA,0,2600,2600,NA,1,NA,2,NA,NA,NA,NA,NA,NA,3,NA,NA,NA,NA,NA,NA,Forest,3,Invertebrate,8,2,0,0,0,0,0,T,0,10,NA,2,1,1.2218487496163564,0,1,1,1,1,0,1,0,0,CP,T,1,NA,3,5,F,13,14,9,12,0,1,NA,NA,NA,NA,No,1,NA,NA,NA,NA,18.8,11.5,7.2,8.2,19.4,92.6,29.5,65.9,30.9,63.8,28.2,Dunning,NA,NO,NA,NA,Forest,1,3,Carnivore,Invertivore,Insessorial
Northern Cardinal,Cardinalis cardinalis,0,0,LN,2,27.7,64.9,33.6,52.3,41.2,48.1,44.63333333333333,NA,0,2000,2000,NA,2,NA,NA,1,NA,NA,NA,NA,NA,NA,NA,NA,NA,NA,NA,NA,Shrub,2,Omnivore,2.9,2.4,0,4.5,T,0,0,0.2,0,10,NA,4,1,1.0969100130080565,0,1,1,1,0,0,1,1,3,CP,"T,S",1,2,1,5,F,11,13,7,13,1,1,NA,NA,NA,NA,No,NA,NA,NA,1,1,17.6,14.7,9.3,12.3,24.5,93.5,14.2,77.7,15.5,101.8,42.6,Dunning,NA,NO,NA,NA,Shrubland,2,1,Herbivore,Omnivore,Insessorial
Blue Grosbeak,Passerina caerulea,0,0,LN,2,23,32.5,22,40.5,27,NA,29,NA,0,2500,2500,NA,4,NA,1,2,6,NA,NA,NA,NA,3,5,NA,NA,NA,NA,NA,Woodland,6,Omnivore,5,0,0,5,0,0,0,0,0,10,NA,2,1,0.9208187539523752,0,1,1,0,0,0,NA,NA,0,CP,"T,S",1,2,3,5,F,12,13,9,10,0,1,NA,NA,NA,NA,No,1,NA,NA,NA,NA,17,12.3,7.4,10.9,20.3,86.1,19.9,67.2,22.9,64.4,27.4,Dunning,NA,NO,NA,NA,Forest,2,3,Carnivore,Invertivore,Generalist
Indigo Bunting,Passerina cyanea,0,0,LN,2,11.3,19.8,11.2,20.3,NA,NA,15.649999999999999,NA,0,2300,2300,NA,NA,NA,4,1,6,NA,NA,NA,NA,2,3,NA,5,NA,NA,NA,Shrub,6,Omnivore,3,3,T,3,0,0,0,1,0,10,NA,4,1,0.619788758288394,0,1,0,1,1,0,1,1,0,CP,"T,S",1,NA,3,4,F,11,14,8,14,0,1,NA,NA,NA,NA,No,1,NA,NA,NA,NA,11.7,7.6,5.1,6.2,17.2,64.8,14.7,50.3,22.5,48.9,14.7,Dunning,NA,NO,NA,NA,Shrubland,2,3,Herbivore,Granivore,Terrestrial
