"common_name","year","seasonal_change","yoy_change"
"American Crow",1999,-8.5292090734416,0
"American Crow",2000,-5.85945073056953,2.66975834287207
"American Crow",2001,-6.92190693612139,-1.06245620555186
"American Crow",2002,-4.36414744928274,2.55775948683865
"American Crow",2003,-1.85185727940581,2.51229016987693
"American Crow",2004,-6.94095843154879,-5.08910115214298
"American Crow",2005,-8.39226564108024,-1.45130720953145
"American Crow",2006,-7.14786549144603,1.24440014963421
"American Crow",2007,-5.35009241434741,1.79777307709862
"American Crow",2008,-6.03946005509642,-0.689367640749011
"American Crow",2009,-10.0419217277657,-4.00246167266924
"American Crow",2010,-8.76364982741887,1.27827190034679
"American Crow",2011,-11.1119207206396,-2.34827089322069
"American Crow",2012,-11.3945039513443,-0.28258323070475
"American Crow",2013,-9.45831122163847,1.93619272970584
"American Crow",2014,-9.87830278275352,-0.419991561115051
"American Crow",2015,-7.1956351848264,2.68266759792712
"American Crow",2016,-12.621932838008,-5.42629765318163
"American Crow",2017,-7.32119743696291,5.30073540104512
"American Crow",2018,-6.22480874133691,1.096388695626
"American Crow",2019,-7.02204259340874,-0.797233852071829
"American Crow",2020,-9.57050124223603,-2.54845864882729
"American Crow",2021,-5.72555070763442,3.84495053460161
"American Crow",2022,-8.86147074033296,-3.13592003269854
"American Crow",2023,-6.72358808230131,2.13788265803165
"American Crow",2024,-5.36651984860536,1.35706823369595
"American Goldfinch",1999,-3.65947390299134,0
"American Goldfinch",2000,-1.59031620615908,2.06915769683226
"American Goldfinch",2001,-8.99330109614782,-7.40298488998874
"American Goldfinch",2002,-1.44228702759385,7.55101406855397
"American Goldfinch",2003,-2.58411435110312,-1.14182732350927
"American Goldfinch",2004,-4.8753538595361,-2.29123950843298
"American Goldfinch",2005,-8.44012043917098,-3.56476657963488
"American Goldfinch",2006,-3.6343624829232,4.80575795624778
"American Goldfinch",2007,-5.83446016134938,-2.20009767842618
"American Goldfinch",2008,-7.486802940695,-1.65234277934562
"American Goldfinch",2009,-1.07148956267471,6.41531337802029
"American Goldfinch",2010,-12.4046591722861,-11.3331696096114
"American Goldfinch",2011,-1.03397603604842,11.3706831362377
"American Goldfinch",2012,-5.63715237891332,-4.6031763428649
"American Goldfinch",2013,-2.97569655719551,2.66145582171781
"American Goldfinch",2014,-5.42658135350803,-2.45088479631252
"American Goldfinch",2015,-4.17739216677399,1.24918918673404
"American Goldfinch",2016,-4.21957121688732,-0.0421790501133303
"American Goldfinch",2017,-4.2339380492666,-0.01436683237928
"American Goldfinch",2018,-5.15613606393606,-0.92219801466946
"American Goldfinch",2019,-2.1128840711878,3.04325199274826
"American Goldfinch",2020,-5.10073950953678,-2.98785543834898
"American Goldfinch",2021,0.44549310322388,5.54623261276066
"American Goldfinch",2022,-5.55609063408959,-6.00158373731347
"American Goldfinch",2023,-1.50657732342007,4.04951331066952
"American Goldfinch",2024,-1.11620690408126,0.39037041933881
"American Robin",1999,-23.9329403598972,0
"American Robin",2000,-27.8677485521162,-3.93480819221904
"American Robin",2001,-1.75245398342075,26.1152945686955
"American Robin",2002,-18.4754042059725,-16.7229502225517
"American Robin",2003,-7.64803715013353,10.8273670558389
"American Robin",2004,-8.68792546687056,-1.03988831673703
"American Robin",2005,-40.1852877473312,-31.4973622804606
"American Robin",2006,-7.02517127577105,33.1601164715602
"American Robin",2007,-8.31083503789686,-1.28566376212581
"American Robin",2008,-18.0695015903812,-9.75866655248437
"American Robin",2009,-7.99013696684785,10.0793646235334
"American Robin",2010,-11.1499657675016,-3.15982880065375
"American Robin",2011,-12.8752085167541,-1.7252427492525
"American Robin",2012,-11.0509657711471,1.82424274560699
"American Robin",2013,-16.5600220193829,-5.50905624823577
"American Robin",2014,-17.8790589215955,-1.31903690221264
"American Robin",2015,-7.88216524006537,9.99689368153015
"American Robin",2016,-6.38983675741691,1.49232848264846
"American Robin",2017,-19.9465128807774,-13.5566761233605
"American Robin",2018,-22.0219282434796,-2.07541536270213
"American Robin",2019,-3.1257048079439,18.8962234355357
"American Robin",2020,-50.6738151862464,-47.5481103783025
"American Robin",2021,-4.7513945857915,45.9224206004549
"American Robin",2022,-21.7593745093864,-17.0079799235949
"American Robin",2023,-21.6736530676743,0.0857214417121419
"American Robin",2024,-5.69482688939619,15.9788261782781
"Blue Jay",1999,-4.44017128555758,0
"Blue Jay",2000,-1.07462326934264,3.36554801621494
"Blue Jay",2001,-5.15607476121206,-4.08145149186942
"Blue Jay",2002,-0.75186195119251,4.40421281001955
"Blue Jay",2003,-2.06321011567688,-1.31134816448437
"Blue Jay",2004,-3.44926735097172,-1.38605723529484
"Blue Jay",2005,0.72014261548953,4.16940996646125
"Blue Jay",2006,-5.32039530909115,-6.04053792458068
"Blue Jay",2007,-3.68287749012978,1.63751781896137
"Blue Jay",2008,-3.94062551532046,-0.257748025190681
"Blue Jay",2009,-5.57500967740239,-1.63438416208193
"Blue Jay",2010,-3.91813623827749,1.6568734391249
"Blue Jay",2011,-3.23452296046729,0.6836132778102
"Blue Jay",2012,-3.61935752096949,-0.384834560502199
"Blue Jay",2013,-4.9614105819385,-1.34205306096901
"Blue Jay",2014,-3.54941543210028,1.41199514983822
"Blue Jay",2015,-3.06488494623656,0.484530485863721
"Blue Jay",2016,-4.75462021324659,-1.68973526701003
"Blue Jay",2017,-3.78968670753405,0.96493350571254
"Blue Jay",2018,-6.69323096715234,-2.90354425961829
"Blue Jay",2019,-2.81545613498085,3.87777483217149
"Blue Jay",2020,-7.86284117647059,-5.04738504148974
"Blue Jay",2021,-3.88539781991787,3.97744335655272
"Blue Jay",2022,-6.79015919147225,-2.90476137155438
"Blue Jay",2023,-2.83365202431246,3.95650716715979
"Blue Jay",2024,-4.19498953873677,-1.36133751442431
"Brown Thrasher",1999,0.56084705951095,0
"Brown Thrasher",2000,0.86252962072076,0.30168256120981
"Brown Thrasher",2001,0.85146542553552,-0.0110641951852399
"Brown Thrasher",2002,1.23436371558487,0.38289829004935
"Brown Thrasher",2003,0.91765266171313,-0.31671105387174
"Brown Thrasher",2004,-0.032741033645508,-0.950393695358638
"Brown Thrasher",2005,0.0490171996462321,0.08175823329174
"Brown Thrasher",2006,0.53195438081317,0.482937181166938
"Brown Thrasher",2007,0.103278814233623,-0.428675566579547
"Brown Thrasher",2008,0.332427100891908,0.229148286658285
"Brown Thrasher",2009,0.167882211606583,-0.164544889285325
"Brown Thrasher",2010,0.36969096753034,0.201808755923757
"Brown Thrasher",2011,0.230971930974224,-0.138719036556116
"Brown Thrasher",2012,0.152812411118294,-0.0781595198559301
"Brown Thrasher",2013,-0.264832288035583,-0.417644699153877
"Brown Thrasher",2014,0.00471832577991604,0.269550613815499
"Brown Thrasher",2015,0.0522979989726111,0.047579673192695
"Brown Thrasher",2016,0.111478715649828,0.059180716677217
"Brown Thrasher",2017,-0.331876479846026,-0.443355195495854
"Brown Thrasher",2018,0.150282989009372,0.482159468855398
"Brown Thrasher",2019,0.0681614917565629,-0.082121497252809
"Brown Thrasher",2020,-0.179946970481616,-0.248108462238179
"Brown Thrasher",2021,-0.215008349389852,-0.035061378908236
"Brown Thrasher",2022,0.128143581445523,0.343151930835375
"Brown Thrasher",2023,-0.00773513982224194,-0.135878721267765
"Brown Thrasher",2024,-0.560434443622355,-0.552699303800113
"Brown-headed Cowbird",1999,0.82277573606463,0
"Brown-headed Cowbird",2000,1.75771072191552,0.93493498585089
"Brown-headed Cowbird",2001,-0.28599446097656,-2.04370518289208
"Brown-headed Cowbird",2002,2.17467055102236,2.46066501199892
"Brown-headed Cowbird",2003,2.19798998557591,0.0233194345535503
"Brown-headed Cowbird",2004,1.65014381404043,-0.54784617153548
"Brown-headed Cowbird",2005,0.19807944962273,-1.4520643644177
"Brown-headed Cowbird",2006,2.0091991216513,1.81111967202857
"Brown-headed Cowbird",2007,2.08448165731766,0.0752825356663602
"Brown-headed Cowbird",2008,1.82381856049775,-0.26066309681991
"Brown-headed Cowbird",2009,0.79404105331288,-1.02977750718487
"Brown-headed Cowbird",2010,1.15721792114696,0.36317686783408
"Brown-headed Cowbird",2011,2.17895357823352,1.02173565708656
"Brown-headed Cowbird",2012,2.33328235772232,0.1543287794888
"Brown-headed Cowbird",2013,2.03992189250652,-0.2933604652158
"Brown-headed Cowbird",2014,1.53490030682478,-0.50502158568174
"Brown-headed Cowbird",2015,1.1640072577401,-0.37089304908468
"Brown-headed Cowbird",2016,1.15577253489656,-0.00823472284354021
"Brown-headed Cowbird",2017,-10.5799668624595,-11.735739397356
"Brown-headed Cowbird",2018,0.72429180134764,11.3042586638071
"Brown-headed Cowbird",2019,2.5806576255235,1.85636582417586
"Brown-headed Cowbird",2020,1.94257582534611,-0.63808180017739
"Brown-headed Cowbird",2021,0.55693097731239,-1.38564484803372
"Brown-headed Cowbird",2022,1.11131169181427,0.55438071450188
"Brown-headed Cowbird",2023,1.86734432349387,0.7560326316796
"Brown-headed Cowbird",2024,0.13797601564443,-1.72936830784944
"Brown-headed Nuthatch",1999,-0.662589290436316,0
"Brown-headed Nuthatch",2000,-0.685835217830116,-0.0232459273937999
"Brown-headed Nuthatch",2001,-0.9271340731027,-0.241298855272584
"Brown-headed Nuthatch",2002,-1.16522119372787,-0.23808712062517
"Brown-headed Nuthatch",2003,-0.05945458674723,1.10576660698064
"Brown-headed Nuthatch",2004,-0.91205583246677,-0.85260124571954
"Brown-headed Nuthatch",2005,-1.0194390878471,-0.10738325538033
"Brown-headed Nuthatch",2006,-2.23375928828676,-1.21432020043966
"Brown-headed Nuthatch",2007,-0.627694283649964,1.60606500463679
"Brown-headed Nuthatch",2008,-1.55002444314624,-0.922330159496278
"Brown-headed Nuthatch",2009,-1.87054528974466,-0.320520846598418
"Brown-headed Nuthatch",2010,-1.50644048214302,0.36410480760164
"Brown-headed Nuthatch",2011,-2.34630477660669,-0.839864294463673
"Brown-headed Nuthatch",2012,-1.27010219834068,1.07620257826601
"Brown-headed Nuthatch",2013,-1.30579708788501,-0.0356948895443301
"Brown-headed Nuthatch",2014,-1.26042727272727,0.0453698151577402
"Brown-headed Nuthatch",2015,-1.26807932643494,-0.00765205370767386
"Brown-headed Nuthatch",2016,-0.93880787704591,0.329271449389034
"Brown-headed Nuthatch",2017,-1.02923825370165,-0.0904303766557402
"Brown-headed Nuthatch",2018,-1.83317473747825,-0.803936483776596
"Brown-headed Nuthatch",2019,-1.24631772731663,0.586857010161616
"Brown-headed Nuthatch",2020,-2.24407532467532,-0.997757597358695
"Brown-headed Nuthatch",2021,-0.9158106729338,1.32826465174152
"Brown-headed Nuthatch",2022,-2.2661507006957,-1.3503400277619
"Brown-headed Nuthatch",2023,-1.95853079687894,0.30761990381676
"Brown-headed Nuthatch",2024,-1.93626943450362,0.0222613623753185
"Carolina Chickadee",1999,-4.44675685206125,0
"Carolina Chickadee",2000,-3.07013161624676,1.37662523581449
"Carolina Chickadee",2001,-2.8796220385675,0.190509577679259
"Carolina Chickadee",2002,-3.08447605741749,-0.20485401884999
"Carolina Chickadee",2003,-3.13323455063595,-0.0487584932184593
"Carolina Chickadee",2004,-5.67944205816252,-2.54620750752657
"Carolina Chickadee",2005,-6.39884150688022,-0.7193994487177
"Carolina Chickadee",2006,-3.80000035044129,2.59884115643893
"Carolina Chickadee",2007,-4.26550520178901,-0.46550485134772
"Carolina Chickadee",2008,-6.20178031671293,-1.93627511492392
"Carolina Chickadee",2009,-5.11347259463565,1.08830772207728
"Carolina Chickadee",2010,-5.00741429033157,0.10605830430408
"Carolina Chickadee",2011,-8.21389694902942,-3.20648265869785
"Carolina Chickadee",2012,-5.12144312874947,3.09245382027995
"Carolina Chickadee",2013,-8.52569567014505,-3.40425254139558
"Carolina Chickadee",2014,-6.674018877252,1.85167679289305
"Carolina Chickadee",2015,-4.51207831435308,2.16194056289892
"Carolina Chickadee",2016,-5.89711181684774,-1.38503350249466
"Carolina Chickadee",2017,-4.8350781437727,1.06203367307504
"Carolina Chickadee",2018,-5.93375619636062,-1.09867805258792
"Carolina Chickadee",2019,-5.73561165460814,0.19814454175248
"Carolina Chickadee",2020,-6.64489129304743,-0.90927963843929
"Carolina Chickadee",2021,-6.07214600652734,0.572745286520091
"Carolina Chickadee",2022,-4.43464060176655,1.63750540476079
"Carolina Chickadee",2023,-4.19813320578153,0.236507395985019
"Carolina Chickadee",2024,-5.95302569275306,-1.75489248697153
"Carolina Wren",1999,-2.66728100228009,0
"Carolina Wren",2000,0.83788359727409,3.50516459955418
"Carolina Wren",2001,-0.72965566308785,-1.56753926036194
"Carolina Wren",2002,-0.87668019380821,-0.14702453072036
"Carolina Wren",2003,0.224369792157431,1.10104998596564
"Carolina Wren",2004,-3.58801568431569,-3.81238547647312
"Carolina Wren",2005,-1.13112720935453,2.45688847496116
"Carolina Wren",2006,-3.07841576620611,-1.94728855685158
"Carolina Wren",2007,-0.079668210505,2.99874755570111
"Carolina Wren",2008,-2.49624650970674,-2.41657829920174
"Carolina Wren",2009,-2.35643966583241,0.139806843874331
"Carolina Wren",2010,-0.65567528650162,1.70076437933079
"Carolina Wren",2011,-2.79314719892775,-2.13747191242613
"Carolina Wren",2012,-2.32055615279185,0.472591046135901
"Carolina Wren",2013,-5.21017557156279,-2.88961941877094
"Carolina Wren",2014,-2.42306902816999,2.7871065433928
"Carolina Wren",2015,-3.20566890299624,-0.782599874826249
"Carolina Wren",2016,-3.01145710678182,0.19421179621442
"Carolina Wren",2017,-1.3989957292404,1.61246137754142
"Carolina Wren",2018,-3.77577611381074,-2.37678038457034
"Carolina Wren",2019,-4.05247822198565,-0.27670210817491
"Carolina Wren",2020,-5.62358167379352,-1.57110345180787
"Carolina Wren",2021,-1.44368652155873,4.17989515223479
"Carolina Wren",2022,-1.52463189187236,-0.0809453703136302
"Carolina Wren",2023,-1.05159826037618,0.473033631496181
"Carolina Wren",2024,-0.36124910394265,0.69034915643353
"Cedar Waxwing",1999,-18.4072762589359,0
"Cedar Waxwing",2000,-16.8797114347357,1.52756482420015
"Cedar Waxwing",2001,-1.34384230315292,15.5358691315828
"Cedar Waxwing",2002,-3.96108826288512,-2.6172459597322
"Cedar Waxwing",2003,-12.9692766847001,-9.00818842181497
"Cedar Waxwing",2004,-2.15071191951941,10.8185647651807
"Cedar Waxwing",2005,-23.2533557020746,-21.1026437825552
"Cedar Waxwing",2006,-2.96781773310049,20.2855379689742
"Cedar Waxwing",2007,-6.58564389929927,-3.61782616619878
"Cedar Waxwing",2008,-19.7082842079048,-13.1226403086055
"Cedar Waxwing",2009,-6.53602407214707,13.1722601357577
"Cedar Waxwing",2010,-15.1633299166783,-8.62730584453123
"Cedar Waxwing",2011,-2.20348040361638,12.9598495130619
"Cedar Waxwing",2012,-3.58864701260407,-1.38516660898769
"Cedar Waxwing",2013,-14.3004200392767,-10.7117730266726
"Cedar Waxwing",2014,-6.44251513470842,7.85790490456823
"Cedar Waxwing",2015,-21.5351039886622,-15.0925888539538
"Cedar Waxwing",2016,-0.13085847531674,21.4042455133454
"Cedar Waxwing",2017,-10.7702849797262,-10.6394265044094
"Cedar Waxwing",2018,-3.80387158682181,6.96641339290435
"Cedar Waxwing",2019,-3.19319542528921,0.610676161532602
"Cedar Waxwing",2020,-4.36056868096166,-1.16737325567245
"Cedar Waxwing",2021,-7.91529926884075,-3.55473058787909
"Cedar Waxwing",2022,-4.51436900819131,3.40093026064944
"Cedar Waxwing",2023,-29.8878868181741,-25.3735178099828
"Cedar Waxwing",2024,0.0627775059073791,29.9506643240815
"Chipping Sparrow",1999,0.47322192752987,0
"Chipping Sparrow",2000,1.84938767150486,1.37616574397499
"Chipping Sparrow",2001,-0.0614372549019602,-1.91082492640682
"Chipping Sparrow",2002,1.31948629601292,1.38092355091488
"Chipping Sparrow",2003,-1.52608282844604,-2.84556912445896
"Chipping Sparrow",2004,-4.94144845396186,-3.41536562551582
"Chipping Sparrow",2005,-2.74429487842036,2.1971535755415
"Chipping Sparrow",2006,-2.60348738893068,0.14080748948968
"Chipping Sparrow",2007,1.71457626711833,4.31806365604901
"Chipping Sparrow",2008,-5.71978250444593,-7.43435877156426
"Chipping Sparrow",2009,-2.98793156333808,2.73185094110785
"Chipping Sparrow",2010,-2.45982999196719,0.52810157137089
"Chipping Sparrow",2011,-8.007600999001,-5.54777100703381
"Chipping Sparrow",2012,-5.54520188627103,2.46239911272997
"Chipping Sparrow",2013,-8.57806855911776,-3.03286667284673
"Chipping Sparrow",2014,-5.78210967463238,2.79595888448538
"Chipping Sparrow",2015,-7.16073094771146,-1.37862127307908
"Chipping Sparrow",2016,-5.68617578116634,1.47455516654512
"Chipping Sparrow",2017,-1.71666945003353,3.96950633113281
"Chipping Sparrow",2018,-6.21532134801915,-4.49865189798562
"Chipping Sparrow",2019,-6.86802388918311,-0.652702541163961
"Chipping Sparrow",2020,-12.3556601454065,-5.48763625622337
"Chipping Sparrow",2021,-5.63234920418631,6.72331094122017
"Chipping Sparrow",2022,-5.63594751868712,-0.00359831450080872
"Chipping Sparrow",2023,-4.16671726416025,1.46923025452687
"Chipping Sparrow",2024,-6.41823044753639,-2.25151318337614
"Common Grackle",1999,-13.3856212149285,0
"Common Grackle",2000,-9.55940573176151,3.82621548316697
"Common Grackle",2001,-9.18343026393656,0.375975467824949
"Common Grackle",2002,2.90883813418611,12.0922683981227
"Common Grackle",2003,3.89011276723545,0.98127463304934
"Common Grackle",2004,4.77264304017866,0.882530272943209
"Common Grackle",2005,-0.754118423636521,-5.52676146381518
"Common Grackle",2006,-15.7000188539927,-14.9459004303562
"Common Grackle",2007,-72.8983082737746,-57.1982894197819
"Common Grackle",2008,1.98025553514456,74.8785638089192
"Common Grackle",2009,2.4070496005671,0.42679406542254
"Common Grackle",2010,-52.265225428195,-54.6722750287621
"Common Grackle",2011,-7.89245782391388,44.3727676042811
"Common Grackle",2012,2.75897743873172,10.6514352626456
"Common Grackle",2013,-13.8700293940355,-16.6290068327672
"Common Grackle",2014,-8.13891030188819,5.73111909214727
"Common Grackle",2015,-0.53849851555809,7.6004117863301
"Common Grackle",2016,3.18289439730454,3.72139291286263
"Common Grackle",2017,-22.4431982590205,-25.626092656325
"Common Grackle",2018,-24.1846910267249,-1.74149276770437
"Common Grackle",2019,-44.8964332008367,-20.7117421741118
"Common Grackle",2020,-3.60188051948052,41.2945526813562
"Common Grackle",2021,-1.88672983885808,1.71515068062244
"Common Grackle",2022,-91.4323299127262,-89.5456000738682
"Common Grackle",2023,0.10014924310697,91.5324791558332
"Common Grackle",2024,1.97572640697182,1.87557716386485
"Downy Woodpecker",1999,-1.6802312942177,0
"Downy Woodpecker",2000,-1.36775114911719,0.312480145100508
"Downy Woodpecker",2001,-1.78053278447055,-0.41278163535336
"Downy Woodpecker",2002,-1.14311677587849,0.637416008592063
"Downy Woodpecker",2003,-0.54958854009621,0.593528235782277
"Downy Woodpecker",2004,-1.65963512544803,-1.11004658535182
"Downy Woodpecker",2005,-1.60645949820789,0.0531756272401427
"Downy Woodpecker",2006,-1.87068193473917,-0.264222436531281
"Downy Woodpecker",2007,-1.01130422698287,0.859377707756301
"Downy Woodpecker",2008,-1.37126279855727,-0.359958571574403
"Downy Woodpecker",2009,-1.3289177377892,0.042345060768066
"Downy Woodpecker",2010,-1.45356699238188,-0.12464925459268
"Downy Woodpecker",2011,-1.44061995730933,0.0129470350725516
"Downy Woodpecker",2012,-1.16431224010888,0.276307717200451
"Downy Woodpecker",2013,-2.26820257152954,-1.10389033142066
"Downy Woodpecker",2014,-1.80557067799768,0.462631893531863
"Downy Woodpecker",2015,-1.71830657725638,0.0872641007412949
"Downy Woodpecker",2016,-1.61314625576905,0.105160321487338
"Downy Woodpecker",2017,-1.71548031397484,-0.102334058205794
"Downy Woodpecker",2018,-1.94434787464947,-0.228867560674631
"Downy Woodpecker",2019,-2.13966618520401,-0.195318310554541
"Downy Woodpecker",2020,-1.15683333333333,0.982832851870682
"Downy Woodpecker",2021,-1.98388845981553,-0.827055126482196
"Downy Woodpecker",2022,-2.14933957495445,-0.165451115138924
"Downy Woodpecker",2023,-1.93029287988336,0.219046695071085
"Downy Woodpecker",2024,-2.13295611403792,-0.20266323415456
"Eastern Bluebird",1999,-4.93459579288026,0
"Eastern Bluebird",2000,-3.91924874388805,1.01534704899221
"Eastern Bluebird",2001,-4.00673051377304,-0.087481769884989
"Eastern Bluebird",2002,-3.02335807977736,0.98337243399568
"Eastern Bluebird",2003,-2.29687112992548,0.726486949851879
"Eastern Bluebird",2004,-3.25854358489756,-0.96167245497208
"Eastern Bluebird",2005,-3.93032619306394,-0.67178260816638
"Eastern Bluebird",2006,-5.63123865370596,-1.70091246064202
"Eastern Bluebird",2007,-4.68619280641666,0.9450458472893
"Eastern Bluebird",2008,-4.58103218869233,0.10516061772433
"Eastern Bluebird",2009,-5.38645806917097,-0.805425880478641
"Eastern Bluebird",2010,-6.0834152417862,-0.69695717261523
"Eastern Bluebird",2011,-5.20209366573276,0.881321576053439
"Eastern Bluebird",2012,-4.8318867768595,0.370206888873262
"Eastern Bluebird",2013,-4.52740994878854,0.304476828070959
"Eastern Bluebird",2014,-4.75058928157218,-0.22317933278364
"Eastern Bluebird",2015,-2.96483315858453,1.78575612298765
"Eastern Bluebird",2016,-3.88042589763178,-0.91559273904725
"Eastern Bluebird",2017,-6.30003904606942,-2.41961314843764
"Eastern Bluebird",2018,-4.07552246534064,2.22451658072878
"Eastern Bluebird",2019,-5.45368405131503,-1.37816158597439
"Eastern Bluebird",2020,-5.82379673202614,-0.370112680711111
"Eastern Bluebird",2021,-8.30317011699577,-2.47937338496963
"Eastern Bluebird",2022,-6.41450758418926,1.88866253280651
"Eastern Bluebird",2023,-3.54570066995981,2.86880691422945
"Eastern Bluebird",2024,-3.81947380698442,-0.273773137024609
"Eastern Phoebe",1999,-0.287552420306966,0
"Eastern Phoebe",2000,-0.314742304425242,-0.0271898841182761
"Eastern Phoebe",2001,-0.225577132959255,0.089165171465987
"Eastern Phoebe",2002,0.13031647670314,0.355893609662395
"Eastern Phoebe",2003,0.00871903651903699,-0.121597440184103
"Eastern Phoebe",2004,-0.30018246703753,-0.308901503556567
"Eastern Phoebe",2005,-0.98862466766644,-0.68844220062891
"Eastern Phoebe",2006,-0.276462365079919,0.712162302586521
"Eastern Phoebe",2007,0.025257719183945,0.301720084263864
"Eastern Phoebe",2008,-0.280389827538984,-0.305647546722929
"Eastern Phoebe",2009,-0.0169327207322201,0.263457106806764
"Eastern Phoebe",2010,-0.139643460233371,-0.122710739501151
"Eastern Phoebe",2011,-0.070949524339097,0.0686939358942741
"Eastern Phoebe",2012,-0.366821463618332,-0.295871939279235
"Eastern Phoebe",2013,-0.750659350058136,-0.383837886439804
"Eastern Phoebe",2014,-0.553749876733659,0.196909473324477
"Eastern Phoebe",2015,-0.393522887544093,0.160226989189566
"Eastern Phoebe",2016,-0.094897243521765,0.298625644022328
"Eastern Phoebe",2017,-0.418572239638487,-0.323674996116722
"Eastern Phoebe",2018,-0.415780086880754,0.00279215275773281
"Eastern Phoebe",2019,-0.367087178008458,0.0486929088722962
"Eastern Phoebe",2020,-0.677694957983193,-0.310607779974735
"Eastern Phoebe",2021,-0.259054083217948,0.418640874765245
"Eastern Phoebe",2022,-0.587612873973029,-0.328558790755081
"Eastern Phoebe",2023,-0.450822930683938,0.136789943289091
"Eastern Phoebe",2024,-0.981712933638581,-0.530890002954643
"Eastern Towhee",1999,-0.24046207322623,0
"Eastern Towhee",2000,-0.89675144323205,-0.65628937000582
"Eastern Towhee",2001,0.09398653729408,0.99073798052613
"Eastern Towhee",2002,0.8191326582962,0.72514612100212
"Eastern Towhee",2003,0.63878894056096,-0.18034371773524
"Eastern Towhee",2004,-0.62258407175526,-1.26137301231622
"Eastern Towhee",2005,-2.9413798405406,-2.31879576878534
"Eastern Towhee",2006,-1.33687797001153,1.60450187052907
"Eastern Towhee",2007,-1.33826759631759,-0.00138962630605999
"Eastern Towhee",2008,0.39575458433311,1.7340221806507
"Eastern Towhee",2009,-1.9597206396134,-2.35547522394651
"Eastern Towhee",2010,-0.63033123094874,1.32938940866466
"Eastern Towhee",2011,-2.26972849417046,-1.63939726322172
"Eastern Towhee",2012,-2.11405013774104,0.15567835642942
"Eastern Towhee",2013,-3.44073778110061,-1.32668764335957
"Eastern Towhee",2014,-1.67537648529564,1.76536129580497
"Eastern Towhee",2015,-1.31261757263538,0.36275891266026
"Eastern Towhee",2016,-1.38626370243929,-0.0736461298039099
"Eastern Towhee",2017,-1.38735438596836,-0.00109068352907027
"Eastern Towhee",2018,-1.63286631521773,-0.24551192924937
"Eastern Towhee",2019,-2.40014989954097,-0.76728358432324
"Eastern Towhee",2020,-2.27494855129209,0.12520134824888
"Eastern Towhee",2021,-2.73143388567156,-0.45648533437947
"Eastern Towhee",2022,-2.27426164731825,0.45717223835331
"Eastern Towhee",2023,-1.41799879363326,0.85626285368499
"Eastern Towhee",2024,-1.60035240308392,-0.18235360945066
"European Starling",1999,-21.4917584122959,0
"European Starling",2000,-14.2875685922605,7.2041898200354
"European Starling",2001,-12.3880616403614,1.89950695189918
"European Starling",2002,-5.22862164947941,7.15943999088195
"European Starling",2003,-4.84925388971804,0.37936775976137
"European Starling",2004,-8.93482710650255,-4.08557321678451
"European Starling",2005,-8.38358135511302,0.55124575138953
"European Starling",2006,-5.04374430336925,3.33983705174377
"European Starling",2007,-10.789353531382,-5.74560922801272
"European Starling",2008,-9.76799898989898,1.02135454148299
"European Starling",2009,-4.56980939340039,5.19818959649859
"European Starling",2010,-7.69394216741559,-3.1241327740152
"European Starling",2011,-5.84893175005847,1.84501041735712
"European Starling",2012,-7.589808410281,-1.74087666022253
"European Starling",2013,-6.28701925721728,1.30278915306372
"European Starling",2014,-10.5063651623249,-4.21934590510765
"European Starling",2015,-4.180877214632,6.32548794769293
"European Starling",2016,-5.42988569623138,-1.24900848159938
"European Starling",2017,-6.65178373471189,-1.22189803848051
"European Starling",2018,-6.11470652011021,0.53707721460168
"European Starling",2019,-5.38830954428435,0.72639697582586
"European Starling",2020,-8.00875544554455,-2.6204459012602
"European Starling",2021,-6.57994404186718,1.42881140367737
"European Starling",2022,-3.3984509844134,3.18149305745378
"European Starling",2023,-3.81781007545495,-0.41935909104155
"European Starling",2024,-1.97723488446762,1.84057519098733
"House Finch",1999,-2.23250559440559,0
"House Finch",2000,-0.0637088555899101,2.16879673881568
"House Finch",2001,-1.46019801481961,-1.3964891592297
"House Finch",2002,-0.0229422932297001,1.43725572158991
"House Finch",2003,-0.04877788303954,-0.0258355898098399
"House Finch",2004,-0.78797658344897,-0.73919870040943
"House Finch",2005,-2.01265718793413,-1.22468060448516
"House Finch",2006,-2.13661862068558,-0.12396143275145
"House Finch",2007,-1.74531497089108,0.3913036497945
"House Finch",2008,-1.78958837473207,-0.04427340384099
"House Finch",2009,-1.04174207773348,0.74784629699859
"House Finch",2010,-3.72410881533952,-2.68236673760604
"House Finch",2011,-0.58520970489515,3.13889911044437
"House Finch",2012,-1.81814760020461,-1.23293789530946
"House Finch",2013,-1.01843031272467,0.79971728747994
"House Finch",2014,-1.7948942687747,-0.77646395605003
"House Finch",2015,-1.32867232383149,0.46622194494321
"House Finch",2016,-1.52633803092678,-0.19766570709529
"House Finch",2017,-2.26962482228823,-0.74328679136145
"House Finch",2018,-0.60456541952253,1.6650594027657
"House Finch",2019,-0.54323228443469,0.0613331350878401
"House Finch",2020,-1.6876948051948,-1.14446252076011
"House Finch",2021,-1.86958990387754,-0.181895098682735
"House Finch",2022,-2.21599692616029,-0.34640702228275
"House Finch",2023,-0.73042366250022,1.48557326366007
"House Finch",2024,-0.27626023769937,0.45416342480085
"House Sparrow",1999,-1.14677755703945,0
"House Sparrow",2000,0.03285275730104,1.17963031434049
"House Sparrow",2001,-0.38810970410586,-0.4209624614069
"House Sparrow",2002,-0.28843772327379,0.0996719808320701
"House Sparrow",2003,0.369932882627227,0.658370605901017
"House Sparrow",2004,0.0277976374397411,-0.342135245187486
"House Sparrow",2005,-0.112381981151789,-0.14017961859153
"House Sparrow",2006,-0.457632188603476,-0.345250207451687
"House Sparrow",2007,0.187219078384629,0.644851266988105
"House Sparrow",2008,-0.71249963905797,-0.899718717442599
"House Sparrow",2009,0.351357853403141,1.06385749246111
"House Sparrow",2010,0.098074841981402,-0.253283011421739
"House Sparrow",2011,-0.315585283962818,-0.41366012594422
"House Sparrow",2012,-0.304387130050627,0.0111981539121911
"House Sparrow",2013,0.071527762184954,0.375914892235581
"House Sparrow",2014,-0.255181230873853,-0.326708993058807
"House Sparrow",2015,-0.07785530618249,0.177325924691363
"House Sparrow",2016,0.031081609493062,0.108936915675552
"House Sparrow",2017,-0.274249235101126,-0.305330844594188
"House Sparrow",2018,-0.145815793330829,0.128433441770297
"House Sparrow",2019,0.22145358878716,0.367269382117989
"House Sparrow",2020,0.197255555555556,-0.024198033231604
"House Sparrow",2021,-0.120937991580584,-0.31819354713614
"House Sparrow",2022,-0.17833033814297,-0.057392346562386
"House Sparrow",2023,-0.430421614605009,-0.252091276462039
"House Sparrow",2024,0.042416129032258,0.472837743637267
"Mourning Dove",1999,-2.98764614621451,0
"Mourning Dove",2000,-0.17315170392434,2.81449444229017
"Mourning Dove",2001,-2.29691190538212,-2.12376020145778
"Mourning Dove",2002,1.93140536287733,4.22831726825945
"Mourning Dove",2003,0.61758528187974,-1.31382008099759
"Mourning Dove",2004,-1.80050940534233,-2.41809468722207
"Mourning Dove",2005,-6.54795880809828,-4.74744940275595
"Mourning Dove",2006,-1.97722596098048,4.5707328471178
"Mourning Dove",2007,-2.83821957276186,-0.86099361178138
"Mourning Dove",2008,-3.4004481193906,-0.56222854662874
"Mourning Dove",2009,0.42679173247112,3.82723985186172
"Mourning Dove",2010,-2.54182731741198,-2.9686190498831
"Mourning Dove",2011,-1.73531111720858,0.8065162002034
"Mourning Dove",2012,-0.61713835125448,1.1181727659541
"Mourning Dove",2013,-2.62775519713262,-2.01061684587814
"Mourning Dove",2014,-2.50563593246605,0.12211926466657
"Mourning Dove",2015,-0.49622065849443,2.00941527397162
"Mourning Dove",2016,-1.84626344892221,-1.35004279042778
"Mourning Dove",2017,-3.7020840948669,-1.85582064594469
"Mourning Dove",2018,-1.50558347459666,2.19650062027024
"Mourning Dove",2019,1.30371779982009,2.80930127441675
"Mourning Dove",2020,-2.76584697986577,-4.06956477968586
"Mourning Dove",2021,-4.3479249492443,-1.58207796937853
"Mourning Dove",2022,-1.04049577701572,3.30742917222858
"Mourning Dove",2023,-0.30941017599819,0.73108560101753
"Mourning Dove",2024,-1.51921302024198,-1.20980284424379
"Northern Cardinal",1999,-1.74007795434022,0
"Northern Cardinal",2000,3.7074231825348,5.44750113687502
"Northern Cardinal",2001,3.1232816313423,-0.584141551192499
"Northern Cardinal",2002,0.553598572244431,-2.56968305909787
"Northern Cardinal",2003,1.10842493312879,0.554826360884359
"Northern Cardinal",2004,-4.09824768889981,-5.2066726220286
"Northern Cardinal",2005,-2.16819500930446,1.93005267959535
"Northern Cardinal",2006,-0.00440924227269868,2.16378576703176
"Northern Cardinal",2007,-4.09028124232625,-4.08587200005355
"Northern Cardinal",2008,-2.86391267535188,1.22636856697437
"Northern Cardinal",2009,-5.28056973496884,-2.41665705961696
"Northern Cardinal",2010,-0.64834641124931,4.63222332371953
"Northern Cardinal",2011,-3.28559811538906,-2.63725170413975
"Northern Cardinal",2012,-0.385353763440859,2.9002443519482
"Northern Cardinal",2013,-5.28518251791277,-4.89982875447191
"Northern Cardinal",2014,-1.43880387883248,3.84637863908029
"Northern Cardinal",2015,-1.76640237993809,-0.327598501105609
"Northern Cardinal",2016,-4.1877547474915,-2.42135236755341
"Northern Cardinal",2017,-1.60033603699984,2.58741871049166
"Northern Cardinal",2018,-3.59742458637298,-1.99708854937314
"Northern Cardinal",2019,-2.5985629605294,0.99886162584358
"Northern Cardinal",2020,-3.94125483870968,-1.34269187818028
"Northern Cardinal",2021,-1.83786996046853,2.10338487824115
"Northern Cardinal",2022,2.35657850980894,4.19444847027747
"Northern Cardinal",2023,-3.4825169210907,-5.83909543089964
"Northern Cardinal",2024,-3.37604838234752,0.10646853874318
"Northern Mockingbird",1999,0.47453648316665,0
"Northern Mockingbird",2000,0.49096830943347,0.0164318262668199
"Northern Mockingbird",2001,-0.23435109741744,-0.72531940685091
"Northern Mockingbird",2002,0.9518982018028,1.18624929922024
"Northern Mockingbird",2003,1.65611698105677,0.70421877925397
"Northern Mockingbird",2004,0.29644083769633,-1.35967614336044
"Northern Mockingbird",2005,-0.33517701415139,-0.63161785184772
"Northern Mockingbird",2006,-0.26186421207057,0.07331280208082
"Northern Mockingbird",2007,-0.30837985587019,-0.0465156437996199
"Northern Mockingbird",2008,-0.31189670909805,-0.00351685322786
"Northern Mockingbird",2009,-0.40383155389323,-0.0919348447951798
"Northern Mockingbird",2010,-0.38826150128189,0.01557005261134
"Northern Mockingbird",2011,0.59838720963699,0.98664871091888
"Northern Mockingbird",2012,-0.06946360669065,-0.66785081632764
"Northern Mockingbird",2013,-0.0965480519393298,-0.0270844452486798
"Northern Mockingbird",2014,-0.0584736650034701,0.0380743869358597
"Northern Mockingbird",2015,0.45523504956355,0.51370871456702
"Northern Mockingbird",2016,-0.15957327310371,-0.61480832266726
"Northern Mockingbird",2017,0.12417471703447,0.28374799013818
"Northern Mockingbird",2018,-0.32897463013065,-0.45314934716512
"Northern Mockingbird",2019,0.58651550468262,0.91549013481327
"Northern Mockingbird",2020,-0.3206526261586,-0.90716813084122
"Northern Mockingbird",2021,0.08731997094657,0.40797259710517
"Northern Mockingbird",2022,-0.16243399962065,-0.24975397056722
"Northern Mockingbird",2023,0.27428018774151,0.43671418736216
"Northern Mockingbird",2024,-0.777045021645022,-1.05132520938653
"Pine Warbler",1999,2.17050298441715,0
"Pine Warbler",2000,1.68676348711929,-0.48373949729786
"Pine Warbler",2001,2.67026139204695,0.98349790492766
"Pine Warbler",2002,4.32370477476845,1.6534433827215
"Pine Warbler",2003,1.23729677869557,-3.08640799607288
"Pine Warbler",2004,1.03507871276194,-0.20221806593363
"Pine Warbler",2005,2.05565736353605,1.02057865077411
"Pine Warbler",2006,0.51344871932827,-1.54220864420778
"Pine Warbler",2007,1.56326847346212,1.04981975413385
"Pine Warbler",2008,1.55247113197439,-0.01079734148773
"Pine Warbler",2009,1.0371777695979,-0.51529336237649
"Pine Warbler",2010,1.20714162314422,0.16996385354632
"Pine Warbler",2011,2.03346369926385,0.82632207611963
"Pine Warbler",2012,1.9506303202054,-0.0828333790584503
"Pine Warbler",2013,0.54038673813067,-1.41024358207473
"Pine Warbler",2014,1.4947072317262,0.95432049359553
"Pine Warbler",2015,1.52454643417182,0.0298392024456198
"Pine Warbler",2016,0.79452495832656,-0.73002147584526
"Pine Warbler",2017,0.5523999687145,-0.24212498961206
"Pine Warbler",2018,0.63519184936927,0.08279188065477
"Pine Warbler",2019,-1.17155238252777,-1.80674423189704
"Pine Warbler",2020,-0.23818664850136,0.93336573402641
"Pine Warbler",2021,2.6528484520587,2.89103510056006
"Pine Warbler",2022,1.70443930211203,-0.94840914994667
"Pine Warbler",2023,1.93487337903456,0.23043407692253
"Pine Warbler",2024,1.69999215254741,-0.23488122648715
"Red-bellied Woodpecker",1999,-1.06930883793519,0
"Red-bellied Woodpecker",2000,-0.55726075055343,0.51204808738176
"Red-bellied Woodpecker",2001,-1.39107939001479,-0.83381863946136
"Red-bellied Woodpecker",2002,-0.93719995735091,0.45387943266388
"Red-bellied Woodpecker",2003,0.4476223103665,1.38482226771741
"Red-bellied Woodpecker",2004,-0.94399141161327,-1.39161372197977
"Red-bellied Woodpecker",2005,-2.0933549113871,-1.14936349977383
"Red-bellied Woodpecker",2006,-2.66549683765257,-0.57214192626547
"Red-bellied Woodpecker",2007,-0.26821891900627,2.3972779186463
"Red-bellied Woodpecker",2008,-0.764520174442,-0.49630125543573
"Red-bellied Woodpecker",2009,-2.21522863643635,-1.45070846199435
"Red-bellied Woodpecker",2010,-1.83828785265158,0.37694078378477
"Red-bellied Woodpecker",2011,-2.39867856781396,-0.56039071516238
"Red-bellied Woodpecker",2012,-1.95786166829752,0.440816899516441
"Red-bellied Woodpecker",2013,-3.29108299372036,-1.33322132542284
"Red-bellied Woodpecker",2014,-1.5103113763054,1.78077161741496
"Red-bellied Woodpecker",2015,-1.57514432803891,-0.0648329517335102
"Red-bellied Woodpecker",2016,-2.29267806588341,-0.7175337378445
"Red-bellied Woodpecker",2017,-1.39856516596782,0.89411289991559
"Red-bellied Woodpecker",2018,-3.59074507196154,-2.19217990599372
"Red-bellied Woodpecker",2019,-2.16943608815427,1.42130898380727
"Red-bellied Woodpecker",2020,-2.72794223602484,-0.55850614787057
"Red-bellied Woodpecker",2021,-1.28056042392318,1.44738181210166
"Red-bellied Woodpecker",2022,-2.98206846201362,-1.70150803809044
"Red-bellied Woodpecker",2023,-1.50118390901788,1.48088455299574
"Red-bellied Woodpecker",2024,-2.55603216711198,-1.0548482580941
"Red-headed Woodpecker",1999,-0.232711153617275,0
"Red-headed Woodpecker",2000,-0.958615620302925,-0.72590446668565
"Red-headed Woodpecker",2001,-0.946179115741668,0.0124365045612571
"Red-headed Woodpecker",2002,0.217052841252449,1.16323195699412
"Red-headed Woodpecker",2003,-0.165593944397293,-0.382646785649742
"Red-headed Woodpecker",2004,-0.027145481205012,0.138448463192281
"Red-headed Woodpecker",2005,-0.186227333811643,-0.159081852606631
"Red-headed Woodpecker",2006,-0.76111905405119,-0.574891720239547
"Red-headed Woodpecker",2007,-0.309542130586611,0.451576923464579
"Red-headed Woodpecker",2008,-0.275661921949019,0.033880208637592
"Red-headed Woodpecker",2009,-0.560140650268131,-0.284478728319112
"Red-headed Woodpecker",2010,-0.401377783630683,0.158762866637448
"Red-headed Woodpecker",2011,-0.383460067100142,0.0179177165305409
"Red-headed Woodpecker",2012,-0.759811702062399,-0.376351634962257
"Red-headed Woodpecker",2013,-1.21716578651477,-0.457354084452376
"Red-headed Woodpecker",2014,-0.394992222343647,0.822173564171128
"Red-headed Woodpecker",2015,-0.039654936095196,0.355337286248451
"Red-headed Woodpecker",2016,-0.235157499608706,-0.19550256351351
"Red-headed Woodpecker",2017,-0.409508612418365,-0.174351112809659
"Red-headed Woodpecker",2018,-1.57053177225469,-1.16102315983632
"Red-headed Woodpecker",2019,-0.747502946607685,0.823028825647005
"Red-headed Woodpecker",2020,-0.489555555555556,0.257947391052129
"Red-headed Woodpecker",2021,-0.0876440243434169,0.401911531212139
"Red-headed Woodpecker",2022,-0.836750646974055,-0.749106622630638
"Red-headed Woodpecker",2023,-0.066207109140583,0.770543537833472
"Red-headed Woodpecker",2024,-1.24832114163953,-1.18211403249894
"Red-winged Blackbird",1999,-22.0961294815343,0
"Red-winged Blackbird",2000,-16.5312815624677,5.56484791906654
"Red-winged Blackbird",2001,-20.595074198312,-4.06379263584424
"Red-winged Blackbird",2002,-7.87733275058275,12.7177414477292
"Red-winged Blackbird",2003,-37.2923465828596,-29.4150138322769
"Red-winged Blackbird",2004,-10.1862608254289,27.1060857574308
"Red-winged Blackbird",2005,-31.1011979619332,-20.9149371365043
"Red-winged Blackbird",2006,-35.3845163701626,-4.28331840822947
"Red-winged Blackbird",2007,-17.2037382180573,18.1807781521054
"Red-winged Blackbird",2008,-14.9133922443753,2.29034597368191
"Red-winged Blackbird",2009,-3.09400796904311,11.8193842753322
"Red-winged Blackbird",2010,-14.5075076201526,-11.4134996511095
"Red-winged Blackbird",2011,-18.6334442879672,-4.12593666781459
"Red-winged Blackbird",2012,-24.9177976395212,-6.28435335155393
"Red-winged Blackbird",2013,-16.6498037018628,8.26799393765839
"Red-winged Blackbird",2014,-19.6693616559625,-3.01955795409974
"Red-winged Blackbird",2015,-23.6411985376124,-3.97183688164986
"Red-winged Blackbird",2016,-44.7378448936355,-21.0966463560232
"Red-winged Blackbird",2017,-30.4045250669387,14.3333198266968
"Red-winged Blackbird",2018,-33.1448650125853,-2.74033994564661
"Red-winged Blackbird",2019,-9.30438333876131,23.840481673824
"Red-winged Blackbird",2020,-22.5983953020134,-13.2940119632521
"Red-winged Blackbird",2021,-21.7740028789455,0.824392423067881
"Red-winged Blackbird",2022,-34.8813566634083,-13.1073537844627
"Red-winged Blackbird",2023,-61.5505217411682,-26.66916507776
"Red-winged Blackbird",2024,-17.586193289425,43.9643284517432
"Ring-billed Gull",1999,-25.0005671446812,0
"Ring-billed Gull",2000,-99.6455162383536,-74.6449490936725
"Ring-billed Gull",2001,-25.5361076628729,74.1094085754807
"Ring-billed Gull",2002,-106.927326588212,-81.3912189253395
"Ring-billed Gull",2003,-35.0404645300487,71.8868620581637
"Ring-billed Gull",2004,-105.508573136212,-70.4681086061637
"Ring-billed Gull",2005,-129.874897496088,-24.3663243598752
"Ring-billed Gull",2006,-101.178212315753,28.6966851803343
"Ring-billed Gull",2007,-21.270478770689,79.9077335450644
"Ring-billed Gull",2008,-289.479509733044,-268.209030962355
"Ring-billed Gull",2009,-397.123947085295,-107.644437352251
"Ring-billed Gull",2010,-520.854467168836,-123.73052008354
"Ring-billed Gull",2011,-449.257381733495,71.5970854353402
"Ring-billed Gull",2012,-347.228507586107,102.028874147389
"Ring-billed Gull",2013,-365.270562716378,-18.0420551302715
"Ring-billed Gull",2014,-381.403007148625,-16.1324444322469
"Ring-billed Gull",2015,-47.9307638600538,333.472243288571
"Ring-billed Gull",2016,-429.113220363351,-381.182456503297
"Ring-billed Gull",2017,-366.296929430015,62.8162909333364
"Ring-billed Gull",2018,-140.302134050179,225.994795379835
"Ring-billed Gull",2019,-176.796642563517,-36.4945085133378
"Ring-billed Gull",2020,-132.950810436635,43.8458321268823
"Ring-billed Gull",2021,-107.164599185164,25.7862112514703
"Ring-billed Gull",2022,-386.946414049587,-279.781814864422
"Ring-billed Gull",2023,-103.945252442159,283.001161607427
"Ring-billed Gull",2024,-214.71328551635,-110.76803307419
"Tufted Titmouse",1999,-1.20450854964485,0
"Tufted Titmouse",2000,-0.00532804471089943,1.19918050493395
"Tufted Titmouse",2001,-0.89167526362026,-0.886347218909361
"Tufted Titmouse",2002,0.491390125758801,1.38306538937906
"Tufted Titmouse",2003,-0.22602925230109,-0.71741937805989
"Tufted Titmouse",2004,-4.28339023005248,-4.05736097775139
"Tufted Titmouse",2005,-2.98671597663143,1.29667425342105
"Tufted Titmouse",2006,-3.10660757792669,-0.119891601295261
"Tufted Titmouse",2007,-2.09362401283003,1.01298356509666
"Tufted Titmouse",2008,-1.48439385171918,0.609230161110851
"Tufted Titmouse",2009,-2.99201824769433,-1.50762439597515
"Tufted Titmouse",2010,-3.68330354808591,-0.69128530039158
"Tufted Titmouse",2011,-4.74988542274926,-1.06658187466335
"Tufted Titmouse",2012,-3.94233793328671,0.80754748946255
"Tufted Titmouse",2013,-6.45317518497558,-2.51083725168887
"Tufted Titmouse",2014,-3.07201067873973,3.38116450623585
"Tufted Titmouse",2015,-1.88489229232882,1.18711838641091
"Tufted Titmouse",2016,-2.85950662991973,-0.97461433759091
"Tufted Titmouse",2017,-2.78522000518342,0.0742866247363096
"Tufted Titmouse",2018,-1.77126717297282,1.0139528322106
"Tufted Titmouse",2019,-3.74438622396971,-1.97311905099689
"Tufted Titmouse",2020,-4.45544444444444,-0.71105822047473
"Tufted Titmouse",2021,-3.53108148807714,0.9243629563673
"Tufted Titmouse",2022,-1.89000752482572,1.64107396325142
"Tufted Titmouse",2023,-2.82623850299226,-0.93623097816654
"Tufted Titmouse",2024,-3.84661071328041,-1.02037221028815
"White-breasted Nuthatch",1999,-1.17027420456559,0
"White-breasted Nuthatch",2000,-0.773498723053917,0.396775481511675
"White-breasted Nuthatch",2001,-1.03464534658026,-0.261146623526345
"White-breasted Nuthatch",2002,-0.630064615764708,0.404580730815554
"White-breasted Nuthatch",2003,-0.616078456965378,0.0139861587993302
"White-breasted Nuthatch",2004,-1.15488865838141,-0.538810201416027
"White-breasted Nuthatch",2005,-1.2794299998935,-0.124541341512095
"White-breasted Nuthatch",2006,-1.05593135543921,0.223498644454291
"White-breasted Nuthatch",2007,-0.714399055623543,0.341532299815666
"White-breasted Nuthatch",2008,-0.854787925775322,-0.140388870151779
"White-breasted Nuthatch",2009,-1.34772095113637,-0.49293302536105
"White-breasted Nuthatch",2010,-0.714757237094642,0.63296371404173
"White-breasted Nuthatch",2011,-1.4443929727016,-0.729635735606961
"White-breasted Nuthatch",2012,-1.06498737929989,0.379405593401713
"White-breasted Nuthatch",2013,-1.08335066418171,-0.0183632848818238
"White-breasted Nuthatch",2014,-1.25241554287599,-0.169064878694277
"White-breasted Nuthatch",2015,-1.27784135645642,-0.0254258135804319
"White-breasted Nuthatch",2016,-1.43520718647628,-0.157365830019855
"White-breasted Nuthatch",2017,-1.08854554798448,0.346661638491795
"White-breasted Nuthatch",2018,-1.71186978436974,-0.623324236385258
"White-breasted Nuthatch",2019,-1.2951999830471,0.416669801322639
"White-breasted Nuthatch",2020,-1.1677260915868,0.127473891460307
"White-breasted Nuthatch",2021,-1.26234891609283,-0.0946228245060388
"White-breasted Nuthatch",2022,-1.72441788548926,-0.462068969396429
"White-breasted Nuthatch",2023,-1.01025079080394,0.714167094685323
"White-breasted Nuthatch",2024,-2.22860815414754,-1.21835736334361
