"year","American Crow","American Goldfinch","American Robin","Blue Jay","Brown Thrasher","Brown-headed Cowbird","Brown-headed Nuthatch","Carolina Chickadee","Carolina Wren","Cedar Waxwing","Chipping Sparrow","Common Grackle","Downy Woodpecker","Eastern Bluebird","Eastern Phoebe","Eastern Towhee","European Starling","House Finch","House Sparrow","Mourning Dove","Northern Cardinal","Northern Mockingbird","Pine Warbler","Red-bellied Woodpecker","Red-headed Woodpecker","Red-winged Blackbird","Ring-billed Gull","Tufted Titmouse","White-breasted Nuthatch"
1999,-8.5292090734416,-3.65947390299134,-23.9329403598972,-4.44017128555758,0.56084705951095,0.82277573606463,-0.662589290436316,-4.44675685206125,-2.66728100228009,-18.4072762589359,0.47322192752987,-13.3856212149285,-1.6802312942177,-4.93459579288026,-0.287552420306966,-0.24046207322623,-21.4917584122959,-2.23250559440559,-1.14677755703945,-2.98764614621451,-1.74007795434022,0.47453648316665,2.17050298441715,-1.06930883793519,-0.232711153617275,-22.0961294815343,-25.0005671446812,-1.20450854964485,-1.17027420456559
2000,-5.85945073056953,-1.59031620615908,-27.8677485521162,-1.07462326934264,0.86252962072076,1.75771072191552,-0.685835217830116,-3.07013161624676,0.83788359727409,-16.8797114347357,1.84938767150486,-9.55940573176151,-1.36775114911719,-3.91924874388805,-0.314742304425242,-0.89675144323205,-14.2875685922605,-0.0637088555899101,0.03285275730104,-0.17315170392434,3.7074231825348,0.49096830943347,1.68676348711929,-0.55726075055343,-0.958615620302925,-16.5312815624677,-99.6455162383536,-0.00532804471089943,-0.773498723053917
2001,-6.92190693612139,-8.99330109614782,-1.75245398342075,-5.15607476121206,0.85146542553552,-0.28599446097656,-0.9271340731027,-2.8796220385675,-0.72965566308785,-1.34384230315292,-0.0614372549019602,-9.18343026393656,-1.78053278447055,-4.00673051377304,-0.225577132959255,0.09398653729408,-12.3880616403614,-1.46019801481961,-0.38810970410586,-2.29691190538212,3.1232816313423,-0.23435109741744,2.67026139204695,-1.39107939001479,-0.946179115741668,-20.595074198312,-25.5361076628729,-0.89167526362026,-1.03464534658026
2002,-4.36414744928274,-1.44228702759385,-18.4754042059725,-0.75186195119251,1.23436371558487,2.17467055102236,-1.16522119372787,-3.08447605741749,-0.87668019380821,-3.96108826288512,1.31948629601292,2.90883813418611,-1.14311677587849,-3.02335807977736,0.13031647670314,0.8191326582962,-5.22862164947941,-0.0229422932297001,-0.28843772327379,1.93140536287733,0.553598572244431,0.9518982018028,4.32370477476845,-0.93719995735091,0.217052841252449,-7.87733275058275,-106.927326588212,0.491390125758801,-0.630064615764708
2003,-1.85185727940581,-2.58411435110312,-7.64803715013353,-2.06321011567688,0.91765266171313,2.19798998557591,-0.05945458674723,-3.13323455063595,0.224369792157431,-12.9692766847001,-1.52608282844604,3.89011276723545,-0.54958854009621,-2.29687112992548,0.00871903651903699,0.63878894056096,-4.84925388971804,-0.04877788303954,0.369932882627227,0.61758528187974,1.10842493312879,1.65611698105677,1.23729677869557,0.4476223103665,-0.165593944397293,-37.2923465828596,-35.0404645300487,-0.22602925230109,-0.616078456965378
2004,-6.94095843154879,-4.8753538595361,-8.68792546687056,-3.44926735097172,-0.032741033645508,1.65014381404043,-0.91205583246677,-5.67944205816252,-3.58801568431569,-2.15071191951941,-4.94144845396186,4.77264304017866,-1.65963512544803,-3.25854358489756,-0.30018246703753,-0.62258407175526,-8.93482710650255,-0.78797658344897,0.0277976374397411,-1.80050940534233,-4.09824768889981,0.29644083769633,1.03507871276194,-0.94399141161327,-0.027145481205012,-10.1862608254289,-105.508573136212,-4.28339023005248,-1.15488865838141
2005,-8.39226564108024,-8.44012043917098,-40.1852877473312,0.72014261548953,0.0490171996462321,0.19807944962273,-1.0194390878471,-6.39884150688022,-1.13112720935453,-23.2533557020746,-2.74429487842036,-0.754118423636521,-1.60645949820789,-3.93032619306394,-0.98862466766644,-2.9413798405406,-8.38358135511302,-2.01265718793413,-0.112381981151789,-6.54795880809828,-2.16819500930446,-0.33517701415139,2.05565736353605,-2.0933549113871,-0.186227333811643,-31.1011979619332,-129.874897496088,-2.98671597663143,-1.2794299998935
2006,-7.14786549144603,-3.6343624829232,-7.02517127577105,-5.32039530909115,0.53195438081317,2.0091991216513,-2.23375928828676,-3.80000035044129,-3.07841576620611,-2.96781773310049,-2.60348738893068,-15.7000188539927,-1.87068193473917,-5.63123865370596,-0.276462365079919,-1.33687797001153,-5.04374430336925,-2.13661862068558,-0.457632188603476,-1.97722596098048,-0.00440924227269868,-0.26186421207057,0.51344871932827,-2.66549683765257,-0.76111905405119,-35.3845163701626,-101.178212315753,-3.10660757792669,-1.05593135543921
2007,-5.35009241434741,-5.83446016134938,-8.31083503789686,-3.68287749012978,0.103278814233623,2.08448165731766,-0.627694283649964,-4.26550520178901,-0.079668210505,-6.58564389929927,1.71457626711833,-72.8983082737746,-1.01130422698287,-4.68619280641666,0.025257719183945,-1.33826759631759,-10.789353531382,-1.74531497089108,0.187219078384629,-2.83821957276186,-4.09028124232625,-0.30837985587019,1.56326847346212,-0.26821891900627,-0.309542130586611,-17.2037382180573,-21.270478770689,-2.09362401283003,-0.714399055623543
2008,-6.03946005509642,-7.486802940695,-18.0695015903812,-3.94062551532046,0.332427100891908,1.82381856049775,-1.55002444314624,-6.20178031671293,-2.49624650970674,-19.7082842079048,-5.71978250444593,1.98025553514456,-1.37126279855727,-4.58103218869233,-0.280389827538984,0.39575458433311,-9.76799898989898,-1.78958837473207,-0.71249963905797,-3.4004481193906,-2.86391267535188,-0.31189670909805,1.55247113197439,-0.764520174442,-0.275661921949019,-14.9133922443753,-289.479509733044,-1.48439385171918,-0.854787925775322
2009,-10.0419217277657,-1.07148956267471,-7.99013696684785,-5.57500967740239,0.167882211606583,0.79404105331288,-1.87054528974466,-5.11347259463565,-2.35643966583241,-6.53602407214707,-2.98793156333808,2.4070496005671,-1.3289177377892,-5.38645806917097,-0.0169327207322201,-1.9597206396134,-4.56980939340039,-1.04174207773348,0.351357853403141,0.42679173247112,-5.28056973496884,-0.40383155389323,1.0371777695979,-2.21522863643635,-0.560140650268131,-3.09400796904311,-397.123947085295,-2.99201824769433,-1.34772095113637
2010,-8.76364982741887,-12.4046591722861,-11.1499657675016,-3.91813623827749,0.36969096753034,1.15721792114696,-1.50644048214302,-5.00741429033157,-0.65567528650162,-15.1633299166783,-2.45982999196719,-52.265225428195,-1.45356699238188,-6.0834152417862,-0.139643460233371,-0.63033123094874,-7.69394216741559,-3.72410881533952,0.098074841981402,-2.54182731741198,-0.64834641124931,-0.38826150128189,1.20714162314422,-1.83828785265158,-0.401377783630683,-14.5075076201526,-520.854467168836,-3.68330354808591,-0.714757237094642
2011,-11.1119207206396,-1.03397603604842,-12.8752085167541,-3.23452296046729,0.230971930974224,2.17895357823352,-2.34630477660669,-8.21389694902942,-2.79314719892775,-2.20348040361638,-8.007600999001,-7.89245782391388,-1.44061995730933,-5.20209366573276,-0.070949524339097,-2.26972849417046,-5.84893175005847,-0.58520970489515,-0.315585283962818,-1.73531111720858,-3.28559811538906,0.59838720963699,2.03346369926385,-2.39867856781396,-0.383460067100142,-18.6334442879672,-449.257381733495,-4.74988542274926,-1.4443929727016
2012,-11.3945039513443,-5.63715237891332,-11.0509657711471,-3.61935752096949,0.152812411118294,2.33328235772232,-1.27010219834068,-5.12144312874947,-2.32055615279185,-3.58864701260407,-5.54520188627103,2.75897743873172,-1.16431224010888,-4.8318867768595,-0.366821463618332,-2.11405013774104,-7.589808410281,-1.81814760020461,-0.304387130050627,-0.61713835125448,-0.385353763440859,-0.06946360669065,1.9506303202054,-1.95786166829752,-0.759811702062399,-24.9177976395212,-347.228507586107,-3.94233793328671,-1.06498737929989
2013,-9.45831122163847,-2.97569655719551,-16.5600220193829,-4.9614105819385,-0.264832288035583,2.03992189250652,-1.30579708788501,-8.52569567014505,-5.21017557156279,-14.3004200392767,-8.57806855911776,-13.8700293940355,-2.26820257152954,-4.52740994878854,-0.750659350058136,-3.44073778110061,-6.28701925721728,-1.01843031272467,0.071527762184954,-2.62775519713262,-5.28518251791277,-0.0965480519393298,0.54038673813067,-3.29108299372036,-1.21716578651477,-16.6498037018628,-365.270562716378,-6.45317518497558,-1.08335066418171
2014,-9.87830278275352,-5.42658135350803,-17.8790589215955,-3.54941543210028,0.00471832577991604,1.53490030682478,-1.26042727272727,-6.674018877252,-2.42306902816999,-6.44251513470842,-5.78210967463238,-8.13891030188819,-1.80557067799768,-4.75058928157218,-0.553749876733659,-1.67537648529564,-10.5063651623249,-1.7948942687747,-0.255181230873853,-2.50563593246605,-1.43880387883248,-0.0584736650034701,1.4947072317262,-1.5103113763054,-0.394992222343647,-19.6693616559625,-381.403007148625,-3.07201067873973,-1.25241554287599
2015,-7.1956351848264,-4.17739216677399,-7.88216524006537,-3.06488494623656,0.0522979989726111,1.1640072577401,-1.26807932643494,-4.51207831435308,-3.20566890299624,-21.5351039886622,-7.16073094771146,-0.53849851555809,-1.71830657725638,-2.96483315858453,-0.393522887544093,-1.31261757263538,-4.180877214632,-1.32867232383149,-0.07785530618249,-0.49622065849443,-1.76640237993809,0.45523504956355,1.52454643417182,-1.57514432803891,-0.039654936095196,-23.6411985376124,-47.9307638600538,-1.88489229232882,-1.27784135645642
2016,-12.621932838008,-4.21957121688732,-6.38983675741691,-4.75462021324659,0.111478715649828,1.15577253489656,-0.93880787704591,-5.89711181684774,-3.01145710678182,-0.13085847531674,-5.68617578116634,3.18289439730454,-1.61314625576905,-3.88042589763178,-0.094897243521765,-1.38626370243929,-5.42988569623138,-1.52633803092678,0.031081609493062,-1.84626344892221,-4.1877547474915,-0.15957327310371,0.79452495832656,-2.29267806588341,-0.235157499608706,-44.7378448936355,-429.113220363351,-2.85950662991973,-1.43520718647628
2017,-7.32119743696291,-4.2339380492666,-19.9465128807774,-3.78968670753405,-0.331876479846026,-10.5799668624595,-1.02923825370165,-4.8350781437727,-1.3989957292404,-10.7702849797262,-1.71666945003353,-22.4431982590205,-1.71548031397484,-6.30003904606942,-0.418572239638487,-1.38735438596836,-6.65178373471189,-2.26962482228823,-0.274249235101126,-3.7020840948669,-1.60033603699984,0.12417471703447,0.5523999687145,-1.39856516596782,-0.409508612418365,-30.4045250669387,-366.296929430015,-2.78522000518342,-1.08854554798448
2018,-6.22480874133691,-5.15613606393606,-22.0219282434796,-6.69323096715234,0.150282989009372,0.72429180134764,-1.83317473747825,-5.93375619636062,-3.77577611381074,-3.80387158682181,-6.21532134801915,-24.1846910267249,-1.94434787464947,-4.07552246534064,-0.415780086880754,-1.63286631521773,-6.11470652011021,-0.60456541952253,-0.145815793330829,-1.50558347459666,-3.59742458637298,-0.32897463013065,0.63519184936927,-3.59074507196154,-1.57053177225469,-33.1448650125853,-140.302134050179,-1.77126717297282,-1.71186978436974
2019,-7.02204259340874,-2.1128840711878,-3.1257048079439,-2.81545613498085,0.0681614917565629,2.5806576255235,-1.24631772731663,-5.73561165460814,-4.05247822198565,-3.19319542528921,-6.86802388918311,-44.8964332008367,-2.13966618520401,-5.45368405131503,-0.367087178008458,-2.40014989954097,-5.38830954428435,-0.54323228443469,0.22145358878716,1.30371779982009,-2.5985629605294,0.58651550468262,-1.17155238252777,-2.16943608815427,-0.747502946607685,-9.30438333876131,-176.796642563517,-3.74438622396971,-1.2951999830471
2020,-9.57050124223603,-5.10073950953678,-50.6738151862464,-7.86284117647059,-0.179946970481616,1.94257582534611,-2.24407532467532,-6.64489129304743,-5.62358167379352,-4.36056868096166,-12.3556601454065,-3.60188051948052,-1.15683333333333,-5.82379673202614,-0.677694957983193,-2.27494855129209,-8.00875544554455,-1.6876948051948,0.197255555555556,-2.76584697986577,-3.94125483870968,-0.3206526261586,-0.23818664850136,-2.72794223602484,-0.489555555555556,-22.5983953020134,-132.950810436635,-4.45544444444444,-1.1677260915868
2021,-5.72555070763442,0.44549310322388,-4.7513945857915,-3.88539781991787,-0.215008349389852,0.55693097731239,-0.9158106729338,-6.07214600652734,-1.44368652155873,-7.91529926884075,-5.63234920418631,-1.88672983885808,-1.98388845981553,-8.30317011699577,-0.259054083217948,-2.73143388567156,-6.57994404186718,-1.86958990387754,-0.120937991580584,-4.3479249492443,-1.83786996046853,0.08731997094657,2.6528484520587,-1.28056042392318,-0.0876440243434169,-21.7740028789455,-107.164599185164,-3.53108148807714,-1.26234891609283
2022,-8.86147074033296,-5.55609063408959,-21.7593745093864,-6.79015919147225,0.128143581445523,1.11131169181427,-2.2661507006957,-4.43464060176655,-1.52463189187236,-4.51436900819131,-5.63594751868712,-91.4323299127262,-2.14933957495445,-6.41450758418926,-0.587612873973029,-2.27426164731825,-3.3984509844134,-2.21599692616029,-0.17833033814297,-1.04049577701572,2.35657850980894,-0.16243399962065,1.70443930211203,-2.98206846201362,-0.836750646974055,-34.8813566634083,-386.946414049587,-1.89000752482572,-1.72441788548926
2023,-6.72358808230131,-1.50657732342007,-21.6736530676743,-2.83365202431246,-0.00773513982224194,1.86734432349387,-1.95853079687894,-4.19813320578153,-1.05159826037618,-29.8878868181741,-4.16671726416025,0.10014924310697,-1.93029287988336,-3.54570066995981,-0.450822930683938,-1.41799879363326,-3.81781007545495,-0.73042366250022,-0.430421614605009,-0.30941017599819,-3.4825169210907,0.27428018774151,1.93487337903456,-1.50118390901788,-0.066207109140583,-61.5505217411682,-103.945252442159,-2.82623850299226,-1.01025079080394
2024,-5.36651984860536,-1.11620690408126,-5.69482688939619,-4.19498953873677,-0.560434443622355,0.13797601564443,-1.93626943450362,-5.95302569275306,-0.36124910394265,0.0627775059073791,-6.41823044753639,1.97572640697182,-2.13295611403792,-3.81947380698442,-0.981712933638581,-1.60035240308392,-1.97723488446762,-0.27626023769937,0.042416129032258,-1.51921302024198,-3.37604838234752,-0.777045021645022,1.69999215254741,-2.55603216711198,-1.24832114163953,-17.586193289425,-214.71328551635,-3.84661071328041,-2.22860815414754
