"","Yellow.rumped.Warbler","Herring.Gull","Ring.billed.Gull","Common.Grackle","Rusty.Blackbird","Chipping.Sparrow","Red.headed.Woodpecker","Bonaparte.s.Gull","Bufflehead","Hermit.Thrush","Hairy.Woodpecker","Brown.Thrasher","White.breasted.Nuthatch","Brown.headed.Nuthatch","Yellow.bellied.Sapsucker","Fox.Sparrow","Swamp.Sparrow","American.Pipit","gull.sp.","Ring.necked.Duck","American.Coot","Pacific.Winter.Wren","Northern.Cardinal","Northern.Mockingbird","Brown.Creeper","Song.Sparrow","White.throated.Sparrow","Dark.eyed.Junco..Slate.colored.","Blue.Jay","American.Goldfinch","Northern.Flicker..Yellow.shafted.","American.Robin","Cedar.Waxwing","Yellow.rumped.Warbler..Myrtle.","Hooded.Merganser","Pied.billed.Grebe","Eastern.Towhee","Eastern.Phoebe","Downy.Woodpecker","Red.bellied.Woodpecker","Carolina.Wren","Tufted.Titmouse","Eastern.Bluebird","American.Crow","Carolina.Chickadee","Great.Blue.Heron..Blue.form.","House.Finch","Rock.Pigeon..Feral.Pigeon.","Pine.Warbler","Golden.crowned.Kinglet","Ruby.crowned.Kinglet","Pine.Siskin","American.Black.Duck","Spinus.sp...goldfinch.sp..","European.Starling","blackbird.sp.","Northern.Bobwhite","Evening.Grosbeak","Purple.Finch","Spotted.Eastern.Towhee..Rufous.sided.Towhee.","Brown.headed.Cowbird","Red.winged.Blackbird","Eastern.Meadowlark","Savannah.Sparrow","Field.Sparrow","House.Sparrow","Mourning.Dove"
"Yellow.rumped.Warbler",1,0.423790416425652,0.50204647794317,0.186062108809699,0.193245658607834,0.609948579015828,0.556794070059016,0.470569387508534,0.399592317156845,0.41206145406471,0.361037881063397,0.529278003787908,0.497338669638383,0.583434383824994,0.541303988595951,0.261911274074088,0.236074536086229,0.106326464305821,-0.0749015178392938,0.0183546918508846,0.0870359519599349,-0.0607905829911516,0.317399954746931,0.237049486367129,0.346516752620288,0.265031085391659,0.297978701580336,0.0731799671365264,0.321394231573666,0.0973353027658017,0.207085966928688,0.328969802869617,0.270373298831595,0.132893844292025,0.210131888324262,0.475308775760431,0.38615768834739,0.463892431504879,0.48870259101733,0.515756933508074,0.487386481008999,0.502934605548632,0.399352752939898,0.388674598306211,0.367724904110371,0.180485333444219,0.194897217437173,0.0273497875932226,0.137098018631736,0.159566234375744,0.236415058587403,-0.0266794183732427,-0.120351060549568,-0.0563303297362345,-0.0781741967601596,-0.0218234472251082,-0.111903609417747,-0.112264520988097,-0.0867326201577358,-0.0324076757249957,0.0915390131340932,0.237339021846554,-0.0706210761721782,0.149795317202512,0.00434417052336915,-0.0319822280388214,0.0564522070759794
"Herring.Gull",0.423790416425652,1,0.743922969041436,0.143257761539827,0.178398996425916,0.656280477887764,0.478425249844152,0.469064459915859,0.351197114583986,0.388548730718829,0.33394329363388,0.502738034131032,0.536870355145495,0.633116868810887,0.488597485690399,0.241365901682061,0.29266246005305,0.307912806656809,0.0127494946751652,0.145084253338717,0.209935187877368,-0.0103387336571396,0.376226873885801,0.260711467918875,0.32218068071739,0.322843418359257,0.231678404647747,0.0886415564894915,0.234018935541704,0.282968427546204,0.238311235939613,0.286578419420189,0.17840863051291,0.281789660267599,0.390697917854973,0.508724826884966,0.558312693974704,0.509530613364356,0.469783028968444,0.510173313587007,0.525572649569962,0.61972941490717,0.525471493738905,0.55873167302977,0.527660699694978,0.37599792329606,0.357674502400742,0.12546294034209,0.242094752698578,0.306861713675862,0.293375791900425,0.248926177157202,-0.113578491647037,-0.0620860910069413,-0.0871972257035505,-0.0335966681059409,-0.244034430110852,-0.129567220970951,-0.179952613624348,-0.197616022828806,-0.0787104372356272,0.056099155914394,-0.166356566502335,0.160851082594181,0.0101389251210298,-0.127201266423476,0.0195295951539627
"Ring.billed.Gull",0.50204647794317,0.743922969041436,1,0.328251288244269,0.275060290921529,0.778811401362926,0.689973334699797,0.577294810061683,0.517541739152846,0.584472211728122,0.476092522566237,0.682836416391205,0.658193434755763,0.756433961439374,0.657093261057908,0.412648105371629,0.379499778823958,0.206250873898851,-0.00321117413366764,0.101529377797176,0.270334637980806,0.0445631187244525,0.469952610971528,0.316493749182089,0.420470575143331,0.380816423524455,0.314657703744174,0.157794609422405,0.324248674923271,0.40004583475383,0.34026680745881,0.392673171981546,0.277150949402883,0.337992866391573,0.509547010436884,0.569185587073204,0.694273445844127,0.658306148138335,0.620742460957216,0.670207896364019,0.648970116888334,0.731405146454551,0.627939410695863,0.691592717088964,0.574241870363654,0.397286117531873,0.45048470964355,0.186783960846552,0.353226391054328,0.426763745126019,0.363239351187618,0.362446720179713,-0.0931834242454894,-0.0799609829675767,-0.114578045279379,-0.0529325386873464,-0.311463860713856,-0.180810805490252,-0.210684148279212,-0.246802609898699,-0.0681473987281448,0.0732510251795251,-0.235806347566287,0.140506705422732,-0.0295295170599049,-0.20126910674295,-0.0135166058061959
"Common.Grackle",0.186062108809699,0.143257761539827,0.328251288244269,1,0.450672544352072,0.243792420066642,0.416292915619616,0.35374079045119,0.38557796035852,0.279615873309499,0.282381009313071,0.395261370049221,0.288027636974039,0.350415539876903,0.418275099939177,0.290631805464838,0.290049406784041,0.223320511042755,-0.0153538832486078,-0.0268522109477461,0.361754617733475,0.0583786386869292,0.346500004034981,0.330807198143866,0.320308233033461,0.324905715113695,0.375712298732959,0.287376430471402,0.3529224515735,0.335595308197327,0.343791996277691,0.248404245530136,0.246301441631742,0.202430422364007,0.275336072802916,0.395121391268973,0.331796796421046,0.312139737603136,0.383766477255533,0.432240217139258,0.371447353452578,0.341700141755504,0.42101139250647,0.392831890429952,0.324192515715105,0.282432708206572,0.313366539077399,0.207842820040382,0.267827635894435,0.222731597541387,0.263252873173765,0.101421514493695,-0.0889790161594358,-0.0721097043164951,0.178949887075383,0.0553341404698476,-0.0650761368421472,0.112495729675987,0.128389825720877,0.0372511169255481,0.0534299152387055,0.230660604093833,0.0314815122924066,0.176214353770906,0.125394952195783,0.0801452666173873,0.331043322773489
"Rusty.Blackbird",0.193245658607834,0.178398996425916,0.275060290921529,0.450672544352072,1,0.242053873104907,0.310781136880069,0.413466932753933,0.310619529129274,0.303039339992456,0.352576813138132,0.330881178806601,0.329590173906317,0.384091926645791,0.446016534840442,0.426393059531971,0.279906849013296,0.215270564511763,0.0615443674572376,-0.0529550087287815,0.269411926819082,0.178604556882692,0.284741112880321,0.308522514695881,0.344647074577693,0.309699443380033,0.293391462100011,0.209168240084955,0.236454345933304,0.24251204681927,0.315411440420924,0.238083430373765,0.204305444525033,0.208829666355288,0.269063040052465,0.363946232047315,0.23771742275559,0.29158978986103,0.350106339874312,0.367207378415951,0.342345833315589,0.338802648920029,0.351571287193213,0.344470198678923,0.288094448941844,0.220893736953666,0.224430098179808,0.0878207580617345,0.125051063023911,0.215127748352368,0.194909124556054,0.33665523113795,-0.0730379864674787,-0.0356749511176829,0.104683953380126,0.0975206507018002,0.0385037071034022,0.120924804417242,0.10401269718469,0.115639389193358,0.108175032462966,0.106943437906565,0.0119603598793188,0.124124060675501,0.118960426449727,0.0200191579710425,0.143790998326628
"Chipping.Sparrow",0.609948579015828,0.656280477887764,0.778811401362926,0.243792420066642,0.242053873104907,1,0.796807223751429,0.688439469486972,0.667586039911957,0.627895535404395,0.610559203289283,0.788613341148416,0.803841400632576,0.867841211155099,0.784766860257165,0.40981230197236,0.484734638126497,0.255254945849468,-0.031835021467843,0.156229870191957,0.179843674938701,0.034809820900155,0.553541237643791,0.329959727809448,0.506662702830254,0.461722604743202,0.369596513438926,0.129660293664964,0.401251420622847,0.415901343864575,0.409502364660728,0.519161973487184,0.373501713213099,0.326746702992993,0.454617673709048,0.584007078085164,0.74004953701503,0.755988790046188,0.760404045443109,0.787760933070755,0.784770496403396,0.82689717968593,0.691326279402479,0.696567595457501,0.6584130848549,0.435740601449745,0.434401685855298,0.161950691492686,0.420876666919412,0.431146413353347,0.505429168857653,0.322987395953096,-0.161849537120771,-0.0905705061435228,-0.127576540635035,-0.0383010185310291,-0.312620450443668,-0.175756834256807,-0.197831127077881,-0.214221222063588,-0.046800660672914,0.151368812170085,-0.238333397162358,0.100404860999082,-0.00679693243489508,-0.192296568898245,0.0202493582291708
"Red.headed.Woodpecker",0.556794070059016,0.478425249844152,0.689973334699797,0.416292915619616,0.310781136880069,0.796807223751429,1,0.680719085169438,0.731941202271339,0.662908050797958,0.651429281475679,0.761623836541607,0.777622169639763,0.813425063361608,0.789082919788455,0.454023858903857,0.506421281273626,0.177486333201862,-0.0170640393240928,0.220743070272477,0.2996605865486,0.160049217142249,0.531292128979943,0.376357322207533,0.526915806706317,0.493854326682541,0.403185164594265,0.202554777295526,0.476031788615993,0.418447456609942,0.43979577431606,0.473695499239256,0.347574820477862,0.334728273535604,0.530128544251875,0.602410526908305,0.772272922961464,0.723209542106288,0.779404447261266,0.799492174171327,0.713767817708671,0.77467233226173,0.701320561009696,0.68995663165141,0.645012205314105,0.474674738393754,0.500832667580785,0.289599378788856,0.494727549076934,0.483081069598551,0.532634817867375,0.234565724803906,-0.0560124293957047,-0.0769544622278625,-0.0782508605299381,-0.026843078467022,-0.273759337881596,-0.171698146517161,-0.174295272456162,-0.214589923194352,-0.0861181251784924,0.123273626737769,-0.190272235121476,0.119177858253508,0.0139055236442365,-0.142947344213434,0.0633713096766407
"Bonaparte.s.Gull",0.470569387508534,0.469064459915859,0.577294810061683,0.35374079045119,0.413466932753933,0.688439469486972,0.680719085169438,1,0.763986583633267,0.685431610452324,0.547241152486188,0.656113235309344,0.686923337766982,0.759980174242291,0.73188492749952,0.390740485082523,0.491741443507756,0.171278006805385,0.249703325758313,0.289683446924481,0.142832738051224,0.16763659283718,0.459788718075072,0.30806938027409,0.448356680656625,0.481116152094421,0.364074027096308,0.203753098829263,0.33407313445297,0.416130751708168,0.41909455944287,0.456924195933958,0.429937263554214,0.375463241339901,0.582190664430938,0.620026981450471,0.73637543147887,0.789864116420368,0.707706498809307,0.682442279233924,0.698129744555115,0.728587005845837,0.68594475794695,0.650733228825619,0.612489649292222,0.600732943848167,0.594576626311399,0.385721113232269,0.499861528269079,0.457275227073884,0.56502455875569,0.114833454809785,-0.14887239638358,-0.09149938393614,-0.100009785597373,-0.0361548494065533,-0.32985232153783,-0.114078043728042,-0.238586901799214,-0.285105662610892,-0.0764737629091879,0.12223735488354,-0.214837376880913,0.0624131073334258,-0.0138664540400322,-0.16330161060973,0.0710015843285559
"Bufflehead",0.399592317156845,0.351197114583986,0.517541739152846,0.38557796035852,0.310619529129274,0.667586039911957,0.731941202271339,0.763986583633267,1,0.773104468998766,0.582104599829166,0.650566757919886,0.667720762932565,0.714818856980276,0.703226153427905,0.48826107659721,0.508314841443975,0.196362490849526,0.1077939609667,0.324670234309797,0.269509467350037,0.263059952454048,0.501470584749446,0.293892628374757,0.507144927534711,0.541520679012812,0.394640412004204,0.305158163855428,0.422223572282195,0.405515869137834,0.436353067349974,0.49765368956078,0.363272451665771,0.400851278275118,0.633846928431012,0.618608207087322,0.781492078139574,0.732368239338334,0.7276034199282,0.667863929012949,0.733814502419637,0.715103407083166,0.678458804731203,0.628997330005495,0.644874393660014,0.574405339656325,0.624394623681225,0.412183984125251,0.550707427522363,0.585230367102537,0.641240929414373,0.108837989508169,0.173034670160335,0.206304176744335,-0.110305246996629,-0.0561035221694387,-0.225206430786339,-0.180396374249693,-0.291789895722715,-0.346477496077065,-0.116530827342521,0.0993232533909324,-0.261453417343258,0.0143309884173897,0.0162588177877907,-0.111570077652899,0.0680412744469663
"Hermit.Thrush",0.41206145406471,0.388548730718829,0.584472211728122,0.279615873309499,0.303039339992456,0.627895535404395,0.662908050797958,0.685431610452324,0.773104468998766,1,0.679043442471875,0.679365007701301,0.719689772768149,0.759668120494596,0.770754811894795,0.62460987349024,0.756841939735886,0.301248223184497,0.172960085008856,0.283426619386654,0.272840630101446,0.429117544451616,0.607731724258871,0.502200938628364,0.681930192946371,0.689837263932711,0.593436938138505,0.496570905027094,0.477937525418181,0.546350968516727,0.574055218473668,0.56783122413994,0.528413455043462,0.573978059130131,0.641113463598154,0.679184634342818,0.730064193774177,0.773876045407469,0.798716554980452,0.731016509482941,0.789099148550832,0.792700058321059,0.737447149936482,0.722386247481428,0.743161056837927,0.585152016034743,0.60181403547468,0.505677252827083,0.578634525513861,0.612166310944882,0.642634802643579,0.163670911623917,0.204740046603717,0.212208716048415,-0.00546229187175488,-0.0233079587659877,-0.1114891923184,-0.0623595576098707,-0.133655488863501,-0.180743308275777,-0.0289932084834713,0.224449560306186,-0.0684994502648955,0.25630354859226,0.202473811809297,0.116714956332973,0.23625717623585
"Hairy.Woodpecker",0.361037881063397,0.33394329363388,0.476092522566237,0.282381009313071,0.352576813138132,0.610559203289283,0.651429281475679,0.547241152486188,0.582104599829166,0.679043442471875,1,0.777066628241021,0.855583441582667,0.802627044281905,0.841033986291047,0.665649945323703,0.672605604844992,0.252952444771219,0.1268392794743,0.243340031326957,0.272942734394128,0.386387989611316,0.814495856741347,0.710516655187977,0.769848977220513,0.694378531672411,0.7118941103456,0.538777954816978,0.608740807840809,0.621421637166426,0.684674466151121,0.585070862730073,0.517413860684418,0.562467968136375,0.498934407744067,0.579596023030818,0.614518216278703,0.719900057877986,0.872815065849562,0.842010728179754,0.784755341702949,0.789719780976593,0.744885101443342,0.744735285523913,0.784311573606814,0.537404936869733,0.51735504654286,0.400573559899539,0.522020625639763,0.604652330992686,0.614051208181187,0.236459693715964,-0.0492015234640942,-0.0291699885296482,0.187179908016584,0.0673930627702275,0.167111285315156,0.191893944500956,0.230449429147,0.183009502670726,0.159275121278868,0.297277613067952,0.154721915805039,0.291404126804463,0.391963836490701,0.175788664297072,0.370143845376104
"Brown.Thrasher",0.529278003787908,0.502738034131032,0.682836416391205,0.395261370049221,0.330881178806601,0.788613341148416,0.761623836541607,0.656113235309344,0.650566757919886,0.679365007701301,0.777066628241021,1,0.864899783155823,0.869296855200227,0.87630934700119,0.580478170210181,0.654217570324258,0.260814482611936,0.0624082621917942,0.174937258306135,0.304718043624325,0.318430488847154,0.822450443643884,0.702733618459769,0.72598227687908,0.676419180113812,0.699910491308755,0.518777580657254,0.689619399861502,0.633507368117724,0.67511318076446,0.5610219595788,0.496978210320718,0.496649899891088,0.551798408910341,0.695769793748878,0.745178331918855,0.783291850359738,0.881782632414939,0.898980920563449,0.860500255451402,0.879128887774301,0.802065346986849,0.804021749875406,0.816941312974703,0.516297331203425,0.565613362831853,0.383905688348931,0.493594070503898,0.644471330694774,0.643333405835363,0.296377690223236,-0.192550163616576,-0.144156952594671,0.17454570531363,0.107298498668206,-0.0537354584210513,0.119576432639777,0.0422736504497921,0.145507165365333,0.149673061908217,0.258561494571451,0.0678583045293367,0.348400832043689,0.305733111848275,0.135334572262017,0.358647763346776
"White.breasted.Nuthatch",0.497338669638383,0.536870355145495,0.658193434755763,0.288027636974039,0.329590173906317,0.803841400632576,0.777622169639763,0.686923337766982,0.667720762932565,0.719689772768149,0.855583441582667,0.864899783155823,1,0.914352618969733,0.894272827066106,0.6397948214789,0.612381459459928,0.255694324918307,0.0177659569142594,0.265162692033554,0.264303868007444,0.346249075922899,0.773712138059702,0.600455537139693,0.713077128521946,0.634365494637003,0.597816299852273,0.408218665641766,0.506293278425248,0.551814210851715,0.592572385342143,0.516817744160044,0.442834314873136,0.518315970034759,0.583916725231512,0.660413767690831,0.74045978438419,0.786022600535062,0.890849512762474,0.869989565891785,0.839943724390939,0.891388405958372,0.769269275158564,0.773638984675719,0.797459986181931,0.532711187445483,0.479382478423548,0.333467379171994,0.529238081816178,0.570444761387538,0.61545596377913,0.255473120925051,-0.0665881937029708,-0.02199615944104,0.0378523834011363,-0.0382150281213729,-0.0126768285137644,0.0432815024490959,0.0617402626451648,-0.0122923839777217,0.0219130756390072,0.151307090171486,-0.0730148993718452,0.189596083433425,0.205581023021544,0.00606185052147468,0.173815253942118
"Brown.headed.Nuthatch",0.583434383824994,0.633116868810887,0.756433961439374,0.350415539876903,0.384091926645791,0.867841211155099,0.813425063361608,0.759980174242291,0.714818856980276,0.759668120494596,0.802627044281905,0.869296855200227,0.914352618969733,1,0.915460898077021,0.626647596491588,0.636062730274005,0.301618161464367,0.035462127959223,0.267029292128873,0.34176848029709,0.344998713299213,0.736240654043284,0.569353326999773,0.662553521393036,0.661828788666967,0.583753856854922,0.376482657756973,0.549321427446798,0.593604416950366,0.596748049695453,0.583293853531219,0.474215926585799,0.522606590330376,0.611101194528299,0.692084941054899,0.825290195638488,0.845258223699688,0.905212695449431,0.916913821995149,0.898009905560164,0.922527848357163,0.843661460748913,0.835915488090419,0.825367518036905,0.58443625975426,0.605468283831776,0.393098097068917,0.559329719516611,0.630774562604555,0.655651263426787,0.301977101380663,-0.131840661152574,-0.0943809946086153,0.0113531180572302,-0.00575391421203936,-0.177189239324894,0.0023027867519711,-0.0611208354455134,-0.0696443383297406,0.060584262862391,0.201030209043126,-0.12551554253506,0.212302784377154,0.189471543447655,-0.0536455162470248,0.177318027282328
"Yellow.bellied.Sapsucker",0.541303988595951,0.488597485690399,0.657093261057908,0.418275099939177,0.446016534840442,0.784766860257165,0.789082919788455,0.73188492749952,0.703226153427905,0.770754811894795,0.841033986291047,0.87630934700119,0.894272827066106,0.915460898077021,1,0.648882861733787,0.687501263737183,0.32139097673287,0.0793589980083197,0.213943102901846,0.308953346397504,0.397244664840378,0.777436657939247,0.659381749702824,0.743973525899635,0.692924252445186,0.686120827748963,0.473853058530699,0.624410897809111,0.635349883921223,0.68203361248841,0.666159704572209,0.592058089410053,0.616749687485672,0.630540393709869,0.733138417083472,0.760711128116427,0.844647129340483,0.917956993591915,0.930701949704974,0.884359776843074,0.904133876248505,0.838644511303683,0.843961946031694,0.830573267222779,0.596948424951764,0.589935390453008,0.44952165112365,0.569566537244906,0.630065132730232,0.705162287979354,0.257767641228676,-0.206004068132313,-0.142282493527962,0.156711058795059,0.0873354987495441,-0.0880058145875557,0.0882557282072544,0.0679289814719681,0.0575144206630223,0.0739296202081833,0.256402084666587,-0.00563252193895253,0.254785021496461,0.280092055234705,0.0716389647133504,0.289943026322435
"Fox.Sparrow",0.261911274074088,0.241365901682061,0.412648105371629,0.290631805464838,0.426393059531971,0.40981230197236,0.454023858903857,0.390740485082523,0.48826107659721,0.62460987349024,0.665649945323703,0.580478170210181,0.6397948214789,0.626647596491588,0.648882861733787,1,0.623037543526029,0.290231485304638,0.171079453587436,0.227951425706524,0.363525124173074,0.474543113411584,0.650708270335858,0.501322714875375,0.556092200396545,0.648902960851152,0.58512265378985,0.541799888907538,0.432014511322469,0.444939405582054,0.45284744345005,0.376549820764189,0.347914676985187,0.445467421085675,0.57396086985502,0.466031423224252,0.480265103983045,0.486465044213443,0.617053396253547,0.601156930409241,0.601254386646121,0.608118197024933,0.499318884184479,0.531550237177874,0.564712631088781,0.396444274560548,0.358670052605784,0.265780787853307,0.373118990260332,0.468067380373216,0.438619780529151,0.200081773785352,0.232018108253415,0.201751235253567,0.180708011601615,-0.0070550292224347,0.18375835706965,0.088920304569873,0.142924635506498,0.117538463105411,0.082390745338079,0.0998689335813617,-0.0281999442667969,0.215852251574334,0.348734323662404,0.107603868393777,0.19883110282284
"Swamp.Sparrow",0.236074536086229,0.29266246005305,0.379499778823958,0.290049406784041,0.279906849013296,0.484734638126497,0.506421281273626,0.491741443507756,0.508314841443975,0.756841939735886,0.672605604844992,0.654217570324258,0.612381459459928,0.636062730274005,0.687501263737183,0.623037543526029,1,0.338989003973445,0.281648733753913,0.198358039221547,0.232471417931841,0.545642738004688,0.666125770841787,0.645300540960017,0.688650103885025,0.815668485857117,0.744946127999262,0.604630845472429,0.657531262721536,0.701263538384978,0.669733804456893,0.620500203179774,0.577403210379147,0.664906379543031,0.58287753257884,0.631169410434811,0.576811867679693,0.679447505864871,0.757992621639182,0.738326388998408,0.738416202635098,0.723037952237358,0.687952457149647,0.721557208801267,0.761096810371203,0.580903249995022,0.530922956641925,0.57499268221504,0.528599545304508,0.610718537041351,0.631526349172961,0.224923672085406,0.0191405701548786,0.0279709578548929,0.15492904521981,0.0747087457307094,-0.0239180120746764,0.20075065646114,0.106545912462452,0.149424844670448,0.201625908284724,0.362346035743353,0.113505078146215,0.50102277788226,0.48425788932743,0.300032522970953,0.473431029815789
"American.Pipit",0.106326464305821,0.307912806656809,0.206250873898851,0.223320511042755,0.215270564511763,0.255254945849468,0.177486333201862,0.171278006805385,0.196362490849526,0.301248223184497,0.252952444771219,0.260814482611936,0.255694324918307,0.301618161464367,0.32139097673287,0.290231485304638,0.338989003973445,1,0.218887460952604,0.0442679516781783,0.295008623538174,0.141702262637383,0.297599768047957,0.329155297284715,0.209203432465439,0.299158318924274,0.268198124789441,0.26110949523788,0.230425266376407,0.38043684220004,0.358023623777492,0.279009589205891,0.334853578607228,0.494805119966378,0.291137407369132,0.372959920318375,0.256487809292229,0.347895584733673,0.297853435080792,0.321713476908497,0.383702812102317,0.35340490076167,0.390709945007492,0.379906512297498,0.386682968242889,0.465565909637479,0.220985752822084,0.212239084941343,0.350053924141937,0.258195855191403,0.361184098940822,0.108720364650084,0.00318650504177204,0.0872334332963425,0.188964390423256,-0.0147205010807499,0.00139682637599627,-0.0580294136694769,-0.0260320300379809,0.028876271502446,0.103677637061064,0.219464525814031,0.096368922739664,0.26290473499029,0.183205347644181,0.214468695632852,0.183894996601892
"gull.sp.",-0.0749015178392938,0.0127494946751652,-0.00321117413366764,-0.0153538832486078,0.0615443674572376,-0.031835021467843,-0.0170640393240928,0.249703325758313,0.1077939609667,0.172960085008856,0.1268392794743,0.0624082621917942,0.0177659569142594,0.035462127959223,0.0793589980083197,0.171079453587436,0.281648733753913,0.218887460952604,1,0.0407351556487672,-0.0356293290180573,0.133547262173331,0.165506507201519,0.21725649667967,0.0604559158325619,0.219071105033646,0.191808349888976,0.327683391063655,0.152674099347197,0.201126777460003,0.238792142059376,0.139781105020276,0.212321848111905,0.190024053432163,0.376508383186485,0.122303327266614,0.203268749638016,0.243964205624219,0.115497744393264,0.106159358463527,0.180898946600455,0.138505965180614,0.203369820028672,0.216117411654331,0.21288072447288,0.484777815532542,0.379421200331076,0.434075628920501,0.202815901027899,0.248461459722045,0.215399508360409,-0.0471167099322348,-0.00914801027269099,-0.0372570264245367,0.0353064041629581,-0.0280120739569088,-0.064207480135453,0.0372281267276097,-0.0543460568486188,-0.114253184894322,-0.0487205323793817,0.0550165773407513,0.0944576216172916,0.0519665256860239,0.150179391033852,0.0999637839992462,0.265552018797676
"Ring.necked.Duck",0.0183546918508846,0.145084253338717,0.101529377797176,-0.0268522109477461,-0.0529550087287815,0.156229870191957,0.220743070272477,0.289683446924481,0.324670234309797,0.283426619386654,0.243340031326957,0.174937258306135,0.265162692033554,0.267029292128873,0.213943102901846,0.227951425706524,0.198358039221547,0.0442679516781783,0.0407351556487672,1,0.215716330534102,0.2745186550978,0.166111827940946,0.14596369275224,0.207743254103701,0.230717965684114,0.122940441076283,0.158842141119944,0.111621172273388,0.239201092169607,0.173736015729139,0.197236967021134,0.230525634154076,0.315369581578837,0.393603898317596,0.193780062148956,0.329964840499929,0.308965702337137,0.273693388848999,0.244056631894448,0.283306738161961,0.289695046859118,0.255620563576821,0.219478652013424,0.308950709259122,0.26971097563347,0.339539387659281,0.255191297608002,0.438554159597568,0.359724758270301,0.408282742301899,0.00341356765118806,0.214481500418892,0.0692471868967161,-0.0780688158014012,0.0263646825378084,-0.105342447576382,-0.0183821422607507,-0.0926708502447525,-0.185149554210544,-0.103346486273279,0.00644795255753151,-0.0245476657323146,-0.0365347346092006,0.0420990512721107,-0.0319329809278953,-0.0302610144253896
"American.Coot",0.0870359519599349,0.209935187877368,0.270334637980806,0.361754617733475,0.269411926819082,0.179843674938701,0.2996605865486,0.142832738051224,0.269509467350037,0.272840630101446,0.272942734394128,0.304718043624325,0.264303868007444,0.34176848029709,0.308953346397504,0.363525124173074,0.232471417931841,0.295008623538174,-0.0356293290180573,0.215716330534102,1,0.388671829021088,0.331041139673065,0.362040821503423,0.24180840895117,0.306368259252311,0.247685680893665,0.302961353408767,0.246537346627604,0.438448783940624,0.359931420144254,0.238756329846003,0.307777907385268,0.314154335468615,0.407193054342144,0.537450557358334,0.363850980864015,0.273281653003359,0.366013302648854,0.351941243025923,0.375096558485352,0.399617291390649,0.415440350044883,0.418417155092789,0.418395085677297,0.339041677973693,0.32876174270026,0.279561031854654,0.237447956542636,0.339991129945191,0.287597399991114,0.188484133413929,-0.014104131754879,-0.0335368080834653,-0.0308916923374364,0.0452431984826741,-0.13117446692311,-0.0218254056195508,-0.0900347190790253,-0.0514469548538211,-0.0427425293468941,0.0691395666897082,-0.0169405655542104,0.198587980230674,0.102610080029666,0.0715478704380611,0.106418775558123
"Pacific.Winter.Wren",-0.0607905829911516,-0.0103387336571396,0.0445631187244525,0.0583786386869292,0.178604556882692,0.034809820900155,0.160049217142249,0.16763659283718,0.263059952454048,0.429117544451616,0.386387989611316,0.318430488847154,0.346249075922899,0.344998713299213,0.397244664840378,0.474543113411584,0.545642738004688,0.141702262637383,0.133547262173331,0.2745186550978,0.388671829021088,1,0.399919404090293,0.49286120564058,0.409360190897808,0.520811793149816,0.471505227000576,0.502441155952318,0.34923824980218,0.509681594089637,0.513257324608117,0.344707288373597,0.326651046574978,0.645410514399261,0.51511733244466,0.380651595271711,0.402033494661904,0.382460173680358,0.419567714270186,0.411810623151596,0.461671181243058,0.400404215668612,0.43738377461046,0.455060242613337,0.495839065117335,0.386939656976064,0.41424648303801,0.620032171485889,0.360775724339835,0.570435532425174,0.561356185516746,-0.068059252587312,-0.0523978473684234,-0.0285973582833255,0.137105180923021,0.0297066796280234,-0.013397898087688,0.179759361499955,0.0213484351606094,0.0878940943581451,0.131080564232191,0.112228700113305,0.0532230448404257,0.13185582868911,0.318021876123333,0.148144773915932,0.271248269654174
"Northern.Cardinal",0.317399954746931,0.376226873885801,0.469952610971528,0.346500004034981,0.284741112880321,0.553541237643791,0.531292128979943,0.459788718075072,0.501470584749446,0.607731724258871,0.814495856741347,0.822450443643884,0.773712138059702,0.736240654043284,0.777436657939247,0.650708270335858,0.666125770841787,0.297599768047957,0.165506507201519,0.166111827940946,0.331041139673065,0.399919404090293,1,0.861894053733422,0.810315479894452,0.784332361925769,0.855826634409072,0.747487989664273,0.769030020166488,0.735614972671442,0.797972841459593,0.481309267945948,0.544892132269311,0.537496804261889,0.491682821853727,0.636370532195588,0.584926531023841,0.645538947100662,0.830902280807916,0.824748287580346,0.812262092897358,0.795102962953928,0.751901251528633,0.791609176169089,0.834944069132031,0.518382379330192,0.534717233248144,0.48514931970368,0.461661234343832,0.681322910314039,0.585935621374115,0.288722660326425,-0.0653619504758951,-0.026253921244472,0.355101584081862,0.0742085297802536,0.294476047868428,0.329904911182087,0.346661927212756,0.357873084897237,0.244792895263245,0.328290042671837,0.281620767362483,0.439304865038218,0.57352433015951,0.404236518090755,0.597383565576038
"Northern.Mockingbird",0.237049486367129,0.260711467918875,0.316493749182089,0.330807198143866,0.308522514695881,0.329959727809448,0.376357322207533,0.30806938027409,0.293892628374757,0.502200938628364,0.710516655187977,0.702733618459769,0.600455537139693,0.569353326999773,0.659381749702824,0.501322714875375,0.645300540960017,0.329155297284715,0.21725649667967,0.14596369275224,0.362040821503423,0.49286120564058,0.861894053733422,1,0.789832980376487,0.776064937295887,0.871625286537408,0.827610834162915,0.786163253213383,0.792683639409799,0.832615716354635,0.46708158513055,0.563203890106794,0.608247729076449,0.396901167568555,0.595319254084993,0.43356661077021,0.55282656275622,0.716625268623707,0.731115525908197,0.702339216956181,0.675827813184173,0.705141257225684,0.732206742473274,0.786103072666409,0.505095117470149,0.54431817816834,0.586467534878101,0.447287583396398,0.685898637874401,0.580892420061089,0.292326714075932,-0.137905427295097,-0.104749246542405,0.442821540015217,0.164294503315293,0.304017572086526,0.426863980421903,0.418078047571764,0.486355282696203,0.330483440425494,0.408380633334076,0.501019862522894,0.562208635512085,0.682759518441757,0.597327140646968,0.73144890737227
"Brown.Creeper",0.346516752620288,0.32218068071739,0.420470575143331,0.320308233033461,0.344647074577693,0.506662702830254,0.526915806706317,0.448356680656625,0.507144927534711,0.681930192946371,0.769848977220513,0.72598227687908,0.713077128521946,0.662553521393036,0.743973525899635,0.556092200396545,0.688650103885025,0.209203432465439,0.0604559158325619,0.207743254103701,0.24180840895117,0.409360190897808,0.810315479894452,0.789832980376487,1,0.793166695026875,0.840068546218266,0.663464940389328,0.739046750308295,0.658418915181818,0.748104008389965,0.539921620023456,0.536742956690034,0.572055520501725,0.400776492075596,0.641112627049814,0.509111948544704,0.61205973427111,0.823219334709322,0.792640082630246,0.784200196745589,0.743860731830094,0.736149828165504,0.745434313639111,0.821568793767081,0.476876850864616,0.52685087701534,0.519278689680185,0.474337611796146,0.647882962072399,0.589013987266521,0.18098488269147,0.0550177634767412,0.0404065984576846,0.224320375717306,0.255008205352757,0.195895603461595,0.327098356298914,0.286750110703502,0.308606431122199,0.204174750451961,0.393917910516518,0.325864942947157,0.500031691379631,0.553904776779813,0.46699093043832,0.6173138791906
"Song.Sparrow",0.265031085391659,0.322843418359257,0.380816423524455,0.324905715113695,0.309699443380033,0.461722604743202,0.493854326682541,0.481116152094421,0.541520679012812,0.689837263932711,0.694378531672411,0.676419180113812,0.634365494637003,0.661828788666967,0.692924252445186,0.648902960851152,0.815668485857117,0.299158318924274,0.219071105033646,0.230717965684114,0.306368259252311,0.520811793149816,0.784332361925769,0.776064937295887,0.793166695026875,1,0.883042385759313,0.722404983362145,0.754923319217148,0.759141231363477,0.753673063125202,0.566533545376491,0.56922580789492,0.642227745401738,0.515402789798203,0.641373584364254,0.604930297231431,0.64802665328997,0.773916641077912,0.774687693670558,0.768716839518932,0.742512780369117,0.740301283224268,0.75880391605567,0.822346733002714,0.606374779605858,0.649543538263811,0.62774571778827,0.490995153223183,0.717872181707274,0.64557313463869,0.257758949009226,0.0868460526175047,0.0232593841795066,0.240599144843989,0.1228128345114,0.104917857762601,0.330753716718742,0.231182220955021,0.239591581991066,0.206693628574833,0.333607929168699,0.229477085419036,0.523422467671064,0.711997407999647,0.398810465098442,0.568936863653727
"White.throated.Sparrow",0.297978701580336,0.231678404647747,0.314657703744174,0.375712298732959,0.293391462100011,0.369596513438926,0.403185164594265,0.364074027096308,0.394640412004204,0.593436938138505,0.7118941103456,0.699910491308755,0.597816299852273,0.583753856854922,0.686120827748963,0.58512265378985,0.744946127999262,0.268198124789441,0.191808349888976,0.122940441076283,0.247685680893665,0.471505227000576,0.855826634409072,0.871625286537408,0.840068546218266,0.883042385759313,1,0.829389864368519,0.823498912269394,0.73834730300198,0.792338815095926,0.506810938021794,0.594951989196091,0.602104129787388,0.413924068442948,0.613504756909476,0.442413630453481,0.552323995767508,0.738463393644211,0.738751953476591,0.708462776031281,0.670918908346002,0.669541050244412,0.706797926435205,0.773506062358112,0.466683240411226,0.499274380231024,0.553387317664216,0.393980144635599,0.636939855461024,0.555080848146745,0.198458647055014,-0.00622004649244546,-0.0358773975724848,0.406778236680166,0.210581123110639,0.308759465159525,0.454204386162633,0.396760942773034,0.485495998489382,0.301280561075715,0.446425269705322,0.439994328875466,0.619360923200062,0.76570013983564,0.587320158270322,0.730954108082713
"Dark.eyed.Junco..Slate.colored.",0.0731799671365264,0.0886415564894915,0.157794609422405,0.287376430471402,0.209168240084955,0.129660293664964,0.202554777295526,0.203753098829263,0.305158163855428,0.496570905027094,0.538777954816978,0.518777580657254,0.408218665641766,0.376482657756973,0.473853058530699,0.541799888907538,0.604630845472429,0.26110949523788,0.327683391063655,0.158842141119944,0.302961353408767,0.502441155952318,0.747487989664273,0.827610834162915,0.663464940389328,0.722404983362145,0.829389864368519,1,0.735606268327868,0.735074061463768,0.719311055268489,0.338285136431306,0.507841643718892,0.542997364455348,0.409658393820382,0.500210273673222,0.348357262645192,0.383415781508558,0.558525157084433,0.542964883220225,0.558843010655486,0.507279842370982,0.538429098027492,0.578857700721049,0.668083457979527,0.446462477508199,0.521971702433921,0.577619330706806,0.384003203722067,0.652422606054452,0.486148048653549,0.168430523074316,0.0602987902842106,0.147179861306033,0.429924178188231,0.115802711489128,0.397656290149342,0.425758057114132,0.367652505485025,0.427174753169956,0.223902530752283,0.307356152869887,0.475162993357567,0.54420484679049,0.676690885491313,0.687364721837006,0.732251092696169
"Blue.Jay",0.321394231573666,0.234018935541704,0.324248674923271,0.3529224515735,0.236454345933304,0.401251420622847,0.476031788615993,0.33407313445297,0.422223572282195,0.477937525418181,0.608740807840809,0.689619399861502,0.506293278425248,0.549321427446798,0.624410897809111,0.432014511322469,0.657531262721536,0.230425266376407,0.152674099347197,0.111621172273388,0.246537346627604,0.34923824980218,0.769030020166488,0.786163253213383,0.739046750308295,0.754923319217148,0.823498912269394,0.735606268327868,1,0.758479227090834,0.776849980888243,0.528471297831634,0.561294534682792,0.499426043769507,0.391958558699588,0.567231171566035,0.496453841543847,0.504171451674322,0.709758637833985,0.751726157149544,0.68159926400756,0.641635066615506,0.68763325848457,0.724607633326975,0.750636291361635,0.48830087072616,0.621132736043409,0.619381461632134,0.439719522800839,0.665089218957882,0.555635318354449,0.210619329183107,-0.127116428914256,-0.108361789160373,0.357839312591039,0.163221020936422,0.123070157127232,0.304398655887347,0.213078481934381,0.395068152789737,0.269665899854298,0.433365766038444,0.406604377808327,0.611616176463521,0.632463958336382,0.546833519097955,0.699385944590837
"American.Goldfinch",0.0973353027658017,0.282968427546204,0.40004583475383,0.335595308197327,0.24251204681927,0.415901343864575,0.418447456609942,0.416130751708168,0.405515869137834,0.546350968516727,0.621421637166426,0.633507368117724,0.551814210851715,0.593604416950366,0.635349883921223,0.444939405582054,0.701263538384978,0.38043684220004,0.201126777460003,0.239201092169607,0.438448783940624,0.509681594089637,0.735614972671442,0.792683639409799,0.658418915181818,0.759141231363477,0.73834730300198,0.735074061463768,0.758479227090834,1,0.838898582880767,0.518061462221165,0.649267802903825,0.704658798281148,0.496628422371015,0.67768092819906,0.585376576810865,0.638634022666291,0.738700444326291,0.744011687969122,0.745004324407215,0.719727485158895,0.793026641802551,0.82144162258265,0.83168533201873,0.682245864487031,0.686242952121191,0.688714925702049,0.560521470440583,0.744133678231018,0.651272101211383,0.315055040538645,-0.175925919673647,-0.168304908200573,0.259158809034284,0.0349733866334285,-0.0169751090035068,0.273341854513244,0.178191285484426,0.234262497672341,0.135404137299393,0.310885381930646,0.331646177181269,0.567506228131976,0.602105370018741,0.443379272123104,0.621330638697665
"Northern.Flicker..Yellow.shafted.",0.207085966928688,0.238311235939613,0.34026680745881,0.343791996277691,0.315411440420924,0.409502364660728,0.43979577431606,0.41909455944287,0.436353067349974,0.574055218473668,0.684674466151121,0.67511318076446,0.592572385342143,0.596748049695453,0.68203361248841,0.45284744345005,0.669733804456893,0.358023623777492,0.238792142059376,0.173736015729139,0.359931420144254,0.513257324608117,0.797972841459593,0.832615716354635,0.748104008389965,0.753673063125202,0.792338815095926,0.719311055268489,0.776849980888243,0.838898582880767,1,0.553179861571192,0.603978855535834,0.689384465044586,0.478044334782096,0.607620386888024,0.571090571313317,0.665471266890094,0.760760114233908,0.765893532511523,0.773091461046993,0.704885070627774,0.814121103409109,0.784779432915314,0.817272555816817,0.654983486946189,0.693776731361306,0.68849737514773,0.572211039383404,0.72698482593508,0.684363503474087,0.262641109849304,-0.187027140870435,-0.18879741820688,0.291507451823059,-0.0394419727380674,0.130441237917067,0.261248056001533,0.277289618469671,0.278896266576226,0.279944004301154,0.465128127516341,0.318745598171003,0.453700651427095,0.579631787253689,0.422436172544456,0.658766576771411
"American.Robin",0.328969802869617,0.286578419420189,0.392673171981546,0.248404245530136,0.238083430373765,0.519161973487184,0.473695499239256,0.456924195933958,0.49765368956078,0.56783122413994,0.585070862730073,0.5610219595788,0.516817744160044,0.583293853531219,0.666159704572209,0.376549820764189,0.620500203179774,0.279009589205891,0.139781105020276,0.197236967021134,0.238756329846003,0.344707288373597,0.481309267945948,0.46708158513055,0.539921620023456,0.566533545376491,0.506810938021794,0.338285136431306,0.528471297831634,0.518061462221165,0.553179861571192,1,0.647373178175991,0.666833684584388,0.473360655214989,0.501120849292304,0.579679273682844,0.70280216490139,0.660173237899487,0.678320718126284,0.660484742581909,0.629004762032215,0.659937458390751,0.64576346239968,0.657483883166493,0.540826417682026,0.595258215825985,0.519096658974333,0.507720656789251,0.509975550101782,0.64164417684244,0.18568161854581,-0.139349079064725,-0.10415922004007,0.0776524812343273,0.148375471724228,-0.193770862441586,0.0465795000579318,-0.0693001762550845,-0.0437695200129739,0.105105214078075,0.518704060558231,0.0447246343234082,0.269588465823094,0.244456316611212,0.0977963679346458,0.291601192229754
"Cedar.Waxwing",0.270373298831595,0.17840863051291,0.277150949402883,0.246301441631742,0.204305444525033,0.373501713213099,0.347574820477862,0.429937263554214,0.363272451665771,0.528413455043462,0.517413860684418,0.496978210320718,0.442834314873136,0.474215926585799,0.592058089410053,0.347914676985187,0.577403210379147,0.334853578607228,0.212321848111905,0.230525634154076,0.307777907385268,0.326651046574978,0.544892132269311,0.563203890106794,0.536742956690034,0.56922580789492,0.594951989196091,0.507841643718892,0.561294534682792,0.649267802903825,0.603978855535834,0.647373178175991,1,0.732830259624781,0.454407323500904,0.553472557987319,0.462310421247993,0.58841164949349,0.629382893990027,0.607660368724538,0.60193516005341,0.597156412428228,0.61157631718867,0.64109389056383,0.675612623217858,0.544268559179222,0.531898900611292,0.567571321361791,0.417874447199459,0.463400719221035,0.50902615127099,0.139616979522665,-0.0928474424020332,-0.0591359550827878,0.19225472332107,0.146377746894478,-0.0313134809600931,0.185422676620861,0.0965428957957562,0.120200967611036,0.014935780714007,0.346985305704645,0.240588565023454,0.44707469130375,0.39376071347877,0.307316574649519,0.432320577996906
"Yellow.rumped.Warbler..Myrtle.",0.132893844292025,0.281789660267599,0.337992866391573,0.202430422364007,0.208829666355288,0.326746702992993,0.334728273535604,0.375463241339901,0.400851278275118,0.573978059130131,0.562467968136375,0.496649899891088,0.518315970034759,0.522606590330376,0.616749687485672,0.445467421085675,0.664906379543031,0.494805119966378,0.190024053432163,0.315369581578837,0.314154335468615,0.645410514399261,0.537496804261889,0.608247729076449,0.572055520501725,0.642227745401738,0.602104129787388,0.542997364455348,0.499426043769507,0.704658798281148,0.689384465044586,0.666833684584388,0.732830259624781,1,0.61547870403407,0.607473097266687,0.580264469878213,0.674967322172801,0.653241685405269,0.641664264319553,0.68270412729591,0.656470347068463,0.705173347191186,0.7174169655585,0.752128243025748,0.691060417351693,0.591970974044195,0.686974961603484,0.633008248819757,0.664014464863733,0.739382036877153,0.105626905510382,-0.114144687401099,-0.0716745098437939,0.245253444937285,0.055477439733467,-0.0968317299714325,0.106605936770212,0.021893502766092,0.0105132646755744,0.0245749221290618,0.301794223087954,0.12878987701888,0.3072923021201,0.3814040330696,0.23254816055315,0.36784281450207
"Hooded.Merganser",0.210131888324262,0.390697917854973,0.509547010436884,0.275336072802916,0.269063040052465,0.454617673709048,0.530128544251875,0.582190664430938,0.633846928431012,0.641113463598154,0.498934407744067,0.551798408910341,0.583916725231512,0.611101194528299,0.630540393709869,0.57396086985502,0.58287753257884,0.291137407369132,0.376508383186485,0.393603898317596,0.407193054342144,0.51511733244466,0.491682821853727,0.396901167568555,0.400776492075596,0.515402789798203,0.413924068442948,0.409658393820382,0.391958558699588,0.496628422371015,0.478044334782096,0.473360655214989,0.454407323500904,0.61547870403407,1,0.674984765044194,0.777490224526572,0.679724401421063,0.626873133269026,0.629309527590811,0.671249905496875,0.729972204509425,0.662639484993009,0.718989302557421,0.67630116719272,0.705294494842731,0.625175716662687,0.574206066325564,0.581044724829406,0.612052587470501,0.618205730101174,0.0534129930530439,-0.0705226047179353,-0.0181901375848749,-0.0214461953098732,-0.0551006639627855,-0.321325845544177,-0.112851162943985,-0.263850683232369,-0.300084289199491,-0.0995569823925614,0.0600804405253583,-0.208854577322856,0.0331930591597512,0.0418133073099006,-0.119093894920779,0.0983318576045499
"Pied.billed.Grebe",0.475308775760431,0.508724826884966,0.569185587073204,0.395121391268973,0.363946232047315,0.584007078085164,0.602410526908305,0.620026981450471,0.618608207087322,0.679184634342818,0.579596023030818,0.695769793748878,0.660413767690831,0.692084941054899,0.733138417083472,0.466031423224252,0.631169410434811,0.372959920318375,0.122303327266614,0.193780062148956,0.537450557358334,0.380651595271711,0.636370532195588,0.595319254084993,0.641112627049814,0.641373584364254,0.613504756909476,0.500210273673222,0.567231171566035,0.67768092819906,0.607620386888024,0.501120849292304,0.553472557987319,0.607473097266687,0.674984765044194,1,0.723136973634722,0.727596407964394,0.787783051509043,0.756895234644642,0.795428435046612,0.834143229216369,0.7775587747857,0.825839011591743,0.821146327605833,0.673500715674473,0.587833679580366,0.526660644696584,0.508987419092327,0.646306903527098,0.626998058200481,0.060156838286042,-0.161893959243651,-0.125468640092251,0.0582151462636462,0.0419480796618404,-0.228953109665586,0.0320853333595842,-0.104461749601403,-0.0660940045359145,-0.000597772684486437,0.244174054482939,0.0645480678468742,0.401016176178461,0.244153378197688,0.196047179087028,0.326542585837365
"Eastern.Towhee",0.38615768834739,0.558312693974704,0.694273445844127,0.331796796421046,0.23771742275559,0.74004953701503,0.772272922961464,0.73637543147887,0.781492078139574,0.730064193774177,0.614518216278703,0.745178331918855,0.74045978438419,0.825290195638488,0.760711128116427,0.480265103983045,0.576811867679693,0.256487809292229,0.203268749638016,0.329964840499929,0.363850980864015,0.402033494661904,0.584926531023841,0.43356661077021,0.509111948544704,0.604930297231431,0.442413630453481,0.348357262645192,0.496453841543847,0.585376576810865,0.571090571313317,0.579679273682844,0.462310421247993,0.580264469878213,0.777490224526572,0.723136973634722,1,0.83347916712681,0.795509467279567,0.807219473853847,0.839166290990853,0.857196322702365,0.836783965039481,0.842070593853018,0.792876498463193,0.723193676755677,0.78625604431915,0.594771427141604,0.607378565267008,0.699826645598902,0.701880866168846,0.156388375102965,-0.0990080954485413,-0.131125003317091,-0.0681922059407097,-0.0896998163271577,-0.428587535140447,-0.199895970811956,-0.321014477420957,-0.408736437737714,-0.139054771377215,0.118877715413091,-0.222644104025717,0.0313968204203632,0.0324243650816933,-0.180760567225075,0.111895634284823
"Eastern.Phoebe",0.463892431504879,0.509530613364356,0.658306148138335,0.312139737603136,0.29158978986103,0.755988790046188,0.723209542106288,0.789864116420368,0.732368239338334,0.773876045407469,0.719900057877986,0.783291850359738,0.786022600535062,0.845258223699688,0.844647129340483,0.486465044213443,0.679447505864871,0.347895584733673,0.243964205624219,0.308965702337137,0.273281653003359,0.382460173680358,0.645538947100662,0.55282656275622,0.61205973427111,0.64802665328997,0.552323995767508,0.383415781508558,0.504171451674322,0.638634022666291,0.665471266890094,0.70280216490139,0.58841164949349,0.674967322172801,0.679724401421063,0.727596407964394,0.83347916712681,1,0.860215194266146,0.845911836321988,0.891888402690324,0.883253130642649,0.867785249082687,0.843990374048632,0.835244619398044,0.773456649670373,0.747603345914123,0.570627984565865,0.691992318889143,0.709488345977531,0.782938863754412,0.205676985566522,-0.191261427501923,-0.144453598250743,0.0351774298845916,-0.0262501241271319,-0.291268064506399,-0.0678232624564732,-0.149410444940326,-0.201443662385926,-0.0318522193274742,0.25970111278234,-0.0941539315128278,0.206893437904249,0.191310563926189,-0.029502947189364,0.236321674369215
"Downy.Woodpecker",0.48870259101733,0.469783028968444,0.620742460957216,0.383766477255533,0.350106339874312,0.760404045443109,0.779404447261266,0.707706498809307,0.7276034199282,0.798716554980452,0.872815065849562,0.881782632414939,0.890849512762474,0.905212695449431,0.917956993591915,0.617053396253547,0.757992621639182,0.297853435080792,0.115497744393264,0.273693388848999,0.366013302648854,0.419567714270186,0.830902280807916,0.716625268623707,0.823219334709322,0.773916641077912,0.738463393644211,0.558525157084433,0.709758637833985,0.738700444326291,0.760760114233908,0.660173237899487,0.629382893990027,0.653241685405269,0.626873133269026,0.787783051509043,0.795509467279567,0.860215194266146,1,0.95303251860091,0.936596600094666,0.950135457707043,0.907490796898224,0.906460033789671,0.935383929651385,0.669059368987873,0.680819784350825,0.566766724005325,0.672115572327032,0.728507850493671,0.748305367430108,0.241426647756595,-0.109279281987743,-0.0835389108796088,0.1117075471746,0.0967490277361119,-0.071421405522502,0.116017202402186,0.0466542772682437,0.0436543428177479,0.0619832396071727,0.32844153627111,0.0846043380390726,0.368178133350964,0.353021488264148,0.1815970473339,0.397131677251085
"Red.bellied.Woodpecker",0.515756933508074,0.510173313587007,0.670207896364019,0.432240217139258,0.367207378415951,0.787760933070755,0.799492174171327,0.682442279233924,0.667863929012949,0.731016509482941,0.842010728179754,0.898980920563449,0.869989565891785,0.916913821995149,0.930701949704974,0.601156930409241,0.738326388998408,0.321713476908497,0.106159358463527,0.244056631894448,0.351941243025923,0.411810623151596,0.824748287580346,0.731115525908197,0.792640082630246,0.774687693670558,0.738751953476591,0.542964883220225,0.751726157149544,0.744011687969122,0.765893532511523,0.678320718126284,0.607660368724538,0.641664264319553,0.629309527590811,0.756895234644642,0.807219473853847,0.845911836321988,0.95303251860091,1,0.936706838493641,0.937216132044888,0.892809667851486,0.912865425209329,0.914500932594134,0.639868252866499,0.682591337077577,0.553943622863167,0.615335602470322,0.73145628707968,0.731433983804324,0.256250937103345,-0.213137326104668,-0.156896102940958,0.136042057806494,0.0895853562732775,-0.106153387442341,0.149981770638497,0.0642219723778231,0.0896758955552858,0.135400513290229,0.320721635534413,0.0635819054317742,0.359149511417025,0.361054610309293,0.155508116937021,0.402229397053228
"Carolina.Wren",0.487386481008999,0.525572649569962,0.648970116888334,0.371447353452578,0.342345833315589,0.784770496403396,0.713767817708671,0.698129744555115,0.733814502419637,0.789099148550832,0.784755341702949,0.860500255451402,0.839943724390939,0.898009905560164,0.884359776843074,0.601254386646121,0.738416202635098,0.383702812102317,0.180898946600455,0.283306738161961,0.375096558485352,0.461671181243058,0.812262092897358,0.702339216956181,0.784200196745589,0.768716839518932,0.708462776031281,0.558843010655486,0.68159926400756,0.745004324407215,0.773091461046993,0.660484742581909,0.60193516005341,0.68270412729591,0.671249905496875,0.795428435046612,0.839166290990853,0.891888402690324,0.936596600094666,0.936706838493641,1,0.945016102938777,0.922354944422951,0.916736562256887,0.935263420082879,0.716384759987497,0.73691026090271,0.605276086648823,0.6567812993733,0.792966127227494,0.786428373442267,0.236475728984902,-0.10411774252515,-0.0633782044719581,0.116588846524552,0.0424309021988706,-0.154204645003241,0.0292723548438167,-0.0511667180933264,-0.0359089096616302,0.0795362515813392,0.295802576435183,0.0100154297390731,0.330528229623156,0.318481434237398,0.126786073300897,0.407591958221927
"Tufted.Titmouse",0.502934605548632,0.61972941490717,0.731405146454551,0.341700141755504,0.338802648920029,0.82689717968593,0.77467233226173,0.728587005845837,0.715103407083166,0.792700058321059,0.789719780976593,0.879128887774301,0.891388405958372,0.922527848357163,0.904133876248505,0.608118197024933,0.723037952237358,0.35340490076167,0.138505965180614,0.289695046859118,0.399617291390649,0.400404215668612,0.795102962953928,0.675827813184173,0.743860731830094,0.742512780369117,0.670918908346002,0.507279842370982,0.641635066615506,0.719727485158895,0.704885070627774,0.629004762032215,0.597156412428228,0.656470347068463,0.729972204509425,0.834143229216369,0.857196322702365,0.883253130642649,0.950135457707043,0.937216132044888,0.945016102938777,1,0.904838036613775,0.934507325493785,0.935060160668043,0.704079652555735,0.688338916370587,0.550679846128379,0.635890324104263,0.729465467122357,0.727991828986024,0.268662631840843,-0.154559082898366,-0.0952518687290232,0.0651870088483482,0.0559975772177581,-0.191923081188834,0.0215533604149343,-0.0699570950604339,-0.079045371761141,0.0073953403494698,0.252148482244956,-0.0195024631863787,0.320626069870906,0.262027764058925,0.0829420744652777,0.320690634009423
"Eastern.Bluebird",0.399352752939898,0.525471493738905,0.627939410695863,0.42101139250647,0.351571287193213,0.691326279402479,0.701320561009696,0.68594475794695,0.678458804731203,0.737447149936482,0.744885101443342,0.802065346986849,0.769269275158564,0.843661460748913,0.838644511303683,0.499318884184479,0.687952457149647,0.390709945007492,0.203369820028672,0.255620563576821,0.415440350044883,0.43738377461046,0.751901251528633,0.705141257225684,0.736149828165504,0.740301283224268,0.669541050244412,0.538429098027492,0.68763325848457,0.793026641802551,0.814121103409109,0.659937458390751,0.61157631718867,0.705173347191186,0.662639484993009,0.7775587747857,0.836783965039481,0.867785249082687,0.907490796898224,0.892809667851486,0.922354944422951,0.904838036613775,1,0.928092045345405,0.923975647582322,0.810820667414357,0.80338091239955,0.670345424161939,0.717887463256374,0.768534454137807,0.768104988115369,0.235422521301521,-0.157957313945614,-0.1801320278438,0.106402548304211,0.0204153880093476,-0.207295596046248,0.0419076725201762,-0.0526913047035408,-0.0654764978303991,0.0929357303427451,0.331619765069347,0.0964846873306912,0.34168615435491,0.346903955505042,0.132656683752623,0.440172818853258
"American.Crow",0.388674598306211,0.55873167302977,0.691592717088964,0.392831890429952,0.344470198678923,0.696567595457501,0.68995663165141,0.650733228825619,0.628997330005495,0.722386247481428,0.744735285523913,0.804021749875406,0.773638984675719,0.835915488090419,0.843961946031694,0.531550237177874,0.721557208801267,0.379906512297498,0.216117411654331,0.219478652013424,0.418417155092789,0.455060242613337,0.791609176169089,0.732206742473274,0.745434313639111,0.75880391605567,0.706797926435205,0.578857700721049,0.724607633326975,0.82144162258265,0.784779432915314,0.64576346239968,0.64109389056383,0.7174169655585,0.718989302557421,0.825839011591743,0.842070593853018,0.843990374048632,0.906460033789671,0.912865425209329,0.916736562256887,0.934507325493785,0.928092045345405,1,0.942013456164442,0.765132500920756,0.77788707493157,0.701317630316454,0.662077613875547,0.788771123491868,0.748390725626933,0.251287623281325,-0.216842149202275,-0.178248954874784,0.137364062409476,0.0445150211017028,-0.190170224812208,0.0924801726553515,-0.0263805181125679,-0.024167940282508,0.0233695937355113,0.304436491804181,0.094214949858261,0.374655805777696,0.373605924096943,0.155739577806929,0.445286797885244
"Carolina.Chickadee",0.367724904110371,0.527660699694978,0.574241870363654,0.324192515715105,0.288094448941844,0.6584130848549,0.645012205314105,0.612489649292222,0.644874393660014,0.743161056837927,0.784311573606814,0.816941312974703,0.797459986181931,0.825367518036905,0.830573267222779,0.564712631088781,0.761096810371203,0.386682968242889,0.21288072447288,0.308950709259122,0.418395085677297,0.495839065117335,0.834944069132031,0.786103072666409,0.821568793767081,0.822346733002714,0.773506062358112,0.668083457979527,0.750636291361635,0.83168533201873,0.817272555816817,0.657483883166493,0.675612623217858,0.752128243025748,0.67630116719272,0.821146327605833,0.792876498463193,0.835244619398044,0.935383929651385,0.914500932594134,0.935263420082879,0.935060160668043,0.923975647582322,0.942013456164442,1,0.764047524212121,0.769803942822789,0.707501176947875,0.674665495691195,0.829972706562984,0.774497321414517,0.212195439778676,-0.114390349401803,-0.0566115967460867,0.156830292072888,0.114846443412455,-0.0736011110010592,0.171402627697669,0.0362298663530731,0.0623916991471575,0.0626781308415923,0.312136374527465,0.155845732870363,0.448767181562162,0.458646197675744,0.282095897229137,0.510224160396755
"Great.Blue.Heron..Blue.form.",0.180485333444219,0.37599792329606,0.397286117531873,0.282432708206572,0.220893736953666,0.435740601449745,0.474674738393754,0.600732943848167,0.574405339656325,0.585152016034743,0.537404936869733,0.516297331203425,0.532711187445483,0.58443625975426,0.596948424951764,0.396444274560548,0.580903249995022,0.465565909637479,0.484777815532542,0.26971097563347,0.339041677973693,0.386939656976064,0.518382379330192,0.505095117470149,0.476876850864616,0.606374779605858,0.466683240411226,0.446462477508199,0.48830087072616,0.682245864487031,0.654983486946189,0.540826417682026,0.544268559179222,0.691060417351693,0.705294494842731,0.673500715674473,0.723193676755677,0.773456649670373,0.669059368987873,0.639868252866499,0.716384759987497,0.704079652555735,0.810820667414357,0.765132500920756,0.764047524212121,1,0.801448269491693,0.750916497237134,0.695930318254194,0.707716252602086,0.717691051156286,0.0661576629924348,-0.13121858255213,-0.120107478897716,0.141987814766165,-0.0366668734504893,-0.313375576847447,-0.0638795718873353,-0.178801998594331,-0.244560350887478,-0.0842036942263396,0.179865903661672,0.0157647476330577,0.187355399125173,0.274670729489988,0.0767425013230379,0.360022567200393
"House.Finch",0.194897217437173,0.357674502400742,0.45048470964355,0.313366539077399,0.224430098179808,0.434401685855298,0.500832667580785,0.594576626311399,0.624394623681225,0.60181403547468,0.51735504654286,0.565613362831853,0.479382478423548,0.605468283831776,0.589935390453008,0.358670052605784,0.530922956641925,0.220985752822084,0.379421200331076,0.339539387659281,0.32876174270026,0.41424648303801,0.534717233248144,0.54431817816834,0.52685087701534,0.649543538263811,0.499274380231024,0.521971702433921,0.621132736043409,0.686242952121191,0.693776731361306,0.595258215825985,0.531898900611292,0.591970974044195,0.625175716662687,0.587833679580366,0.78625604431915,0.747603345914123,0.680819784350825,0.682591337077577,0.73691026090271,0.688338916370587,0.80338091239955,0.77788707493157,0.769803942822789,0.801448269491693,1,0.809646590196799,0.66147804874038,0.82542553070102,0.759058382723998,0.147911746950955,-0.103572885164898,-0.124342959462822,0.0819614695460467,0.0130337388586669,-0.29796348913085,0.0181979215100575,-0.178380400482242,-0.229650720927554,-0.0580913191570573,0.261717663345698,0.0303930641181451,0.191956369815291,0.288302343992155,0.0878773745196621,0.393520653972484
"Rock.Pigeon..Feral.Pigeon.",0.0273497875932226,0.12546294034209,0.186783960846552,0.207842820040382,0.0878207580617345,0.161950691492686,0.289599378788856,0.385721113232269,0.412183984125251,0.505677252827083,0.400573559899539,0.383905688348931,0.333467379171994,0.393098097068917,0.44952165112365,0.265780787853307,0.57499268221504,0.212239084941343,0.434075628920501,0.255191297608002,0.279561031854654,0.620032171485889,0.48514931970368,0.586467534878101,0.519278689680185,0.62774571778827,0.553387317664216,0.577619330706806,0.619381461632134,0.688714925702049,0.68849737514773,0.519096658974333,0.567571321361791,0.686974961603484,0.574206066325564,0.526660644696584,0.594771427141604,0.570627984565865,0.566766724005325,0.553943622863167,0.605276086648823,0.550679846128379,0.670345424161939,0.701317630316454,0.707501176947875,0.750916497237134,0.809646590196799,1,0.599800515538435,0.756789718488716,0.706116740382893,-0.0378612307994714,-0.122436538300546,-0.123351421945087,0.205161083747822,0.102530277135097,-0.207678222627618,0.105902619135658,-0.0903702364003603,-0.0733721188404748,-0.0651140634634301,0.243487631746729,0.179094407568599,0.264160432426924,0.390501577783101,0.244991450574581,0.529257015634458
"Pine.Warbler",0.137098018631736,0.242094752698578,0.353226391054328,0.267827635894435,0.125051063023911,0.420876666919412,0.494727549076934,0.499861528269079,0.550707427522363,0.578634525513861,0.522020625639763,0.493594070503898,0.529238081816178,0.559329719516611,0.569566537244906,0.373118990260332,0.528599545304508,0.350053924141937,0.202815901027899,0.438554159597568,0.237447956542636,0.360775724339835,0.461661234343832,0.447287583396398,0.474337611796146,0.490995153223183,0.393980144635599,0.384003203722067,0.439719522800839,0.560521470440583,0.572211039383404,0.507720656789251,0.417874447199459,0.633008248819757,0.581044724829406,0.508987419092327,0.607378565267008,0.691992318889143,0.672115572327032,0.615335602470322,0.6567812993733,0.635890324104263,0.717887463256374,0.662077613875547,0.674665495691195,0.695930318254194,0.66147804874038,0.599800515538435,1,0.706139794446513,0.834136222488879,0.0638980275307622,-0.0786039231611,-0.07768104281518,0.0769118937068394,0.00972809492945936,-0.190543846854169,-0.0501475749158893,-0.0882894176107417,-0.131056750050475,-0.0841735216904215,0.176082670982757,0.0363817053437263,0.14396949948489,0.202292020862062,0.0618230653229414,0.232210545335861
"Golden.crowned.Kinglet",0.159566234375744,0.306861713675862,0.426763745126019,0.222731597541387,0.215127748352368,0.431146413353347,0.483081069598551,0.457275227073884,0.585230367102537,0.612166310944882,0.604652330992686,0.644471330694774,0.570444761387538,0.630774562604555,0.630065132730232,0.468067380373216,0.610718537041351,0.258195855191403,0.248461459722045,0.359724758270301,0.339991129945191,0.570435532425174,0.681322910314039,0.685898637874401,0.647882962072399,0.717872181707274,0.636939855461024,0.652422606054452,0.665089218957882,0.744133678231018,0.72698482593508,0.509975550101782,0.463400719221035,0.664014464863733,0.612052587470501,0.646306903527098,0.699826645598902,0.709488345977531,0.728507850493671,0.73145628707968,0.792966127227494,0.729465467122357,0.768534454137807,0.788771123491868,0.829972706562984,0.707716252602086,0.82542553070102,0.756789718488716,0.706139794446513,1,0.858686110031821,0.170095692990172,-0.0890118094409091,-0.0597316668572705,0.169318626425933,0.0566435782591956,-0.0833653460707687,0.170374934174753,-0.024844773350273,0.0329177055408175,0.0840863747897949,0.16725237508259,0.100251896239217,0.292948109494738,0.404290456994788,0.209250722200704,0.461009209400702
"Ruby.crowned.Kinglet",0.236415058587403,0.293375791900425,0.363239351187618,0.263252873173765,0.194909124556054,0.505429168857653,0.532634817867375,0.56502455875569,0.641240929414373,0.642634802643579,0.614051208181187,0.643333405835363,0.61545596377913,0.655651263426787,0.705162287979354,0.438619780529151,0.631526349172961,0.361184098940822,0.215399508360409,0.408282742301899,0.287597399991114,0.561356185516746,0.585935621374115,0.580892420061089,0.589013987266521,0.64557313463869,0.555080848146745,0.486148048653549,0.555635318354449,0.651272101211383,0.684363503474087,0.64164417684244,0.50902615127099,0.739382036877153,0.618205730101174,0.626998058200481,0.701880866168846,0.782938863754412,0.748305367430108,0.731433983804324,0.786428373442267,0.727991828986024,0.768104988115369,0.748390725626933,0.774497321414517,0.717691051156286,0.759058382723998,0.706116740382893,0.834136222488879,0.858686110031821,1,0.0539376262808291,-0.1703369281362,-0.121177901829745,0.12104073869966,0.0336415909331697,-0.185200493263077,0.0419881075206589,-0.104312722057468,-0.058648864270815,0.0126038837007034,0.277512269058313,0.0124742449595612,0.178287262864325,0.279412803811997,0.0831511191824788,0.324142484394389
"Pine.Siskin",-0.0266794183732427,0.248926177157202,0.362446720179713,0.101421514493695,0.33665523113795,0.322987395953096,0.234565724803906,0.114833454809785,0.108837989508169,0.163670911623917,0.236459693715964,0.296377690223236,0.255473120925051,0.301977101380663,0.257767641228676,0.200081773785352,0.224923672085406,0.108720364650084,-0.0471167099322348,0.00341356765118806,0.188484133413929,-0.068059252587312,0.288722660326425,0.292326714075932,0.18098488269147,0.257758949009226,0.198458647055014,0.168430523074316,0.210619329183107,0.315055040538645,0.262641109849304,0.18568161854581,0.139616979522665,0.105626905510382,0.0534129930530439,0.060156838286042,0.156388375102965,0.205676985566522,0.241426647756595,0.256250937103345,0.236475728984902,0.268662631840843,0.235422521301521,0.251287623281325,0.212195439778676,0.0661576629924348,0.147911746950955,-0.0378612307994714,0.0638980275307622,0.170095692990172,0.0539376262808291,1,0.000502231538717216,0.0100446248962757,0.0745778406153587,-0.0459022615941685,0.0396970896205007,0.110806345227668,0.247431182079027,0.112947790034733,0.0235900740893695,0.0358312054366132,-0.00295304524172763,0.136887633172881,0.171612622961721,0.113181163738499,0.102807869921791
"American.Black.Duck",-0.120351060549568,-0.113578491647037,-0.0931834242454894,-0.0889790161594358,-0.0730379864674787,-0.161849537120771,-0.0560124293957047,-0.14887239638358,0.173034670160335,0.204740046603717,-0.0492015234640942,-0.192550163616576,-0.0665881937029708,-0.131840661152574,-0.206004068132313,0.232018108253415,0.0191405701548786,0.00318650504177204,-0.00914801027269099,0.214481500418892,-0.014104131754879,-0.0523978473684234,-0.0653619504758951,-0.137905427295097,0.0550177634767412,0.0868460526175047,-0.00622004649244546,0.0602987902842106,-0.127116428914256,-0.175925919673647,-0.187027140870435,-0.139349079064725,-0.0928474424020332,-0.114144687401099,-0.0705226047179353,-0.161893959243651,-0.0990080954485413,-0.191261427501923,-0.109279281987743,-0.213137326104668,-0.10411774252515,-0.154559082898366,-0.157957313945614,-0.216842149202275,-0.114390349401803,-0.13121858255213,-0.103572885164898,-0.122436538300546,-0.0786039231611,-0.0890118094409091,-0.1703369281362,0.000502231538717216,1,0.674639606221085,-0.102687173562518,-0.0524958432522542,0.271468328407386,-0.107013661165359,-0.0355052371814869,-0.163208137144955,-0.0952438578087609,-0.0849407745604912,0.000384406763974339,0.0260711060988993,0.088727774650535,0.0809272382105465,-0.0809941978304335
"Spinus.sp...goldfinch.sp..",-0.0563303297362345,-0.0620860910069413,-0.0799609829675767,-0.0721097043164951,-0.0356749511176829,-0.0905705061435228,-0.0769544622278625,-0.09149938393614,0.206304176744335,0.212208716048415,-0.0291699885296482,-0.144156952594671,-0.02199615944104,-0.0943809946086153,-0.142282493527962,0.201751235253567,0.0279709578548929,0.0872334332963425,-0.0372570264245367,0.0692471868967161,-0.0335368080834653,-0.0285973582833255,-0.026253921244472,-0.104749246542405,0.0404065984576846,0.0232593841795066,-0.0358773975724848,0.147179861306033,-0.108361789160373,-0.168304908200573,-0.18879741820688,-0.10415922004007,-0.0591359550827878,-0.0716745098437939,-0.0181901375848749,-0.125468640092251,-0.131125003317091,-0.144453598250743,-0.0835389108796088,-0.156896102940958,-0.0633782044719581,-0.0952518687290232,-0.1801320278438,-0.178248954874784,-0.0566115967460867,-0.120107478897716,-0.124342959462822,-0.123351421945087,-0.07768104281518,-0.0597316668572705,-0.121177901829745,0.0100446248962757,0.674639606221085,1,-0.070968318629907,-0.0294144453740793,0.369830956440527,-0.0670886143263532,-0.0426555798444712,-0.0767229626320116,-0.0380683278761093,-0.0361761040366861,-0.130438165252055,-0.0646011889192364,-0.00825363706332107,0.192706666159358,-0.0169916541658025
"European.Starling",-0.0781741967601596,-0.0871972257035505,-0.114578045279379,0.178949887075383,0.104683953380126,-0.127576540635035,-0.0782508605299381,-0.100009785597373,-0.110305246996629,-0.00546229187175488,0.187179908016584,0.17454570531363,0.0378523834011363,0.0113531180572302,0.156711058795059,0.180708011601615,0.15492904521981,0.188964390423256,0.0353064041629581,-0.0780688158014012,-0.0308916923374364,0.137105180923021,0.355101584081862,0.442821540015217,0.224320375717306,0.240599144843989,0.406778236680166,0.429924178188231,0.357839312591039,0.259158809034284,0.291507451823059,0.0776524812343273,0.19225472332107,0.245253444937285,-0.0214461953098732,0.0582151462636462,-0.0681922059407097,0.0351774298845916,0.1117075471746,0.136042057806494,0.116588846524552,0.0651870088483482,0.106402548304211,0.137364062409476,0.156830292072888,0.141987814766165,0.0819614695460467,0.205161083747822,0.0769118937068394,0.169318626425933,0.12104073869966,0.0745778406153587,-0.102687173562518,-0.070968318629907,1,0.318742211469562,0.322261440298626,0.158609003364119,0.298539615762036,0.425975610557368,0.114505866217123,0.114575520394875,0.425419520725884,0.180004292108036,0.449529381080991,0.474788787127419,0.502896610715796
"blackbird.sp.",-0.0218234472251082,-0.0335966681059409,-0.0529325386873464,0.0553341404698476,0.0975206507018002,-0.0383010185310291,-0.026843078467022,-0.0361548494065533,-0.0561035221694387,-0.0233079587659877,0.0673930627702275,0.107298498668206,-0.0382150281213729,-0.00575391421203936,0.0873354987495441,-0.0070550292224347,0.0747087457307094,-0.0147205010807499,-0.0280120739569088,0.0263646825378084,0.0452431984826741,0.0297066796280234,0.0742085297802536,0.164294503315293,0.255008205352757,0.1228128345114,0.210581123110639,0.115802711489128,0.163221020936422,0.0349733866334285,-0.0394419727380674,0.148375471724228,0.146377746894478,0.055477439733467,-0.0551006639627855,0.0419480796618404,-0.0896998163271577,-0.0262501241271319,0.0967490277361119,0.0895853562732775,0.0424309021988706,0.0559975772177581,0.0204153880093476,0.0445150211017028,0.114846443412455,-0.0366668734504893,0.0130337388586669,0.102530277135097,0.00972809492945936,0.0566435782591956,0.0336415909331697,-0.0459022615941685,-0.0524958432522542,-0.0294144453740793,0.318742211469562,1,0.0739786517242352,0.243665358157288,0.0288715224217792,0.292133092487692,0.000447245775522899,0.00567560683295246,0.337246137122172,0.172447830671239,0.180141922681791,0.226028753745219,0.264720475140609
"Northern.Bobwhite",-0.111903609417747,-0.244034430110852,-0.311463860713856,-0.0650761368421472,0.0385037071034022,-0.312620450443668,-0.273759337881596,-0.32985232153783,-0.225206430786339,-0.1114891923184,0.167111285315156,-0.0537354584210513,-0.0126768285137644,-0.177189239324894,-0.0880058145875557,0.18375835706965,-0.0239180120746764,0.00139682637599627,-0.064207480135453,-0.105342447576382,-0.13117446692311,-0.013397898087688,0.294476047868428,0.304017572086526,0.195895603461595,0.104917857762601,0.308759465159525,0.397656290149342,0.123070157127232,-0.0169751090035068,0.130441237917067,-0.193770862441586,-0.0313134809600931,-0.0968317299714325,-0.321325845544177,-0.228953109665586,-0.428587535140447,-0.291268064506399,-0.071421405522502,-0.106153387442341,-0.154204645003241,-0.191923081188834,-0.207295596046248,-0.190170224812208,-0.0736011110010592,-0.313375576847447,-0.29796348913085,-0.207678222627618,-0.190543846854169,-0.0833653460707687,-0.185200493263077,0.0396970896205007,0.271468328407386,0.369830956440527,0.322261440298626,0.0739786517242352,1,0.464261366729511,0.643492519444157,0.667903876031807,0.334129188923889,0.104819197079664,0.42171744964328,0.242295833493227,0.467902784513458,0.508896026781102,0.318834769250351
"Evening.Grosbeak",-0.112264520988097,-0.129567220970951,-0.180810805490252,0.112495729675987,0.120924804417242,-0.175756834256807,-0.171698146517161,-0.114078043728042,-0.180396374249693,-0.0623595576098707,0.191893944500956,0.119576432639777,0.0432815024490959,0.0023027867519711,0.0882557282072544,0.088920304569873,0.20075065646114,-0.0580294136694769,0.0372281267276097,-0.0183821422607507,-0.0218254056195508,0.179759361499955,0.329904911182087,0.426863980421903,0.327098356298914,0.330753716718742,0.454204386162633,0.425758057114132,0.304398655887347,0.273341854513244,0.261248056001533,0.0465795000579318,0.185422676620861,0.106605936770212,-0.112851162943985,0.0320853333595842,-0.199895970811956,-0.0678232624564732,0.116017202402186,0.149981770638497,0.0292723548438167,0.0215533604149343,0.0419076725201762,0.0924801726553515,0.171402627697669,-0.0638795718873353,0.0181979215100575,0.105902619135658,-0.0501475749158893,0.170374934174753,0.0419881075206589,0.110806345227668,-0.107013661165359,-0.0670886143263532,0.158609003364119,0.243665358157288,0.464261366729511,1,0.698959058111096,0.69091809481323,0.407250943079439,0.222776356789839,0.529348727706514,0.430064386632916,0.623657688899198,0.532333496481341,0.466706791321684
"Purple.Finch",-0.0867326201577358,-0.179952613624348,-0.210684148279212,0.128389825720877,0.10401269718469,-0.197831127077881,-0.174295272456162,-0.238586901799214,-0.291789895722715,-0.133655488863501,0.230449429147,0.0422736504497921,0.0617402626451648,-0.0611208354455134,0.0679289814719681,0.142924635506498,0.106545912462452,-0.0260320300379809,-0.0543460568486188,-0.0926708502447525,-0.0900347190790253,0.0213484351606094,0.346661927212756,0.418078047571764,0.286750110703502,0.231182220955021,0.396760942773034,0.367652505485025,0.213078481934381,0.178191285484426,0.277289618469671,-0.0693001762550845,0.0965428957957562,0.021893502766092,-0.263850683232369,-0.104461749601403,-0.321014477420957,-0.149410444940326,0.0466542772682437,0.0642219723778231,-0.0511667180933264,-0.0699570950604339,-0.0526913047035408,-0.0263805181125679,0.0362298663530731,-0.178801998594331,-0.178380400482242,-0.0903702364003603,-0.0882894176107417,-0.024844773350273,-0.104312722057468,0.247431182079027,-0.0355052371814869,-0.0426555798444712,0.298539615762036,0.0288715224217792,0.643492519444157,0.698959058111096,1,0.706907446031202,0.302741286164161,0.186797642709482,0.490893020640907,0.319030130421217,0.548766449364372,0.516689827166538,0.464504178554592
"Spotted.Eastern.Towhee..Rufous.sided.Towhee.",-0.0324076757249957,-0.197616022828806,-0.246802609898699,0.0372511169255481,0.115639389193358,-0.214221222063588,-0.214589923194352,-0.285105662610892,-0.346477496077065,-0.180743308275777,0.183009502670726,0.145507165365333,-0.0122923839777217,-0.0696443383297406,0.0575144206630223,0.117538463105411,0.149424844670448,0.028876271502446,-0.114253184894322,-0.185149554210544,-0.0514469548538211,0.0878940943581451,0.357873084897237,0.486355282696203,0.308606431122199,0.239591581991066,0.485495998489382,0.427174753169956,0.395068152789737,0.234262497672341,0.278896266576226,-0.0437695200129739,0.120200967611036,0.0105132646755744,-0.300084289199491,-0.0660940045359145,-0.408736437737714,-0.201443662385926,0.0436543428177479,0.0896758955552858,-0.0359089096616302,-0.079045371761141,-0.0654764978303991,-0.024167940282508,0.0623916991471575,-0.244560350887478,-0.229650720927554,-0.0733721188404748,-0.131056750050475,0.0329177055408175,-0.058648864270815,0.112947790034733,-0.163208137144955,-0.0767229626320116,0.425975610557368,0.292133092487692,0.667903876031807,0.69091809481323,0.706907446031202,1,0.556249032323318,0.250175353865424,0.603104176603852,0.546022993275515,0.659756020736346,0.641563347382665,0.539728192721628
"Brown.headed.Cowbird",0.0915390131340932,-0.0787104372356272,-0.0681473987281448,0.0534299152387055,0.108175032462966,-0.046800660672914,-0.0861181251784924,-0.0764737629091879,-0.116530827342521,-0.0289932084834713,0.159275121278868,0.149673061908217,0.0219130756390072,0.060584262862391,0.0739296202081833,0.082390745338079,0.201625908284724,0.103677637061064,-0.0487205323793817,-0.103346486273279,-0.0427425293468941,0.131080564232191,0.244792895263245,0.330483440425494,0.204174750451961,0.206693628574833,0.301280561075715,0.223902530752283,0.269665899854298,0.135404137299393,0.279944004301154,0.105105214078075,0.014935780714007,0.0245749221290618,-0.0995569823925614,-0.000597772684486437,-0.139054771377215,-0.0318522193274742,0.0619832396071727,0.135400513290229,0.0795362515813392,0.0073953403494698,0.0929357303427451,0.0233695937355113,0.0626781308415923,-0.0842036942263396,-0.0580913191570573,-0.0651140634634301,-0.0841735216904215,0.0840863747897949,0.0126038837007034,0.0235900740893695,-0.0952438578087609,-0.0380683278761093,0.114505866217123,0.000447245775522899,0.334129188923889,0.407250943079439,0.302741286164161,0.556249032323318,1,0.562003994739221,0.263971113012971,0.330996582881094,0.35178997695011,0.331415784786064,0.314878846298945
"Red.winged.Blackbird",0.237339021846554,0.056099155914394,0.0732510251795251,0.230660604093833,0.106943437906565,0.151368812170085,0.123273626737769,0.12223735488354,0.0993232533909324,0.224449560306186,0.297277613067952,0.258561494571451,0.151307090171486,0.201030209043126,0.256402084666587,0.0998689335813617,0.362346035743353,0.219464525814031,0.0550165773407513,0.00644795255753151,0.0691395666897082,0.112228700113305,0.328290042671837,0.408380633334076,0.393917910516518,0.333607929168699,0.446425269705322,0.307356152869887,0.433365766038444,0.310885381930646,0.465128127516341,0.518704060558231,0.346985305704645,0.301794223087954,0.0600804405253583,0.244174054482939,0.118877715413091,0.25970111278234,0.32844153627111,0.320721635534413,0.295802576435183,0.252148482244956,0.331619765069347,0.304436491804181,0.312136374527465,0.179865903661672,0.261717663345698,0.243487631746729,0.176082670982757,0.16725237508259,0.277512269058313,0.0358312054366132,-0.0849407745604912,-0.0361761040366861,0.114575520394875,0.00567560683295246,0.104819197079664,0.222776356789839,0.186797642709482,0.250175353865424,0.562003994739221,1,0.284531899848458,0.360143151055356,0.339334898552154,0.429814098605253,0.479439083321941
"Eastern.Meadowlark",-0.0706210761721782,-0.166356566502335,-0.235806347566287,0.0314815122924066,0.0119603598793188,-0.238333397162358,-0.190272235121476,-0.214837376880913,-0.261453417343258,-0.0684994502648955,0.154721915805039,0.0678583045293367,-0.0730148993718452,-0.12551554253506,-0.00563252193895253,-0.0281999442667969,0.113505078146215,0.096368922739664,0.0944576216172916,-0.0245476657323146,-0.0169405655542104,0.0532230448404257,0.281620767362483,0.501019862522894,0.325864942947157,0.229477085419036,0.439994328875466,0.475162993357567,0.406604377808327,0.331646177181269,0.318745598171003,0.0447246343234082,0.240588565023454,0.12878987701888,-0.208854577322856,0.0645480678468742,-0.222644104025717,-0.0941539315128278,0.0846043380390726,0.0635819054317742,0.0100154297390731,-0.0195024631863787,0.0964846873306912,0.094214949858261,0.155845732870363,0.0157647476330577,0.0303930641181451,0.179094407568599,0.0363817053437263,0.100251896239217,0.0124742449595612,-0.00295304524172763,0.000384406763974339,-0.130438165252055,0.425419520725884,0.337246137122172,0.42171744964328,0.529348727706514,0.490893020640907,0.603104176603852,0.263971113012971,0.284531899848458,1,0.548265878253099,0.573764661591555,0.72367372886168,0.660392217457048
"Savannah.Sparrow",0.149795317202512,0.160851082594181,0.140506705422732,0.176214353770906,0.124124060675501,0.100404860999082,0.119177858253508,0.0624131073334258,0.0143309884173897,0.25630354859226,0.291404126804463,0.348400832043689,0.189596083433425,0.212302784377154,0.254785021496461,0.215852251574334,0.50102277788226,0.26290473499029,0.0519665256860239,-0.0365347346092006,0.198587980230674,0.13185582868911,0.439304865038218,0.562208635512085,0.500031691379631,0.523422467671064,0.619360923200062,0.54420484679049,0.611616176463521,0.567506228131976,0.453700651427095,0.269588465823094,0.44707469130375,0.3072923021201,0.0331930591597512,0.401016176178461,0.0313968204203632,0.206893437904249,0.368178133350964,0.359149511417025,0.330528229623156,0.320626069870906,0.34168615435491,0.374655805777696,0.448767181562162,0.187355399125173,0.191956369815291,0.264160432426924,0.14396949948489,0.292948109494738,0.178287262864325,0.136887633172881,0.0260711060988993,-0.0646011889192364,0.180004292108036,0.172447830671239,0.242295833493227,0.430064386632916,0.319030130421217,0.546022993275515,0.330996582881094,0.360143151055356,0.548265878253099,1,0.646609871648599,0.638310550709444,0.614539025457043
"Field.Sparrow",0.00434417052336915,0.0101389251210298,-0.0295295170599049,0.125394952195783,0.118960426449727,-0.00679693243489508,0.0139055236442365,-0.0138664540400322,0.0162588177877907,0.202473811809297,0.391963836490701,0.305733111848275,0.205581023021544,0.189471543447655,0.280092055234705,0.348734323662404,0.48425788932743,0.183205347644181,0.150179391033852,0.0420990512721107,0.102610080029666,0.318021876123333,0.57352433015951,0.682759518441757,0.553904776779813,0.711997407999647,0.76570013983564,0.676690885491313,0.632463958336382,0.602105370018741,0.579631787253689,0.244456316611212,0.39376071347877,0.3814040330696,0.0418133073099006,0.244153378197688,0.0324243650816933,0.191310563926189,0.353021488264148,0.361054610309293,0.318481434237398,0.262027764058925,0.346903955505042,0.373605924096943,0.458646197675744,0.274670729489988,0.288302343992155,0.390501577783101,0.202292020862062,0.404290456994788,0.279412803811997,0.171612622961721,0.088727774650535,-0.00825363706332107,0.449529381080991,0.180141922681791,0.467902784513458,0.623657688899198,0.548766449364372,0.659756020736346,0.35178997695011,0.339334898552154,0.573764661591555,0.646609871648599,1,0.671403802046516,0.663125108134793
"House.Sparrow",-0.0319822280388214,-0.127201266423476,-0.20126910674295,0.0801452666173873,0.0200191579710425,-0.192296568898245,-0.142947344213434,-0.16330161060973,-0.111570077652899,0.116714956332973,0.175788664297072,0.135334572262017,0.00606185052147468,-0.0536455162470248,0.0716389647133504,0.107603868393777,0.300032522970953,0.214468695632852,0.0999637839992462,-0.0319329809278953,0.0715478704380611,0.148144773915932,0.404236518090755,0.597327140646968,0.46699093043832,0.398810465098442,0.587320158270322,0.687364721837006,0.546833519097955,0.443379272123104,0.422436172544456,0.0977963679346458,0.307316574649519,0.23254816055315,-0.119093894920779,0.196047179087028,-0.180760567225075,-0.029502947189364,0.1815970473339,0.155508116937021,0.126786073300897,0.0829420744652777,0.132656683752623,0.155739577806929,0.282095897229137,0.0767425013230379,0.0878773745196621,0.244991450574581,0.0618230653229414,0.209250722200704,0.0831511191824788,0.113181163738499,0.0809272382105465,0.192706666159358,0.474788787127419,0.226028753745219,0.508896026781102,0.532333496481341,0.516689827166538,0.641563347382665,0.331415784786064,0.429814098605253,0.72367372886168,0.638310550709444,0.671403802046516,1,0.743354296665584
"Mourning.Dove",0.0564522070759794,0.0195295951539627,-0.0135166058061959,0.331043322773489,0.143790998326628,0.0202493582291708,0.0633713096766407,0.0710015843285559,0.0680412744469663,0.23625717623585,0.370143845376104,0.358647763346776,0.173815253942118,0.177318027282328,0.289943026322435,0.19883110282284,0.473431029815789,0.183894996601892,0.265552018797676,-0.0302610144253896,0.106418775558123,0.271248269654174,0.597383565576038,0.73144890737227,0.6173138791906,0.568936863653727,0.730954108082713,0.732251092696169,0.699385944590837,0.621330638697665,0.658766576771411,0.291601192229754,0.432320577996906,0.36784281450207,0.0983318576045499,0.326542585837365,0.111895634284823,0.236321674369215,0.397131677251085,0.402229397053228,0.407591958221927,0.320690634009423,0.440172818853258,0.445286797885244,0.510224160396755,0.360022567200393,0.393520653972484,0.529257015634458,0.232210545335861,0.461009209400702,0.324142484394389,0.102807869921791,-0.0809941978304335,-0.0169916541658025,0.502896610715796,0.264720475140609,0.318834769250351,0.466706791321684,0.464504178554592,0.539728192721628,0.314878846298945,0.479439083321941,0.660392217457048,0.614539025457043,0.663125108134793,0.743354296665584,1
