"","European.Starling","House.Sparrow","Eastern.Meadowlark","Eastern.Phoebe","American.Goldfinch","Carolina.Wren","Northern.Flicker..Yellow.shafted.","Spotted.Eastern.Towhee..Rufous.sided.Towhee.","American.Crow","Eastern.Bluebird","Purple.Finch","Northern.Bobwhite","Pacific.Winter.Wren","Yellow.rumped.Warbler","Chipping.Sparrow","Herring.Gull","Savannah.Sparrow","Mourning.Dove","Eastern.Towhee","Pine.Warbler","Golden.crowned.Kinglet","Ruby.crowned.Kinglet","Brown.Thrasher","Red.headed.Woodpecker","American.Robin","Cedar.Waxwing","Pine.Siskin","count","Red.winged.Blackbird","Common.Grackle","Rusty.Blackbird","Ring.necked.Duck","American.Coot","Hooded.Merganser","American.Black.Duck","Bufflehead","Yellow.rumped.Warbler..Myrtle.","Great.Blue.Heron..Blue.form.","Pied.billed.Grebe","Fox.Sparrow","Swamp.Sparrow","Hairy.Woodpecker","Brown.Creeper","Hermit.Thrush","Song.Sparrow","Field.Sparrow","Brown.headed.Nuthatch","Red.bellied.Woodpecker","Dark.eyed.Junco..Slate.colored.","Blue.Jay","Yellow.bellied.Sapsucker","White.throated.Sparrow","Tufted.Titmouse","Downy.Woodpecker","White.breasted.Nuthatch","Carolina.Chickadee","Northern.Cardinal","Northern.Mockingbird","Spinus.sp...goldfinch.sp..","Evening.Grosbeak","gull.sp.","Rock.Pigeon..Feral.Pigeon.","blackbird.sp.","House.Finch","American.Pipit","Bonaparte.s.Gull","Brown.headed.Cowbird","Ring.billed.Gull"
"European.Starling",1,0.0613588309425464,0.00476194300362614,0.00563691822995585,0.00739430813983699,0.0215751864686811,0.00900089401386162,0.00683290918287305,0.0129521561980058,0.00834487342799796,0.0035196177152135,0.00379493243795563,0.00436616036739406,-0.000228827873450587,0.000603732725410343,0.000242756650893609,0.0042620234895735,0.00639698225676966,0.00833190070724614,0.00986263825708677,0.00811544244995763,0.0124772646725845,0.0137891148846139,0.00901298039942812,0.000195555463210222,0.000832210126740036,-0.000841915284436533,0.0537788823643563,0.000387790313731031,-0.0015285499613068,-0.0005206649067141,-0.000454778243876806,0.000462928750437643,0.00189118457658421,0.00467509714158303,0.00760066126647014,0.0089491592498438,0.00449201539499088,0.00806210329296866,0.0105926601588176,0.00930594536835011,-0.0109458798429356,0.0112272904449479,0.0117317057785528,0.00940973633692756,0.0165562318908179,0.0163720177829609,0.0200640237073268,0.0202858327844228,0.0176385806013642,0.017986618241653,0.0195973461771074,0.0223578249650764,0.0269317890506083,0.0237253908300423,0.0270448214886419,0.0270198875370875,0.0226125447261745,0.0236369386051526,-0.000666292271828158,-0.000771571685158753,-0.000812634271308271,-0.000722275982880687,-0.000670962953122987,-0.000591967549681024,-0.000371267043282622,-0.00063494232590473,-0.000609402085215279
"House.Sparrow",0.0613588309425464,1,0.0111071232332481,0.0134379638389687,0.017025152942794,0.0469575081138364,0.0205114979336286,0.0718917832691317,0.0285246504333262,0.0188165716569085,0.00139603139534597,0.0119086278053539,0.0104644350372023,-0.000203153896805874,0.00225356493627788,0.00207218877289176,0.0127943801205687,0.0183522725582254,0.0182337205052983,0.0224252717869097,0.0234754079689974,0.0281744058108773,0.0305856493267921,0.0207176455537937,0.00230897828115399,0.0029142850703213,-0.00056847746506374,-0.00263073833134284,0.00143401480915714,-0.00135705006745661,1.13527525556126e-05,0.000334908047691433,0.00227613204355404,0.00566556610799508,0.0113712391231205,0.0174473213043315,0.0220616354442318,0.0129166038957504,0.0185337407027079,0.023987366360502,0.0213021865666678,0.025967308100769,0.0249130385178313,0.0264533809272226,0.0265839677141633,0.0290853489645962,0.0362075611893075,0.0438163050965708,0.0387522486388549,0.0388498714803339,0.039767254539822,0.042740215323092,0.0485317803480082,0.0582691496433158,0.0517582997110889,0.0585214025698074,0.0583096253327179,0.0490953870079317,0.0501921883106074,-0.000237594131463407,-0.000685003064274586,-0.000721458519912149,-0.000641238229761405,-0.000595682407408961,-0.000422824856073537,1.78075022084928e-05,-0.000563703214164603,-0.000541028531473224
"Eastern.Meadowlark",0.00476194300362614,0.0111071232332481,1,0.0201194791716928,0.0252599028220435,0.0339943509363751,0.0302468234307378,0.0229505050995311,0.0426349870500986,0.0277604946099554,0.000858751723609141,0.00666996370444485,0.00475747776066845,-0.000173223757319505,-0.000589290779496263,-0.000947288608716606,0.00723301979958332,0.0106732400952527,0.02667674693655,0.0162425317044827,0.0133783020617192,0.0203062395092231,0.0220912049122649,0.0149006320135554,0.0015478317967149,0.00201193757399855,-0.000545945040380273,0.00342266020612154,0.000919379764185126,-0.00115711938216116,-0.000289746542380379,0.000431369846868021,0.000761586432543418,-0.000996925718643719,0.00812599856795655,0.00811229174344515,0.0194774574730473,0.0145022547854222,0.00861078652483933,0.0172826431906096,0.0153285118971393,0.0187477944891079,0.0179931776563959,0.0190690455359737,0.0191774375546573,0.020992091360747,0.0261610944668902,0.0310394792895902,0.0280530671137261,0.0280841030326615,0.0287340511359675,0.0309335389937838,0.0351454778718619,0.0422140405730453,0.0374591012186903,0.0423961025530806,0.0422567582877175,0.0355526767896751,0.000100619634712417,0.000160912097272142,-0.000584083330099522,-0.000615167897511712,-0.000546766255743331,-0.000507922055165649,-0.000510700948053873,0.000371987464584651,-0.000480654273956852,-0.000461320193766405
"Eastern.Phoebe",0.00563691822995585,0.0134379638389687,0.0201194791716928,1,0.0307650922551726,0.0415167265291713,0.0369059292492743,0.0279821699953902,0.0511049392596058,0.0338674695185324,0.000170065997761781,0.00797739534125859,0.00564854999142218,-0.00025726644885493,-0.000875196038521986,-0.00140688309834852,0.0066571546670281,0.0198912838307381,0.0326266022057882,0.0192551421790945,0.0196809714169955,0.0570040305001837,0.0268456565213815,0.0350092365850837,0.00158782186119311,0.00228616060159864,-0.000857237490305069,-0.00831976388075788,0.000947338192707204,-0.00171851713042206,-0.000532193449132793,0.000322885953526025,0.000729893299170435,-0.00609912250993623,0.00973873295990722,0.00974667853806371,0.0179769284947828,0.0222360082629829,0.00682476090871039,0.0209623894678631,0.0185579682548871,0.0320281778447171,0.0234433058556217,0.0217706892753992,0.0233027129296965,0.025525573834392,0.0318610404374013,0.0378425575700359,0.0342586743761889,0.0342272984551653,-0.016573199607401,0.0377650609190864,0.0429425922646598,0.051609051718071,0.0457294167821397,0.0518304332572094,0.0516846709506295,0.0434384682464313,0.000149437100938645,-0.000161133126150673,-0.000867462099282923,-0.000913627916235977,-0.000812039960023144,-0.000754349781170905,-0.000825655894182962,0.000328275207560899,-0.00071385253444017,-0.00120519640363089
"American.Goldfinch",0.00739430813983699,0.017025152942794,0.0252599028220435,0.0307650922551726,1,0.192174229291758,0.12444705749275,0.110875463821907,0.0636827351878011,0.0423363304686708,0.0123004033959462,0.00978462058619038,0.00737442881011674,-0.000229024846481359,-0.000779120788022064,-0.00125244153308937,0.0111202658582629,0.0146299375311181,0.0406213468718149,0.0248859103960351,0.0204998511294014,0.0310688190747501,0.0337365616987693,0.0228401770971949,0.00259049367266365,0.00314644940367641,-0.000686292183645598,0.0061207154325055,0.00153548122988967,-0.00152986572373612,-0.000305128778842262,0.000813495859072165,0.00131392143268406,-0.00131806839430493,0.0125264382408813,0.0124866580832122,0.0228139471322188,0.022210226020026,0.0132571276887346,0.0264505440656046,0.023485997038641,0.0286410047557964,0.0274794037681834,0.0291715880363318,0.0293182531756334,0.0839647182134277,0.039939379892131,0.0473562779314886,0.042756295806721,0.0909309177867548,0.0438661419329764,0.0471551129439081,0.0875890478048319,0.0642958349360146,0.0571044800461503,0.0645740498536202,0.0643429958284269,0.0541703938127487,0.0001330325398178,0.000387523778433529,-0.00077223584731254,-0.000813333779776862,-0.000722897711725375,-0.000671540512160739,-0.000675214578160722,0.000663372711583701,-0.000635488878701758,-0.000609926653196781
"Carolina.Wren",0.0215751864686811,0.0469575081138364,0.0339943509363751,0.0415167265291713,0.192174229291758,1,0.165870010135084,0.130333604102287,0.0775275030170225,0.0567218347876775,0.00659828632988985,0.02859210023463,0.0324032218122009,-0.00017872993594035,0.00803019344359136,0.00836039117218723,0.0310855330411789,0.0453894128251141,0.0559635670539519,0.0685035768345835,0.056459293061966,0.0849859058777547,0.0914964669225898,0.062999563767826,0.00985001685305237,0.0102236649837529,-2.44844728205783e-05,-0.00112691936118835,0.0058018904198987,-0.00119390016848258,0.00167753373381051,0.00289546932009592,0.0085696524872563,0.0190211318077081,0.0372285594117912,0.0530224426231985,0.0791338110961009,0.0610223813331076,0.0563610849013656,0.072450868231027,0.0646562031816111,0.0778055481632241,0.0745407201139367,0.0797426429799293,0.0799053961602985,0.180453004179898,0.10816320885389,0.128616828037049,0.114900914508337,0.179720850504005,0.118781456846903,0.126829732158285,0.188926109972761,0.172241970921208,0.153612228212128,0.189077172260947,0.172144703797567,0.145376111475551,0.146996621648247,0.00103719847931553,-0.000602649300464871,-0.000634721937776831,-0.000564146046567333,-0.000524067124436066,-1.02956744071028e-05,0.00123892928024402,-0.000578035687315685,-0.000475983952523095
"Northern.Flicker..Yellow.shafted.",0.00900089401386162,0.0205114979336286,0.0302468234307378,0.0369059292492743,0.12444705749275,0.165870010135084,1,0.157481018315174,0.0758653835365605,0.0505447846489694,0.00224039512267499,0.0137752960581558,0.00906030181774093,-0.000197793209260135,-0.000672873722794259,-0.00646071230322403,0.0134689195514095,0.0197689642115531,0.0970628455130731,0.0299586839317927,0.0246836096336722,0.0373092271135598,0.0403770880744396,0.027517902141702,0.00358757676425034,0.00409430549881053,-0.000504543832204968,-0.00288704055618597,0.00212017971504748,-0.00132124114865261,-7.00353566571796e-05,0.001306103358121,0.00189672632652934,-0.00113832617613093,0.0152431150622594,0.0151550046693884,0.0275164766892353,0.0267176059048036,0.0160968850513468,0.0317802115240249,0.0282744757551627,0.034300743538149,0.0328907546182852,0.0340305946494863,0.0351566793798875,0.0384376468006654,0.0421356713334908,0.0543668617722482,0.0509897475630883,0.124512282267562,0.0524682124055831,0.0562542055335544,0.115717322621907,0.092046246545217,0.0681272744306984,0.0769167700775388,0.0766010112037082,0.0645668975182074,0.000114891171813293,0.000768473719748914,0.00363298138208787,-0.000702421160731752,-0.00062431766930888,-0.000579963943167086,-0.000583136984504176,0.000998711742141838,-0.000548828595232279,-0.000526752236722804
"Spotted.Eastern.Towhee..Rufous.sided.Towhee.",0.00683290918287305,0.0718917832691317,0.0229505050995311,0.0279821699953902,0.110875463821907,0.130333604102287,0.157481018315174,1,0.0645131106358261,0.0383991790477063,0.00156471927471384,0.00870125992451287,0.0143166604063608,-0.000174125368084765,-0.000592357973735738,-0.000952219142614192,0.010171667118307,0.014950488221325,-0.000295772823724268,0.0226816451426028,0.0186863212989222,0.0282757239454145,0.0306433442704143,0.0208268661744623,0.00256940524683143,0.00302300621710816,-0.000482616930072301,-0.00118575148610063,0.00152017841460396,-0.00116314206235025,0.000394143371962642,0.000886611296870953,-0.000789869443911529,-0.00100211460828508,0.0114894436014621,-0.000768188346034646,0.0208163539544444,0.0202340835718089,-0.000831468909960171,0.0240801296598651,0.0214062020690688,0.026024845546536,0.0249609773904365,0.0265449501653512,0.026660159119948,0.0291574075271942,0.0362655007442471,0.0429707444821423,0.0387550211682116,0.109882231182223,0.0398298167456937,0.0427504337911046,0.0987842042166674,0.0582372014644425,0.0517721635099245,0.0584900785905252,0.0582627837716264,0.0490854345043404,0.000101143348937459,0.00169843109577147,0.00596082438853505,-0.000618369779328424,5.24954071134773e-05,-0.000510565734069089,-0.000513359090791846,-0.000495258172167092,-0.000483156027032893,-0.000463721315063614
"American.Crow",0.0129521561980058,0.0285246504333262,0.0426349870500986,0.0511049392596058,0.0636827351878011,0.0775275030170225,0.0758653835365605,0.0645131106358261,1,0.0696567283976453,0.00369182306779285,0.0178418245473252,0.0128416523882615,-0.000167582936062414,-0.000570101241022942,-0.000916441305763534,0.0188291180119941,0.0275437215500633,0.0664647518773971,0.0416305267329815,0.0343072390703001,0.0517172076164832,0.0557824952552875,0.0382690491618866,0.00563102444374449,0.00602732164967666,-0.000258296110430583,0.00100926167969761,0.00332026196574206,-0.00111943919493406,0.000311970121849803,0.00226485277353893,0.00306932209440325,-0.000964462043496125,0.021406585192311,0.0212287729766374,0.0383085786367813,0.0370992255100039,0.0225573742961756,0.0440763012464937,0.0392916209229777,0.0474185276562227,0.0454432317830258,0.0485335157046688,0.0486638797717395,0.0531648594702749,0.0659643271455804,0.0780310782178089,0.0701916059332014,0.0706720412159965,0.0724421059196033,0.0774643807946581,0.0878061487020493,0.105293200315096,0.0938194574127521,0.105754286072101,0.105263733980815,0.113174636216799,9.73430785220362e-05,0.00148358365833601,-0.000565063365890591,-0.000595135702120851,-0.000528961476735045,-0.000491382190368369,-0.000494070591985153,0.00166331491155369,-0.000465002351334827,-0.000446297861982369
"Eastern.Bluebird",0.00834487342799796,0.0188165716569085,0.0277604946099554,0.0338674695185324,0.0423363304686708,0.0567218347876775,0.0505447846489694,0.0383991790477063,0.0696567283976453,1,0.00202581710349734,0.0115056542257209,0.00829926435579683,-0.000186942132921511,-0.000635959391105554,-0.00102230869336823,0.0123509163434245,0.0181327540492457,0.0444075309124996,0.0274847443328894,0.0226449221847475,0.0342348139267287,0.0370594453656843,0.0252439734619115,0.0032583182252124,0.00373893583941585,0.00682835319762077,-0.000460243585586088,0.00192598099848172,-0.0012487569181797,-8.51700227868927e-05,0.0011752542417255,0.00171793549620217,-0.00107587679133233,0.0139728750724346,0.0138948707603048,0.0252405442113165,0.0245127150449416,0.0147579619716052,0.0291602186004841,0.0117392331756159,0.0314808017734696,0.0301880640654306,0.0321364240934682,0.0322631965592304,0.035276203844318,0.0438504408323907,0.0519375781909828,0.0468130143639061,0.047019531609384,0.0431999897745135,0.0516449245066632,0.0601164627490146,0.0703168702265212,0.0634214784196824,0.0706228140037808,0.0703357760649002,0.0592804973230982,0.00010858816029609,0.000683768064257682,-0.000630339540154591,-0.000663885835552542,-0.000590067157298619,-0.000548146708164026,-0.000551145674193317,0.000902159112587458,-0.000518719467593093,-0.000497854233835454
"Purple.Finch",0.0035196177152135,0.00139603139534597,0.000858751723609141,0.000170065997761781,0.0123004033959462,0.00659828632988985,0.00224039512267499,0.00156471927471384,0.00369182306779285,0.00202581710349734,1,0.000286196446658524,0.000561788825019562,0.00212816921244447,-0.000334159883768247,-0.00116752446295249,0.00064797139643195,0.00120425210116609,0.00246794808978923,0.00212647929799629,0.00173307473361221,0.00299695495224299,0.0050204359759645,0.00187063111055195,-0.00135790138822012,-0.000632681660865715,-0.00123592929760271,-0.0064552466645389,-0.000782299678527461,-0.00205183580055776,-0.00107984402235113,-0.00120459987237459,-0.000878794292007425,-0.000667927533433678,0.000467720932088375,0.00159673271173328,0.00175709917998304,0.00197158830861415,0.00167181050759773,0.00256094803294269,0.00200292625519898,0.0031061234633995,0.00408052145332051,0.00284804622900055,0.00301400206333332,0.00461410080210645,0.00603968843433861,0.00739811519755744,0.00543274332322339,0.00502418839049842,0.00500201976007711,0.00592311292524454,0.00694148530624241,0.00851541418570854,0.00715858547383863,0.00854496157741377,0.00866402675722659,0.0070119700031891,0.0082363701193597,-0.001081431434808,-0.00103571256836885,-0.00109083257521047,-0.000945267391121113,-0.000900661308373862,-0.000848907476365707,-0.000777809090996016,-0.000852309331431294,-0.000818025610566148
"Northern.Bobwhite",0.00379493243795563,0.0119086278053539,0.00666996370444485,0.00797739534125859,0.00978462058619038,0.02859210023463,0.0137752960581558,0.00870125992451287,0.0178418245473252,0.0115056542257209,0.000286196446658524,1,0.00856931097938987,0.00931747346221215,0.00201289183110864,0.00277276951370103,0.0060120770243053,0.00894235604302033,0.0230488353440627,0.0174269600796697,0.0164895819572459,0.0172145174644988,0.0188688771273937,0.0159755617743197,0.00141193029739073,0.0014404173780147,-0.000639686629759217,-0.00605975831354622,0.000492028252434403,-0.00151755332176462,-0.000212510511983667,-0.00024296016639815,0.000986184440475123,0.00300310750992377,0.00881166494552854,0.0144230917231091,0.0124846398564274,0.0122460723763941,0.0112159439576435,0.0146337260259537,0.0164457236919533,0.0147312487863772,0.00543406430772859,0.0161753018490884,0.0163099694173311,0.0178837715807263,0.0223730202045886,0.0266137116128725,0.024150551697223,0.023581975874483,0.0245763087384385,0.0266110709725063,0.0313886689874287,0.0457265088633153,0.0334068484782777,0.0365937383956197,0.0365154425009972,0.030643064704515,0.0317129812584651,0.000203844514003044,0.000268562598942168,-0.000806788046855377,-0.000526812414789451,-0.000666135935407827,-0.000447632368395153,-0.000270509167008675,-0.000587862020277515,-0.000605017946497391
"Pacific.Winter.Wren",0.00436616036739406,0.0104644350372023,0.00475747776066845,0.00564854999142218,0.00737442881011674,0.0324032218122009,0.00906030181774093,0.0143166604063608,0.0128416523882615,0.00829926435579683,0.000561788825019562,0.00856931097938987,1,0.01381703021515,0.00474627582204788,0.0047557170816111,0.0082387781462811,0.0100334752709184,0.0168636985051249,0.0153164312250212,0.0154297379594636,0.0259948876293643,0.0209711203081369,0.024140778040377,0.00205813958146004,0.00175239318781456,-0.000608444160052876,-0.00698603321240874,0.000706620948717408,-0.00139828705730622,0.000318932136711284,0.000484952304261644,0.00164004263883506,0.00512989385071871,0.0104347158228187,0.0160777638559843,0.0139954849551414,0.0136871697046098,0.0247017021085724,0.0163338515138532,0.0160198412184627,0.0177841749745783,0.0194683314338645,0.0166265363266346,0.018165340716281,0.0199014948956301,0.0248504664362948,0.0295233679309447,0.0267380289835898,0.0267006059470155,0.0367501059524245,0.0294725701395836,0.0335198265964069,0.0402901763492403,0.0356876665898822,0.0404627808632991,0.0403535740164259,0.0339065840048607,0.0465315092273699,-0.000307657886673287,-0.000705818408590914,-0.000743381644471824,-0.000660723682071518,-0.000613783544557118,-0.000127454754208367,-0.000595381350724303,-0.000554092288414371,-0.000557468888830461
"Yellow.rumped.Warbler",-0.000228827873450587,-0.000203153896805874,-0.000173223757319505,-0.00025726644885493,-0.000229024846481359,-0.00017872993594035,-0.000197793209260135,-0.000174125368084765,-0.000167582936062414,-0.000186942132921511,0.00212816921244447,0.00931747346221215,0.01381703021515,1,-0.000174179583722625,-0.000279994768749742,-0.000182042008829141,-0.000221364002638503,-8.69703618368822e-05,-0.000280891775509244,-0.00023486774854664,-0.000286690682534034,-0.000217621405538719,-0.000272957588338745,-0.000353013394278841,-0.000205502842881764,-0.000214283836252446,-0.000742904419678408,-0.000204888642470642,-0.000342015485927549,-0.00020177609696455,-0.000234760751887153,-0.000232256738384111,-0.000294666254279843,0.011275677566553,-0.000225881531549367,-0.000293474940698383,-0.00023689935889391,-0.000244488831140128,-0.000255723890323309,-0.000265825995454499,-0.000200073084010185,-0.000178950394671718,-0.000262806148370927,-0.000235768547245201,-0.000237722704960274,-0.000239077666248383,-0.000237790037999648,-0.000149844201349497,-0.000228986959427861,-0.00026066054282172,-0.000178081839549337,-0.000161966093908245,-0.000160662308814254,-0.000218322410573501,-0.000162722693642269,-0.000134154962952938,-0.000165736278446908,2.97406419688011e-05,-0.000212814716775236,-0.000172640392206785,-0.00018182821119268,0.000400345032171522,-0.000150129028334521,-0.000150950399418783,-0.000145627924478192,-0.000142069355681861,-0.000136354686190358
"Chipping.Sparrow",0.000603732725410343,0.00225356493627788,-0.000589290779496263,-0.000875196038521986,-0.000779120788022064,0.00803019344359136,-0.000672873722794259,-0.000592357973735738,-0.000570101241022942,-0.000635959391105554,-0.000334159883768247,0.00201289183110864,0.00474627582204788,-0.000174179583722625,1,0.00250861465125107,0.00135976330292149,0.00209867157892497,0.00643788369392207,0.00333691048487591,0.0190185136934179,0.00182889886977139,0.00619024375820119,0.00697292133629758,-0.000173980487433434,-2.3203791920741e-05,-0.000639578769041903,-0.00360556109611282,0.000108195551517433,-0.0010734527456376,2.51362031665494e-07,-0.000645635615517633,2.41332620460363e-05,0.00519057855448644,0.00137900958509677,0.00588006478577394,0.00296313708279478,-0.00946446043433398,0.00561648635211937,0.00366095127525764,0.00329798353330499,0.0038535432543032,0.00635639848931868,0.00408884493103685,0.00418504799215415,0.00463310879197246,0.00592017006939287,0.0071414314313756,0.00662072201849796,0.00642608483259057,0.00650735854532177,0.00726766897902537,0.00836046003148846,0.010128576460464,0.00879397820164174,0.0101687623464321,0.0102070268749786,0.00845248269645899,0.0273246981668197,-0.000504040698882001,-0.000587306226757118,-0.000618562314812508,-0.000549783241586528,-0.00051072470370833,-0.000258190334119869,-0.00049541237564704,-0.000462392390244776,-0.000325284921678472
"Herring.Gull",0.000242756650893609,0.00207218877289176,-0.000947288608716606,-0.00140688309834852,-0.00125244153308937,0.00836039117218723,-0.00646071230322403,-0.000952219142614192,-0.000916441305763534,-0.00102230869336823,-0.00116752446295249,0.00277276951370103,0.0047557170816111,-0.000279994768749742,0.00250861465125107,1,0.00112279815222905,0.00187213378666979,0.0140825720611568,0.00310402832163613,0.00636574494123836,0.00417434870281921,0.0111315417296188,0.00704871685860889,-0.0004503430143629,-0.000393173850551769,-0.00107519487550072,-0.00461864370260075,-0.00108084508680595,-0.0018703402976432,-0.000679266293913745,-0.000953031015834615,-0.000434891006093731,0.00106641384564819,0.00103556170380622,0.00399205733397538,0.00267744587498396,0.0069650228835476,0.008704147219953,0.00349939190251977,0.0029259793982777,0.00414833254059782,0.00404089645152709,0.00394925343957504,0.00410167659337752,0.00458252384016797,0.00597139217151798,0.00729386504308138,0.0068885115193875,0.00653635316665513,0.00656747609120387,0.00753727370726723,0.00874743166919611,0.0106610761848759,0.00911511492890739,0.0107008260644506,0.0107933591969479,0.00884015383944458,0.0197814720071878,-0.0011637950826596,-0.000944098427793026,-0.00099434278456573,-0.000883779994764841,-0.000820993151168205,-0.000549478234530331,-0.000630033434227488,-0.000754310336543707,-0.000745667008797881
"Savannah.Sparrow",0.0042620234895735,0.0127943801205687,0.00723301979958332,0.0066571546670281,0.0111202658582629,0.0310855330411789,0.0134689195514095,0.010171667118307,0.0188291180119941,0.0123509163434245,0.00064797139643195,0.0060120770243053,0.0082387781462811,-0.000182042008829141,0.00135976330292149,0.00112279815222905,1,0.00968498997209729,0.0120545164512956,0.0147640087155393,0.0121589119950548,0.0230001323351785,0.0201548774605614,0.0135373310221191,0.00188744769840965,0.00175135199556169,-0.00052009453608007,-0.00544532258349284,0.000749954541910808,-0.00121602452252002,3.04499018666565e-06,0.000288986872175028,0.00130219725009596,0.005774855430104,0.00939433896052913,0.0114040846466456,0.0135039036457469,0.016696134217566,0.012110044587773,0.0157290186519644,0.0251849723477823,0.0215497648550723,0.02067816026573,0.0173636106277701,0.0174752520846859,0.0191380718849409,0.0238764895592949,0.028349662139395,0.0256515644034019,0.0256441151171783,0.0262256299942547,0.0282796211864949,0.0321485113396131,0.0386296845950009,0.0342441152862673,0.0387956674940427,0.0386808741492478,0.0358263725783745,0.0334288819809863,-0.00035283656083727,-0.00061381709056656,-0.000646484071025056,-0.000574600326743062,-0.000533778695726948,-0.000422925465758092,-0.000121397747966921,-0.000505122801498676,-0.000484804486902693
"Mourning.Dove",0.00639698225676966,0.0183522725582254,0.0106732400952527,0.0198912838307381,0.0146299375311181,0.0453894128251141,0.0197689642115531,0.014950488221325,0.0275437215500633,0.0181327540492457,0.00120425210116609,0.00894235604302033,0.0100334752709184,-0.000221364002638503,0.00209867157892497,0.00187213378666979,0.00968498997209729,1,0.0176163761318763,0.0217243365670972,0.0226214936847609,0.0271472529914351,0.0295156045814217,0.0233264591672786,0.00328131477084207,0.00272347371359699,-0.000627874120169615,0.0014949381265286,0.00126566260533521,-0.00147869196425096,-8.60396594986156e-05,0.000211440779526859,0.0021305677239005,0.00534503598130225,0.0108901284183769,0.0186485431010879,0.0199012661835329,0.0193940747156805,0.0178311760405377,0.02310726315506,0.0241029280111814,0.0250514734307782,0.0240406382001877,0.00761686376593569,0.0262217564387305,0.0280529922647838,0.034949750822683,0.0414582622277139,0.0374570313398279,0.0375135131266739,0.0383867085313476,0.0413055442962116,0.0469220572187546,0.0563527078832845,0.0609430984330954,0.0565960079816539,0.0564046533941715,0.0474660613894086,0.0486222485923104,-0.000332437374087952,-0.00074640468389552,-0.000786127897207173,-0.000698716900914279,-0.000649077591317163,-0.00048207102940054,-5.27870010345188e-05,-0.00061423187913034,-0.000589524705908272
"Eastern.Towhee",0.00833190070724614,0.0182337205052983,0.02667674693655,0.0326266022057882,0.0406213468718149,0.0559635670539519,0.0970628455130731,-0.000295772823724268,0.0664647518773971,0.0444075309124996,0.00246794808978923,0.0230488353440627,0.0168636985051249,-8.69703618368822e-05,0.00643788369392207,0.0140825720611568,0.0120545164512956,0.0176163761318763,1,0.0665390770101375,0.0442518779188156,0.0330276211358845,0.0355885580325631,0.0493891640059061,0.00803935657593214,0.00391535945030181,0.000200028789740333,1.87047804330457e-05,0.00219211403061876,-0.000580954327005605,0.00213293144660882,0.00153184961552745,0.00448035789614765,-0.000500525977594173,0.0137227565977941,0.0555459768907024,0.0244958083062418,0.0237043088606386,0.0293183419391067,0.0281523698773102,0.0251108672319513,0.0302582488150891,0.0289928732974926,0.062430516824599,0.0310646297285395,0.0339301979032766,0.0420774179948059,0.0497572567986972,0.0447337041510937,0.0450699369801159,0.0462087438081495,0.0493735946161066,0.0559497999432656,0.0670795851118576,0.059798871877543,0.0673738528674695,0.0670506342469582,0.0566049149789156,5.05180477218402e-05,-0.000361491323194353,-0.000293250414075275,-0.000308857026685535,-0.000274514649941802,-0.000255012162339699,0.000549063368762348,0.00247675429836671,-0.000109368952755377,-0.000231614789999616
"Pine.Warbler",0.00986263825708677,0.0224252717869097,0.0162425317044827,0.0192551421790945,0.0248859103960351,0.0685035768345835,0.0299586839317927,0.0226816451426028,0.0416305267329815,0.0274847443328894,0.00212647929799629,0.0174269600796697,0.0153164312250212,-0.000280891775509244,0.00333691048487591,0.00310402832163613,0.0147640087155393,0.0217243365670972,0.0665390770101375,1,0.0271744910674144,0.0317282719858627,0.044649763308167,0.0302815707231727,0.00324045452281031,0.00430937569648953,-0.000810879002939967,-0.00662071497984228,0.00211442418617213,-0.0018763322234825,7.66372042490075e-05,0.000558109172420617,0.00338710191512643,0.00444029147641364,0.0166516189206048,-0.0036998886002727,0.0302555810614927,0.0234094312803304,0.0196583616064912,-0.00249272239597665,-0.014094241201828,0.0476648340297938,0.0363692350735518,-0.000361697731600207,0.0388218827593511,0.0424687490371693,0.0528512607739358,0.0626466759613847,0.0565340995110263,0.056699973573322,0.0574680428226604,0.0623558009161484,0.0707934144039417,0.102307559949381,0.0755135213327068,0.0853555954479173,0.0850383786327022,0.07161611128605,0.0731567153741206,-0.000282967485810065,-0.000947122993841847,-0.000997528316220696,-0.000886611321338513,-0.000823623330329925,-0.000687972091427226,6.93256212032869e-05,-0.000779407135066166,-0.000748055868954982
"Golden.crowned.Kinglet",0.00811544244995763,0.0234754079689974,0.0133783020617192,0.0196809714169955,0.0204998511294014,0.056459293061966,0.0246836096336722,0.0186863212989222,0.0343072390703001,0.0226449221847475,0.00173307473361221,0.0164895819572459,0.0154297379594636,-0.00023486774854664,0.0190185136934179,0.00636574494123836,0.0121589119950548,0.0226214936847609,0.0442518779188156,0.0271744910674144,1,0.159033928491711,0.0367929045209775,0.0656323862812316,0.00405525675365028,0.00353912536828286,-0.000518342474806829,-0.00355387422794479,0.00359172846882344,-0.00156889579289266,0.0003753459957339,0.000444877813585663,0.00277711765749711,0.0083063267763141,0.0137102969239547,0.0283541698850673,0.0286472556669072,0.0242488406154875,0.0223154566838133,0.0288708945708578,0.0256460456627953,0.0200733866123342,0.0299693618702271,0.0325262652876034,0.0319875213248396,0.0349936858788699,0.0319747210911378,0.0516273381784776,0.0465941348876112,0.0467257491266509,0.0478338570887978,0.0513914212446972,0.0583480040208513,0.0839912193351272,0.0589347057700713,0.0703522764221599,0.0700926285607758,0.0590259493948907,0.0568473095065245,-0.000247042162801242,-0.000791937196299098,-0.00083408362283802,-0.000741340341849137,-0.000688672912883572,-0.00026917596998496,4.77201980331098e-05,-0.000617031734839735,-0.000625487155720156
"Ruby.crowned.Kinglet",0.0124772646725845,0.0281744058108773,0.0203062395092231,0.0570040305001837,0.0310688190747501,0.0849859058777547,0.0373092271135598,0.0282757239454145,0.0517172076164832,0.0342348139267287,0.00299695495224299,0.0172145174644988,0.0259948876293643,-0.000286690682534034,0.00182889886977139,0.00417434870281921,0.0230001323351785,0.0271472529914351,0.0330276211358845,0.0317282719858627,0.159033928491711,1,0.0595938457324886,0.0377982229144606,0.00483825705624035,0.0055773448142225,-0.000754926541447032,-0.00425469340465712,0.00144165036903803,-0.00191506840965945,0.000334891368041956,0.000969955389778823,0.00639064156510385,0.00866474096472453,0.0209086983428549,0.0332861566605288,0.0377904701356943,0.0255766114686092,0.0363873537942435,0.0479488777214404,0.044389600275406,0.0539728154761355,0.0458857477898,0.0500801436551674,0.0319543032635513,0.0604437128294916,0.146358915176805,0.0778082466567375,0.0701392958090793,0.0704387212120452,0.0905435803629052,0.0773772536310606,0.0877996391210167,0.1053630047895,0.0937078250038121,0.105821258442126,0.105394715207614,0.0888222130341236,0.0904961541244834,-9.69873040559568e-05,-0.000966675998455293,-0.00101812192010937,-0.000904915084808614,-0.00084062672997529,-0.000527526331409802,0.000259043876811406,-0.000795497707681155,-0.000763499206253165
"Brown.Thrasher",0.0137891148846139,0.0305856493267921,0.0220912049122649,0.0268456565213815,0.0337365616987693,0.0914964669225898,0.0403770880744396,0.0306433442704143,0.0557824952552875,0.0370594453656843,0.0050204359759645,0.0188688771273937,0.0209711203081369,-0.000217621405538719,0.00619024375820119,0.0111315417296188,0.0201548774605614,0.0295156045814217,0.0355885580325631,0.044649763308167,0.0367929045209775,0.0595938457324886,1,0.0927886122628097,0.00581135789003008,0.00634512049174631,-0.000433418612684244,-0.00731777031403893,0.00257077897109434,-0.00145369174655013,0.000416394508059946,0.00145321094260605,0.00520175308881652,0.0127861835584006,0.0228797021374485,0.0345428658443676,0.0410615565451284,0.0617668085859136,0.055388018190633,0.0478143146867353,0.0401666824030474,0.0648855833139749,0.061229408566201,0.0529516434249713,0.0522602287503835,0.0571082108671229,0.088875909293685,0.105126741603435,0.0755166021592703,0.0759769331617116,0.0778610874245001,0.0833319142175325,0.0944858965872128,0.113327550220438,0.100923892110541,0.113822836654561,0.113314992572262,0.0955896535181733,0.0970421423368838,0.000269910634453227,-0.000733785233704793,-0.000772836847383469,-0.000686903707188755,-0.000638103648481225,-0.00030073113529286,0.000199395260543133,-0.00054800650488002,-0.000579557622604835
"Red.headed.Woodpecker",0.00901298039942812,0.0207176455537937,0.0149006320135554,0.0350092365850837,0.0228401770971949,0.062999563767826,0.027517902141702,0.0208268661744623,0.0382690491618866,0.0252439734619115,0.00187063111055195,0.0159755617743197,0.024140778040377,-0.000272957588338745,0.00697292133629758,0.00704871685860889,0.0135373310221191,0.0233264591672786,0.0493891640059061,0.0302815707231727,0.0656323862812316,0.0377982229144606,0.0927886122628097,1,0.00445375036760834,0.0039083922556639,-0.000728736171903039,-0.00892382678497623,0.00188835643089149,-0.00182333255473716,0.000376801697128078,0.000541210420708942,0.00305200270962846,0.00830790815616391,0.0152543623379617,0.0246412785398602,0.0277642005855202,0.0295072455255201,0.0308269378446703,0.0321808843376458,0.0285782121773072,0.0356585874781661,0.0351545673974575,0.0363880353356281,0.0356647903855078,0.03902077478739,0.048576341032281,0.0575922948190168,0.0519911300446015,0.0521214968713106,0.0856101524040578,0.0573414019739407,0.0651118286602162,0.0781760631413645,0.0694402816897088,0.0785144845558073,0.0782305718986265,0.0658679672908536,0.0673410059889726,-6.35981885853137e-05,-0.000920370159612141,-0.000969351712066047,-0.000861567725247946,0.00105282729609446,-0.00033216111857494,2.27697171534006e-05,-0.000679973771920365,-0.000213939644160772
"American.Robin",0.000195555463210222,0.00230897828115399,0.0015478317967149,0.00158782186119311,0.00259049367266365,0.00985001685305237,0.00358757676425034,0.00256940524683143,0.00563102444374449,0.0032583182252124,-0.00135790138822012,0.00141193029739073,0.00205813958146004,-0.000353013394278841,-0.000173980487433434,-0.0004503430143629,0.00188744769840965,0.00328131477084207,0.00803935657593214,0.00324045452281031,0.00405525675365028,0.00483825705624035,0.00581135789003008,0.00445375036760834,1,0.00724763969182904,-0.00140574549124871,0.0227626263495228,-0.000896132064356531,-0.00235809825975049,-0.00107655884036362,-0.00132417665002753,-0.000857895437392516,0.000547279407457351,0.00112625510275182,0.00412902090408137,0.00312445999927984,0.00326854029446726,0.00281011760540977,0.00404972766526293,0.00336510231786268,0.0048424146084641,0.00472345042263249,0.00458076929420275,0.010305276104708,0.00534249487989276,0.00563589226909363,0.00856035073724959,0.00811483907673792,0.00766487851585027,0.0114672475526769,0.00887338394808251,0.0103161460142716,0.0111044980582412,0.0107297267097736,0.0126341741034056,0.0127555493512318,0.0104246659293008,0.0118470977562649,-0.00132621467072978,-0.00119030577612877,-0.00125365314153458,-0.00111425715966372,-0.00103509640650718,-0.000958866737299891,-0.000865580935081963,-0.000972819412722329,-0.000940126285048101
"Cedar.Waxwing",0.000832210126740036,0.0029142850703213,0.00201193757399855,0.00228616060159864,0.00314644940367641,0.0102236649837529,0.00409430549881053,0.00302300621710816,0.00602732164967666,0.00373893583941585,-0.000632681660865715,0.0014404173780147,0.00175239318781456,-0.000205502842881764,-2.3203791920741e-05,-0.000393173850551769,0.00175135199556169,0.00272347371359699,0.00391535945030181,0.00430937569648953,0.00353912536828286,0.0055773448142225,0.00634512049174631,0.0039083922556639,0.00724763969182904,1,-0.000803453969799946,0.00779790629198257,-0.000312426003950528,-0.00137274081954504,-0.000623493766177978,-0.00065157693321025,-0.000198233977256292,0.000386096685547446,0.00182162068950321,0.0033038222753936,0.00383967365451562,0.00388856497855203,0.00349545298304129,0.0043710551379051,0.00406469208090309,0.00533951453642759,0.00516306835146304,0.00525642675538973,0.00537029672615145,0.00593838028371345,0.00970108529853019,0.00911540263488626,0.00842992562520505,0.00820675778532927,0.00831904530881742,0.00925767207924024,0.0106370281703692,0.0128761121928836,0.0112027474137939,0.0129276190719953,0.0129676534261269,0.0105392453867771,0.011612999974153,-0.000714887258160026,-0.00069292334188219,-0.000729800309982949,-0.0006486524809629,-0.000602569924091241,-0.00056544224098835,-0.000447787654571466,-0.000570220974708078,-0.000547284118325889
"Pine.Siskin",-0.000841915284436533,-0.00056847746506374,-0.000545945040380273,-0.000857237490305069,-0.000686292183645598,-2.44844728205783e-05,-0.000504543832204968,-0.000482616930072301,-0.000258296110430583,0.00682835319762077,-0.00123592929760271,-0.000639686629759217,-0.000608444160052876,-0.000214283836252446,-0.000639578769041903,-0.00107519487550072,-0.00052009453608007,-0.000627874120169615,0.000200028789740333,-0.000810879002939967,-0.000518342474806829,-0.000754926541447032,-0.000433418612684244,-0.000728736171903039,-0.00140574549124871,-0.000803453969799946,1,-0.000402660352761183,-0.000815343910971023,-0.00143139707883171,-0.000823928442304827,-0.000963293906946295,-0.000923499108559392,-0.00107761497090936,-0.000781573957590809,-0.000295668346666948,-0.00089643177980644,-0.000671436083192272,-0.000727181553867738,-0.000897819060247873,-0.000773174127255728,-0.000431134422209664,-0.000262773818834459,-0.000665944458004078,-0.000569016311256168,2.47204116296963e-06,-0.000436589667999459,-0.000329275336420523,-2.98798298862843e-05,-0.0003548583079612,-0.000471585440828263,-8.58254286377603e-05,6.8561509027168e-05,0.000221743177128929,-0.000114930381624855,0.000217073132315949,0.00033169916025117,0.000250364948675845,0.000884546467179988,-0.000854777265944543,-0.00069763162683126,-0.000760984169018887,-0.000674079318647119,-0.00062831731733727,-0.000623735079097965,-0.000600438298898596,-0.000594148181683772,-0.000570669187590727
"count",0.0537788823643563,-0.00263073833134284,0.00342266020612154,-0.00831976388075788,0.0061207154325055,-0.00112691936118835,-0.00288704055618597,-0.00118575148610063,0.00100926167969761,-0.000460243585586088,-0.0064552466645389,-0.00605975831354622,-0.00698603321240874,-0.000742904419678408,-0.00360556109611282,-0.00461864370260075,-0.00544532258349284,0.0014949381265286,1.87047804330457e-05,-0.00662071497984228,-0.00355387422794479,-0.00425469340465712,-0.00731777031403893,-0.00892382678497623,0.0227626263495228,0.00779790629198257,-0.000402660352761183,1,0.174691264809411,0.0411425051514108,-0.00422914231336767,-0.00331534727206033,-0.00332954048649245,-0.00824377382544035,-0.00838873009841817,-0.00689228189832547,0.00167509513077446,-0.00660582186492271,-0.00765119997942041,-0.00757713346271477,-0.00566955706401951,-0.00669533176165102,-0.00594128716721168,-0.00769042848035768,0.0157609844289732,6.76164613629852e-05,-0.00657978964129907,-0.00522837902216388,0.049988529276583,0.0044145277145397,-0.00794691295771221,0.0412080693033466,-0.00138622472885439,-0.00382715935522111,-0.00595377519575682,0.00133793612451015,0.00716563360219413,-0.00335747832859735,0.00749046557225379,-0.00439688865445487,0.00176870580146637,-0.00196042176965992,0.0102835022002486,-0.00452419491719832,-0.00119644188216882,-0.00155032178517614,0.0468855649511331,0.0364343835250003
"Red.winged.Blackbird",0.000387790313731031,0.00143401480915714,0.000919379764185126,0.000947338192707204,0.00153548122988967,0.0058018904198987,0.00212017971504748,0.00152017841460396,0.00332026196574206,0.00192598099848172,-0.000782299678527461,0.000492028252434403,0.000706620948717408,-0.000204888642470642,0.000108195551517433,-0.00108084508680595,0.000749954541910808,0.00126566260533521,0.00219211403061876,0.00211442418617213,0.00359172846882344,0.00144165036903803,0.00257077897109434,0.00188835643089149,-0.000896132064356531,-0.000312426003950528,-0.000815343910971023,0.174691264809411,1,-0.00136863801510794,-0.000659426444225871,-0.000766293963267296,-0.000492222909990695,0.000222534503781456,0.000675739611022537,0.00244006823045081,0.00199299182950569,0.00193463249579099,0.00210211223688375,0.00391415554583326,0.0033595647832827,0.00285822569829687,0.00353955765895657,0.0027076768688724,0.00281905939547973,0.0031542949133324,0.00351762541006464,0.00162235667159265,0.00477996748062515,0.00451954441440767,0.00453540627190864,0.00522753310350946,0.00607511841873595,0.00741094685307049,0.0063213089680587,0.00743830825244765,0.00750817489979827,0.00613913437574602,0.00696528488110691,-0.000768652308648748,-0.000690852354466871,-0.000727619105849203,-0.000646713808899416,-0.000600768982119448,-0.000531818498987265,-0.000501320849875796,-0.000568516716255216,-0.000545648412825465
"Common.Grackle",-0.0015285499613068,-0.00135705006745661,-0.00115711938216116,-0.00171851713042206,-0.00152986572373612,-0.00119390016848258,-0.00132124114865261,-0.00116314206235025,-0.00111943919493406,-0.0012487569181797,-0.00205183580055776,-0.00151755332176462,-0.00139828705730622,-0.000342015485927549,-0.0010734527456376,-0.0018703402976432,-0.00121602452252002,-0.00147869196425096,-0.000580954327005605,-0.0018763322234825,-0.00156889579289266,-0.00191506840965945,-0.00145369174655013,-0.00182333255473716,-0.00235809825975049,-0.00137274081954504,-0.00143139707883171,0.0411425051514108,-0.00136863801510794,1,0.022450935450719,-0.00156818106466757,-0.00155145447587699,-0.00196834452370634,-0.00169733460675571,-0.00150886865792707,-0.00196038665432197,-0.00158246677037371,-0.0016331637739047,-0.00170821297582721,-0.00177569414485764,-0.00133647051039186,-0.00119537281331435,-0.00175552183335877,-0.00157491304855039,-0.00158796664929606,-0.00159701767089322,-0.00158841642804505,-0.00100094601554018,-0.00152961264156933,-0.00174118937800889,-0.00118957094189558,-0.00108191918599489,-0.00107321001684999,-0.00145837439819999,-0.00108697320531797,-0.000896143290320075,-0.00110710368534669,0.000198664858634496,-0.00138446946165711,-0.00115322255478922,-0.00121459637321264,-0.00107954318472584,-0.00100284863461535,-0.00100833532083133,-0.000972781658850602,-0.000949010733944945,-0.000910837247042301
"Rusty.Blackbird",-0.0005206649067141,1.13527525556126e-05,-0.000289746542380379,-0.000532193449132793,-0.000305128778842262,0.00167753373381051,-7.00353566571796e-05,0.000394143371962642,0.000311970121849803,-8.51700227868927e-05,-0.00107984402235113,-0.000212510511983667,0.000318932136711284,-0.00020177609696455,2.51362031665494e-07,-0.000679266293913745,3.04499018666565e-06,-8.60396594986156e-05,0.00213293144660882,7.66372042490075e-05,0.0003753459957339,0.000334891368041956,0.000416394508059946,0.000376801697128078,-0.00107655884036362,-0.000623493766177978,-0.000823928442304827,-0.00422914231336767,-0.000659426444225871,0.022450935450719,1,-0.000868917039428623,-0.000702249445592626,-0.000478188048086613,-0.000382765840436265,0.00114676481149556,-6.42119836422913e-05,0.000119955028581887,0.00247181157976998,0.000241563303112437,0.000441967020131865,0.000552196565588211,0.000575153130498187,0.000338283085133707,0.000446000021648093,0.000563679613644296,0.000914503304815029,0.0012876458826428,0.00137562780932095,0.0010843044683678,0.00101160353465832,0.00146922246325878,0.00181894038805579,0.00231039337674215,0.00176924812933631,0.00330080709690244,0.00241162294316954,0.00183299326294241,0.00345346051234942,-0.000753383324654655,-0.000477990457537432,-0.000716565552315081,-0.000626839285049447,-0.000591642459668219,-0.000559677423420084,-0.000534219460184512,-0.000557957878736887,-0.000537359249039738
"Ring.necked.Duck",-0.000454778243876806,0.000334908047691433,0.000431369846868021,0.000322885953526025,0.000813495859072165,0.00289546932009592,0.001306103358121,0.000886611296870953,0.00226485277353893,0.0011752542417255,-0.00120459987237459,-0.00024296016639815,0.000484952304261644,-0.000234760751887153,-0.000645635615517633,-0.000953031015834615,0.000288986872175028,0.000211440779526859,0.00153184961552745,0.000558109172420617,0.000444877813585663,0.000969955389778823,0.00145321094260605,0.000541210420708942,-0.00132417665002753,-0.00065157693321025,-0.000963293906946295,-0.00331534727206033,-0.000766293963267296,-0.00156818106466757,-0.000868917039428623,1,-0.000690270861690455,-0.000640845891415298,0.000382811398759107,0.000235090225202296,0.000358077749174818,0.00110471267951225,0.00158131374517052,0.000776043094440544,0.000523574555719786,0.0025587536383705,0.00152407740754109,0.000937952400894529,0.00106373942499597,0.00125033222888475,0.00179961787193961,0.00243937791683452,0.00237949322739785,0.00308157278350133,0.0030447351769671,0.00256956005377088,0.00308984256158359,0.00385431251085358,0.00310033283205092,0.00386516222539209,0.00397080929559513,0.00311764715267843,0.00273809737979036,-0.000912723369580853,-0.000791576420351426,-0.000833703646608866,-0.000741002615870739,-0.000688359180148206,-0.000655522900200397,-0.000605826069627309,-0.000648406522137233,-0.00058547000448797
"American.Coot",0.000462928750437643,0.00227613204355404,0.000761586432543418,0.000729893299170435,0.00131392143268406,0.0085696524872563,0.00189672632652934,-0.000789869443911529,0.00306932209440325,0.00171793549620217,-0.000878794292007425,0.000986184440475123,0.00164004263883506,-0.000232256738384111,2.41332620460363e-05,-0.000434891006093731,0.00130219725009596,0.0021305677239005,0.00448035789614765,0.00338710191512643,0.00277711765749711,0.00639064156510385,0.00520175308881652,0.00305200270962846,-0.000857895437392516,-0.000198233977256292,-0.000923499108559392,-0.00332954048649245,-0.000492222909990695,-0.00155145447587699,-0.000702249445592626,-0.000690270861690455,1,0.00228131930702545,0.00209559889088025,0.00539289077183009,0.00297061877193372,0.00307448876104864,0.00571439978891466,0.00376017595782792,0.0031938174155845,0.0061142607780729,0.00423065429000099,0.00421887076882253,0.00542955454433083,0.00483101829627296,0.00622752268392779,0.00755479874317466,0.00706340183032905,0.00678540205564698,0.00952345595453857,0.00774215780350681,0.00894241091433824,0.0108635413061866,0.00936572398952028,0.0121619794962904,0.0109710517508137,0.00903916559271937,0.0132738263549514,-0.000806151493181293,-0.000783133279710452,-0.00082481116704518,-0.000733098907346525,-0.000681016978915266,-0.000683201043908472,-0.000504312132418016,-0.000644456601605837,-0.000518208583209026
"Hooded.Merganser",0.00189118457658421,0.00566556610799508,-0.000996925718643719,-0.00609912250993623,-0.00131806839430493,0.0190211318077081,-0.00113832617613093,-0.00100211460828508,-0.000964462043496125,-0.00107587679133233,-0.000667927533433678,0.00300310750992377,0.00512989385071871,-0.000294666254279843,0.00519057855448644,0.00106641384564819,0.005774855430104,0.00534503598130225,-0.000500525977594173,0.00444029147641364,0.0083063267763141,0.00866474096472453,0.0127861835584006,0.00830790815616391,0.000547279407457351,0.000386096685547446,-0.00107761497090936,-0.00824377382544035,0.000222534503781456,-0.00196834452370634,-0.000478188048086613,-0.000640845891415298,0.00228131930702545,1,0.00895182588333616,0.00898768525695604,0.00750588501134648,0.0112340473263436,0.0294331831814571,0.0252172450049897,0.0125759288656478,0.0101049381875541,0.00974779821165716,0.00718771757324315,0.0102184619401739,0.0102911166743703,0.0142528545725689,0.0170847088404733,0.0156878351272813,0.0154055061109763,0.0156619554828916,0.0172498855247195,0.0197518085461395,0.0392875972740551,0.0208786779620993,0.0239505917026981,0.0239782459952399,0.0199734693770713,0.0633583696942603,-0.000714296955774064,-0.000993568374978305,-0.00104644549291527,-0.000930089307837869,-0.000864012487534362,-0.000439915949908484,-0.000838108037324475,-0.00079335667889921,0.000180220177760829
"American.Black.Duck",0.00467509714158303,0.0113712391231205,0.00812599856795655,0.00973873295990722,0.0125264382408813,0.0372285594117912,0.0152431150622594,0.0114894436014621,0.021406585192311,0.0139728750724346,0.000467720932088375,0.00881166494552854,0.0104347158228187,0.011275677566553,0.00137900958509677,0.00103556170380622,0.00939433896052913,0.0108901284183769,0.0137227565977941,0.0166516189206048,0.0137102969239547,0.0209086983428549,0.0228797021374485,0.0152543623379617,0.00112625510275182,0.00182162068950321,-0.000781573957590809,-0.00838873009841817,0.000675739611022537,-0.00169733460675571,-0.000382765840436265,0.000382811398759107,0.00209559889088025,0.00895182588333616,1,0.0128541672136287,0.0151977852438827,0.0148871291335893,0.0136457668071636,0.0177788488888074,0.0157135325123087,0.0193952331235524,0.0264338373729801,0.019643857907549,0.0197957950520558,0.0216976961205323,0.0284448530810788,0.0322433345347032,0.0292329507568809,0.0357641575095782,0.0297912720175066,0.0322164296120292,0.0460259854500854,0.0534820279902941,0.0492761662167821,0.0442692132110147,0.0441632865538897,0.0370821025961331,0.0382969025952098,-2.14316704809595e-05,-0.000856769720299288,-0.000902366495202869,-0.000713111064958309,0.000739138948626171,-0.000614952435486291,-0.00026892931990727,-0.000725832643628504,-0.000385395743443005
"Bufflehead",0.00760066126647014,0.0174473213043315,0.00811229174344515,0.00974667853806371,0.0124866580832122,0.0530224426231985,0.0151550046693884,-0.000768188346034646,0.0212287729766374,0.0138948707603048,0.00159673271173328,0.0144230917231091,0.0160777638559843,-0.000225881531549367,0.00588006478577394,0.00399205733397538,0.0114040846466456,0.0186485431010879,0.0555459768907024,-0.0036998886002727,0.0283541698850673,0.0332861566605288,0.0345428658443676,0.0246412785398602,0.00412902090408137,0.0033038222753936,-0.000295668346666948,-0.00689228189832547,0.00244006823045081,-0.00150886865792707,0.00114676481149556,0.000235090225202296,0.00539289077183009,0.00898768525695604,0.0128541672136287,1,0.0316090863156264,0.0227563665184577,0.0282785660274109,0.0270966331857414,0.024066014094971,0.029328031258309,0.0281364384696734,0.0359239936576405,0.0300265903307319,0.0328505336106658,0.040890896126988,0.048477021272284,0.0437575672631696,0.0438731205724076,0.0449108948651895,0.0482614936934067,0.0419133691557961,0.0657909430024246,0.058444734857975,0.0660758507269042,0.0658348452298291,0.0741570833388308,0.0755029198632552,-0.000938874025591784,-0.000761637082561935,-0.000802170955070398,-0.000712976101880374,-0.00066232376842407,-0.000135765657211064,0.000254077264068214,-0.000583339526470411,-0.000601555545930851
"Yellow.rumped.Warbler..Myrtle.",0.0089491592498438,0.0220616354442318,0.0194774574730473,0.0179769284947828,0.0228139471322188,0.0791338110961009,0.0275164766892353,0.0208163539544444,0.0383085786367813,0.0252405442113165,0.00175709917998304,0.0124846398564274,0.0139954849551414,-0.000293474940698383,0.00296313708279478,0.00267744587498396,0.0135039036457469,0.0199012661835329,0.0244958083062418,0.0302555810614927,0.0286472556669072,0.0377904701356943,0.0410615565451284,0.0277642005855202,0.00312445999927984,0.00383967365451562,-0.00089643177980644,0.00167509513077446,0.00199299182950569,-0.00196038665432197,-6.42119836422913e-05,0.000358077749174818,0.00297061877193372,0.00750588501134648,0.0151977852438827,0.0316090863156264,1,0.0270064149167833,0.0248373787615459,0.0321697885660241,0.0285534007591386,0.0348553530296855,0.0334453508397891,0.0354845610796781,0.0356708920652707,0.0390352639476055,0.0486163376290306,0.0576573494444792,0.0520748911607114,0.0521750480298494,0.0533967386685648,0.0574288325601795,0.0902419102215053,0.0998812512654135,0.069545130358944,0.0786655253725262,0.0783918722129377,0.0659833933381525,0.0675359383911023,-0.000403471966034349,-0.000989551452505049,-0.00104221479221725,-0.000926329026475434,-0.000860519349803951,-0.000628295332297107,-3.34100577941807e-05,-0.000814322392775182,-0.000781566677709676
"Great.Blue.Heron..Blue.form.",0.00449201539499088,0.0129166038957504,0.0145022547854222,0.0222360082629829,0.022210226020026,0.0610223813331076,0.0267176059048036,0.0202340835718089,0.0370992255100039,0.0245127150449416,0.00197158830861415,0.0122460723763941,0.0136871697046098,-0.00023689935889391,-0.00946446043433398,0.0069650228835476,0.016696134217566,0.0193940747156805,0.0237043088606386,0.0234094312803304,0.0242488406154875,0.0255766114686092,0.0617668085859136,0.0295072455255201,0.00326854029446726,0.00388856497855203,-0.000671436083192272,-0.00660582186492271,0.00193463249579099,-0.00158246677037371,0.000119955028581887,0.00110471267951225,0.00307448876104864,0.0112340473263436,0.0148871291335893,0.0227563665184577,0.0270064149167833,1,0.177831957813162,0.0347546304122903,0.0277790333365003,0.0437148476144966,0.0324189479779043,0.0348633974914836,0.0346166731129143,0.0378633306990944,0.0471053819657622,0.0529437645120715,0.0503606774994001,0.0505286191228239,0.0517354764595928,0.0555499435357384,0.0630563179977147,0.0756902497718192,0.067272240442922,0.0760186321311212,0.0757289451984971,0.0637895854625878,0.0651107879633277,-0.000197306601794629,-0.000798787467621296,-0.000841298461525353,-0.000747752949449157,-0.000694629946253865,-0.000469912278421759,-0.000399181573315533,-0.000657338757176703,-0.000630897631128101
"Pied.billed.Grebe",0.00806210329296866,0.0185337407027079,0.00861078652483933,0.00682476090871039,0.0132571276887346,0.0563610849013656,0.0160968850513468,-0.000831468909960171,0.0225573742961756,0.0147579619716052,0.00167181050759773,0.0112159439576435,0.0247017021085724,-0.000244488831140128,0.00561648635211937,0.008704147219953,0.012110044587773,0.0178311760405377,0.0293183419391067,0.0196583616064912,0.0223154566838133,0.0363873537942435,0.055388018190633,0.0308269378446703,0.00281011760540977,0.00349545298304129,-0.000727181553867738,-0.00765119997942041,0.00210211223688375,-0.0016331637739047,0.00247181157976998,0.00158131374517052,0.00571439978891466,0.0294331831814571,0.0136457668071636,0.0282785660274109,0.0248373787615459,0.177831957813162,1,0.0300263213187649,0.0334181922525432,0.0286870390295857,0.0259859847580065,0.0317488261444705,0.0319059092394094,0.0349083048812069,0.0434571140648818,0.051523177877526,0.0465126341259329,0.046628818603676,0.0477295606930372,0.0512990558604506,0.058250901836988,0.0699387301962651,0.0621230019308077,0.0702414847744505,0.0699876458488723,0.0589273543785215,0.0802810646399971,-0.00101621505543286,-0.000824377977213388,-0.000868250882816676,-0.000771708481804312,-0.000716883593216445,3.71883437202772e-05,0.000257860505613999,-0.000678397717729664,-0.000651109505419535
"Fox.Sparrow",0.0105926601588176,0.023987366360502,0.0172826431906096,0.0209623894678631,0.0264505440656046,0.072450868231027,0.0317802115240249,0.0240801296598651,0.0440763012464937,0.0291602186004841,0.00256094803294269,0.0146337260259537,0.0163338515138532,-0.000255723890323309,0.00366095127525764,0.00349939190251977,0.0157290186519644,0.02310726315506,0.0281523698773102,-0.00249272239597665,0.0288708945708578,0.0479488777214404,0.0478143146867353,0.0321808843376458,0.00404972766526293,0.0043710551379051,-0.000897819060247873,-0.00757713346271477,0.00391415554583326,-0.00170821297582721,0.000241563303112437,0.000776043094440544,0.00376017595782792,0.0252172450049897,0.0177788488888074,0.0270966331857414,0.0321697885660241,0.0347546304122903,0.0300263213187649,1,0.435980391092313,0.0424494098485958,0.0385318272273919,0.0396926986158223,0.0411659480504201,0.045016932473728,0.0559772109510905,0.0673745541823698,0.0597935554292245,0.0600316622602569,0.0614783942064301,0.0659611032444321,0.0748545442525222,0.0859323460853346,0.0798817006725815,0.090226171767162,0.0898685876303356,0.0948643685271023,0.0771964614074998,-0.000129225542953803,-0.000862260833948711,-0.000908149842654493,-0.000807171003445651,-0.000749826732417618,-0.000482942823540757,0.000189136193659737,-0.000547655620486617,-0.000681030110766243
"Swamp.Sparrow",0.00930594536835011,0.0213021865666678,0.0153285118971393,0.0185579682548871,0.023485997038641,0.0646562031816111,0.0282744757551627,0.0214062020690688,0.0392916209229777,0.0117392331756159,0.00200292625519898,0.0164457236919533,0.0160198412184627,-0.000265825995454499,0.00329798353330499,0.0029259793982777,0.0251849723477823,0.0241029280111814,0.0251108672319513,-0.014094241201828,0.0256460456627953,0.044389600275406,0.0401666824030474,0.0285782121773072,0.00336510231786268,0.00406469208090309,-0.000773174127255728,-0.00566955706401951,0.0033595647832827,-0.00177569414485764,0.000441967020131865,0.000523574555719786,0.0031938174155845,0.0125759288656478,0.0157135325123087,0.024066014094971,0.0285534007591386,0.0277790333365003,0.0334181922525432,0.435980391092313,1,0.0357816850640777,0.0431391168910964,0.0364672437638011,0.0366396867847559,0.0400818370865562,0.049881586515836,0.0632791353376746,0.0533589368471598,0.0535144188746554,0.054785107757876,0.0588534950349992,0.066817747210659,0.0802149565177025,0.0712721561916959,0.0805625799972758,0.0802635582942788,0.0675942166828815,0.0690510229458616,-0.000269994603579817,-0.000896323547385237,-0.000944025353439423,-0.000839057450680809,-0.000779447854133608,-0.000299077859691665,6.34436943753418e-05,-0.000737603218063908,-0.000707933493816162
"Hairy.Woodpecker",-0.0109458798429356,0.025967308100769,0.0187477944891079,0.0320281778447171,0.0286410047557964,0.0778055481632241,0.034300743538149,0.026024845546536,0.0474185276562227,0.0314808017734696,0.0031061234633995,0.0147312487863772,0.0177841749745783,-0.000200073084010185,0.0038535432543032,0.00414833254059782,0.0215497648550723,0.0250514734307782,0.0302582488150891,0.0476648340297938,0.0200733866123342,0.0539728154761355,0.0648855833139749,0.0356585874781661,0.0048424146084641,0.00533951453642759,-0.000431134422209664,-0.00669533176165102,0.00285822569829687,-0.00133647051039186,0.000552196565588211,0.0025587536383705,0.0061142607780729,0.0101049381875541,0.0193952331235524,0.029328031258309,0.0348553530296855,0.0437148476144966,0.0286870390295857,0.0424494098485958,0.0357816850640777,1,0.0552011478069872,0.0505499413081587,0.0444014769336717,0.0485262254348767,0.0602596125476593,0.0713236379008202,0.0642161258682021,0.0645848192614958,0.102240790489224,0.0708582343567929,0.0803542336823238,0.0963876322919952,0.0858161573707394,0.0968084895186099,0.0963846560862845,0.0812923623632886,0.0825851892209077,0.000167780220435414,-0.000674615046920883,-0.00071051765845361,-0.000631513902665581,-0.000586648930760118,-0.000299805799037924,0.000411904883361788,-0.000555154699455093,-0.000532823876535325
"Brown.Creeper",0.0112272904449479,0.0249130385178313,0.0179931776563959,0.0234433058556217,0.0274794037681834,0.0745407201139367,0.0328907546182852,0.0249609773904365,0.0454432317830258,0.0301880640654306,0.00408052145332051,0.00543406430772859,0.0194683314338645,-0.000178950394671718,0.00635639848931868,0.00404089645152709,0.02067816026573,0.0240406382001877,0.0289928732974926,0.0363692350735518,0.0299693618702271,0.0458857477898,0.061229408566201,0.0351545673974575,0.00472345042263249,0.00516306835146304,-0.000262773818834459,-0.00594128716721168,0.00353955765895657,-0.00119537281331435,0.000575153130498187,0.00152407740754109,0.00423065429000099,0.00974779821165716,0.0264338373729801,0.0281364384696734,0.0334453508397891,0.0324189479779043,0.0259859847580065,0.0385318272273919,0.0431391168910964,0.0552011478069872,1,0.0690771271055102,0.0425712867874301,0.0465211022447531,0.0577558337127823,0.0747704683392922,0.0615221029953229,0.0618946149805916,0.0611900177629664,0.0678886972480509,0.0769768868276658,0.0923281068184071,0.0822204138754766,0.0927315737267124,0.0923187266579468,0.0778760482612652,0.079065735677769,0.00021307541673035,-0.000603392652715912,-0.000635504850792531,-0.000564841906055314,-0.000524713547614952,0.0003055684388926,0.000430265531205629,-0.000496544315607482,-0.000476571066359186
"Hermit.Thrush",0.0117317057785528,0.0264533809272226,0.0190690455359737,0.0217706892753992,0.0291715880363318,0.0797426429799293,0.0340305946494863,0.0265449501653512,0.0485335157046688,0.0321364240934682,0.00284804622900055,0.0161753018490884,0.0166265363266346,-0.000262806148370927,0.00408884493103685,0.00394925343957504,0.0173636106277701,0.00761686376593569,0.062430516824599,-0.000361697731600207,0.0325262652876034,0.0500801436551674,0.0529516434249713,0.0363880353356281,0.00458076929420275,0.00525642675538973,-0.000665944458004078,-0.00769042848035768,0.0027076768688724,-0.00175552183335877,0.000338283085133707,0.000937952400894529,0.00421887076882253,0.00718771757324315,0.019643857907549,0.0359239936576405,0.0354845610796781,0.0348633974914836,0.0317488261444705,0.0396926986158223,0.0364672437638011,0.0505499413081587,0.0690771271055102,1,0.0453573768067372,0.0495932254006304,0.0616473508878957,0.0862685741143038,0.0658122841730481,0.0661026283892309,0.0702857228310781,0.0726052483039001,0.0823800678184059,0.0988552752820703,0.0879289994038508,0.0992853878521984,0.0988818504052117,0.083339747093138,0.0848866083500046,-6.55214032251632e-05,-0.000886141096846794,-0.000933300998939921,-0.000829525556739822,-0.000770593139510636,-0.000476790194350531,0.000260417453754108,-0.000729223868545639,-0.000699891199483567
"Song.Sparrow",0.00940973633692756,0.0265839677141633,0.0191774375546573,0.0233027129296965,0.0293182531756334,0.0799053961602985,0.0351566793798875,0.026660159119948,0.0486638797717395,0.0322631965592304,0.00301400206333332,0.0163099694173311,0.018165340716281,-0.000235768547245201,0.00418504799215415,0.00410167659337752,0.0174752520846859,0.0262217564387305,0.0310646297285395,0.0388218827593511,0.0319875213248396,0.0319543032635513,0.0522602287503835,0.0356647903855078,0.010305276104708,0.00537029672615145,-0.000569016311256168,0.0157609844289732,0.00281905939547973,-0.00157491304855039,0.000446000021648093,0.00106373942499597,0.00542955454433083,0.0102184619401739,0.0197957950520558,0.0300265903307319,0.0356708920652707,0.0346166731129143,0.0319059092394094,0.0411659480504201,0.0366396867847559,0.0444014769336717,0.0425712867874301,0.0453573768067372,1,0.0497618317348366,0.061826896228807,0.0732051819594459,0.0659478499595442,0.0695858531046969,0.0679012524426894,0.0727616064607903,0.0825361311417299,0.0990246095338413,0.0881197716274721,0.0994561836816502,0.0990370940680228,0.0842218417984485,0.0849427272888845,4.77304640626118e-05,-0.00079497454817212,-0.000837282620771038,-0.000744183637360866,-0.000691314210667802,-0.00039682490882748,0.000338173821160407,-0.000654201026762201,-0.000627886114365894
"Field.Sparrow",0.0165562318908179,0.0290853489645962,0.020992091360747,0.025525573834392,0.0839647182134277,0.180453004179898,0.0384376468006654,0.0291574075271942,0.0531648594702749,0.035276203844318,0.00461410080210645,0.0178837715807263,0.0199014948956301,-0.000237722704960274,0.00463310879197246,0.00458252384016797,0.0191380718849409,0.0280529922647838,0.0339301979032766,0.0424687490371693,0.0349936858788699,0.0604437128294916,0.0571082108671229,0.03902077478739,0.00534249487989276,0.00593838028371345,2.47204116296963e-06,6.76164613629852e-05,0.0031542949133324,-0.00158796664929606,0.000563679613644296,0.00125033222888475,0.00483101829627296,0.0102911166743703,0.0216976961205323,0.0328505336106658,0.0390352639476055,0.0378633306990944,0.0349083048812069,0.045016932473728,0.0400818370865562,0.0485262254348767,0.0465211022447531,0.0495932254006304,0.0497618317348366,1,0.0675553258131084,0.0869009943235351,0.0720179558400666,0.0724112281559507,0.0741917601200954,0.0794637465902385,0.0901233298488515,0.108114677001468,0.0962375790189873,0.108586387107482,0.108118182400637,0.0911750265998512,0.0926761802580194,0.000133310386174802,-0.000801563661370585,-0.000844222402654693,-0.000750351772225469,-0.000697044139506845,-0.00037539074652965,0.000424591297685348,-0.0006596233445329,-0.000633090322089082
"Brown.headed.Nuthatch",0.0163720177829609,0.0362075611893075,0.0261610944668902,0.0318610404374013,0.039939379892131,0.10816320885389,0.0421356713334908,0.0362655007442471,0.0659643271455804,0.0438504408323907,0.00603968843433861,0.0223730202045886,0.0248504664362948,-0.000239077666248383,0.00592017006939287,0.00597139217151798,0.0238764895592949,0.034949750822683,0.0420774179948059,0.0528512607739358,0.0319747210911378,0.146358915176805,0.088875909293685,0.048576341032281,0.00563589226909363,0.00970108529853019,-0.000436589667999459,-0.00657978964129907,0.00351762541006464,-0.00159701767089322,0.000914503304815029,0.00179961787193961,0.00622752268392779,0.0142528545725689,0.0284448530810788,0.040890896126988,0.0486163376290306,0.0471053819657622,0.0434571140648818,0.0559772109510905,0.049881586515836,0.0602596125476593,0.0577558337127823,0.0616473508878957,0.061826896228807,0.0675553258131084,1,0.141017197953869,0.0892733169191189,0.0938760500550209,0.0920822887273807,0.0985168135441721,0.111689222703612,0.245657161911693,0.121380602956027,0.134535487062261,0.133925422028879,0.112994605489533,0.114641819849823,0.000393854634637202,-0.000806132378234848,-0.000849034263912975,-0.000754628593844434,-0.000701017120654475,-0.00030213258315352,0.000682008479030463,-0.000663383036299969,-0.000636698782116033
"Red.bellied.Woodpecker",0.0200640237073268,0.0438163050965708,0.0310394792895902,0.0378425575700359,0.0473562779314886,0.128616828037049,0.0543668617722482,0.0429707444821423,0.0780310782178089,0.0519375781909828,0.00739811519755744,0.0266137116128725,0.0295233679309447,-0.000237790037999648,0.0071414314313756,0.00729386504308138,0.028349662139395,0.0414582622277139,0.0497572567986972,0.0626466759613847,0.0516273381784776,0.0778082466567375,0.105126741603435,0.0575922948190168,0.00856035073724959,0.00911540263488626,-0.000329275336420523,-0.00522837902216388,0.00162235667159265,-0.00158841642804505,0.0012876458826428,0.00243937791683452,0.00755479874317466,0.0170847088404733,0.0322433345347032,0.048477021272284,0.0576573494444792,0.0529437645120715,0.051523177877526,0.0673745541823698,0.0632791353376746,0.0713236379008202,0.0747704683392922,0.0862685741143038,0.0732051819594459,0.0869009943235351,0.141017197953869,1,0.105537069842688,0.106280916670687,0.136490122389487,0.116475596508309,0.132014527941529,0.158296678143116,0.141067848803901,0.158990242748134,0.158245100645803,0.13355909675599,0.135334125156612,0.000649970762568051,-0.000801790697814377,-0.00084446152184297,-0.000750564303314592,-0.000697241571638814,-0.000225556559197929,0.00093181387545355,-0.000659810177526615,-0.000633269639818043
"Dark.eyed.Junco..Slate.colored.",0.0202858327844228,0.0387522486388549,0.0280530671137261,0.0342586743761889,0.042756295806721,0.114900914508337,0.0509897475630883,0.0387550211682116,0.0701916059332014,0.0468130143639061,0.00543274332322339,0.024150551697223,0.0267380289835898,-0.000149844201349497,0.00662072201849796,0.0068885115193875,0.0256515644034019,0.0374570313398279,0.0447337041510937,0.0565340995110263,0.0465941348876112,0.0701392958090793,0.0755166021592703,0.0519911300446015,0.00811483907673792,0.00842992562520505,-2.98798298862843e-05,0.049988529276583,0.00477996748062515,-0.00100094601554018,0.00137562780932095,0.00237949322739785,0.00706340183032905,0.0156878351272813,0.0292329507568809,0.0437575672631696,0.0520748911607114,0.0503606774994001,0.0465126341259329,0.0597935554292245,0.0533589368471598,0.0642161258682021,0.0615221029953229,0.0658122841730481,0.0659478499595442,0.0720179558400666,0.0892733169191189,0.105537069842688,1,0.0956042039314478,0.0980372528105676,0.104684486120151,0.118600981108602,0.142171133718728,0.126790475841685,0.142795725776834,0.121034988546527,0.119990934377035,0.121340768594622,0.000846560346845966,-0.000505251135725424,-0.000532140300642831,-0.000472970648971617,-0.000439369148214931,-1.53098434722266e-05,0.0010161121099936,-0.000415781627882742,-0.000399057017761176
"Blue.Jay",0.0176385806013642,0.0388498714803339,0.0280841030326615,0.0342272984551653,0.0909309177867548,0.179720850504005,0.124512282267562,0.109882231182223,0.0706720412159965,0.047019531609384,0.00502418839049842,0.023581975874483,0.0267006059470155,-0.000228986959427861,0.00642608483259057,0.00653635316665513,0.0256441151171783,0.0375135131266739,0.0450699369801159,0.056699973573322,0.0467257491266509,0.0704387212120452,0.0759769331617116,0.0521214968713106,0.00766487851585027,0.00820675778532927,-0.0003548583079612,0.0044145277145397,0.00451954441440767,-0.00152961264156933,0.0010843044683678,0.00308157278350133,0.00678540205564698,0.0154055061109763,0.0357641575095782,0.0438731205724076,0.0521750480298494,0.0505286191228239,0.046628818603676,0.0600316622602569,0.0535144188746554,0.0645848192614958,0.0618946149805916,0.0661026283892309,0.0695858531046969,0.0724112281559507,0.0938760500550209,0.106280916670687,0.0956042039314478,1,0.0986679850761311,0.105509878355783,0.151177682693452,0.149805748629105,0.127786171328936,0.143656677450786,0.143375344026341,0.12310418996513,0.122655294781847,0.000532977067700209,-0.000772108098113154,-0.000813199231841006,-0.000722778124420318,-0.000671429420758952,-0.000244178089479007,0.000806098778847062,-0.000635383751238772,-0.00060982575443382
"Yellow.bellied.Sapsucker",0.017986618241653,0.039767254539822,0.0287340511359675,-0.016573199607401,0.0438661419329764,0.118781456846903,0.0524682124055831,0.0398298167456937,0.0724421059196033,0.0431999897745135,0.00500201976007711,0.0245763087384385,0.0367501059524245,-0.00026066054282172,0.00650735854532177,0.00656747609120387,0.0262256299942547,0.0383867085313476,0.0462087438081495,0.0574680428226604,0.0478338570887978,0.0905435803629052,0.0778610874245001,0.0856101524040578,0.0114672475526769,0.00831904530881742,-0.000471585440828263,-0.00794691295771221,0.00453540627190864,-0.00174118937800889,0.00101160353465832,0.0030447351769671,0.00952345595453857,0.0156619554828916,0.0297912720175066,0.0449108948651895,0.0533967386685648,0.0517354764595928,0.0477295606930372,0.0614783942064301,0.054785107757876,0.102240790489224,0.0611900177629664,0.0702857228310781,0.0679012524426894,0.0741917601200954,0.0920822887273807,0.136490122389487,0.0980372528105676,0.0986679850761311,1,0.108188646164966,0.122652788875047,0.14709704201143,0.131029182711426,0.147740489592698,0.147069527253631,0.124086378469493,0.125888048813249,0.000440278627627579,-0.0008789064515903,-0.000925681330166099,-0.000822753132849681,-0.000764301852466951,-0.000421040429585691,0.000754245444427589,-0.000723270329069518,-0.000694177138185258
"White.throated.Sparrow",0.0195973461771074,0.042740215323092,0.0309335389937838,0.0377650609190864,0.0471551129439081,0.126829732158285,0.0562542055335544,0.0427504337911046,0.0774643807946581,0.0516449245066632,0.00592311292524454,0.0266110709725063,0.0294725701395836,-0.000178081839549337,0.00726766897902537,0.00753727370726723,0.0282796211864949,0.0413055442962116,0.0493735946161066,0.0623558009161484,0.0513914212446972,0.0773772536310606,0.0833319142175325,0.0573414019739407,0.00887338394808251,0.00925767207924024,-8.58254286377603e-05,0.0412080693033466,0.00522753310350946,-0.00118957094189558,0.00146922246325878,0.00256956005377088,0.00774215780350681,0.0172498855247195,0.0322164296120292,0.0482614936934067,0.0574288325601795,0.0555499435357384,0.0512990558604506,0.0659611032444321,0.0588534950349992,0.0708582343567929,0.0678886972480509,0.0726052483039001,0.0727616064607903,0.0794637465902385,0.0985168135441721,0.116475596508309,0.104684486120151,0.105509878355783,0.108188646164966,1,0.13091948556941,0.156946012312126,0.139948445766153,0.157635180004581,0.156865212246206,0.132453344945374,0.133992029525644,0.000882303619312013,-0.000600464021123194,-0.000632420359168522,-0.000562100384686885,-0.000522166793580586,-5.41222501345599e-05,0.00108608800871633,-0.000494134283991635,-0.000474257977071684
"Tufted.Titmouse",0.0223578249650764,0.0485317803480082,0.0351454778718619,0.0429425922646598,0.0875890478048319,0.188926109972761,0.115717322621907,0.0987842042166674,0.0878061487020493,0.0601164627490146,0.00694148530624241,0.0313886689874287,0.0335198265964069,-0.000161966093908245,0.00836046003148846,0.00874743166919611,0.0321485113396131,0.0469220572187546,0.0559497999432656,0.0707934144039417,0.0583480040208513,0.0877996391210167,0.0944858965872128,0.0651118286602162,0.0103161460142716,0.0106370281703692,6.8561509027168e-05,-0.00138622472885439,0.00607511841873595,-0.00108191918599489,0.00181894038805579,0.00308984256158359,0.00894241091433824,0.0197518085461395,0.0460259854500854,0.0419133691557961,0.0902419102215053,0.0630563179977147,0.058250901836988,0.0748545442525222,0.066817747210659,0.0803542336823238,0.0769768868276658,0.0823800678184059,0.0825361311417299,0.0901233298488515,0.111689222703612,0.132014527941529,0.118600981108602,0.151177682693452,0.122652788875047,0.13091948556941,1,0.177760543515669,0.179785778036844,0.178542157884695,0.177648593930038,0.150042915570621,0.151633287582539,0.00116318359498239,-0.000546124255454382,-0.000575188663492233,-0.000511232385753097,-0.000474912636453624,5.54696714594795e-05,0.00134187882372453,-0.000449416964957534,-0.000431339390055545
"Downy.Woodpecker",0.0269317890506083,0.0582691496433158,0.0422140405730453,0.051609051718071,0.0642958349360146,0.172241970921208,0.092046246545217,0.0582372014644425,0.105293200315096,0.0703168702265212,0.00851541418570854,0.0457265088633153,0.0402901763492403,-0.000160662308814254,0.010128576460464,0.0106610761848759,0.0386296845950009,0.0563527078832845,0.0670795851118576,0.102307559949381,0.0839912193351272,0.1053630047895,0.113327550220438,0.0781760631413645,0.0111044980582412,0.0128761121928836,0.000221743177128929,-0.00382715935522111,0.00741094685307049,-0.00107321001684999,0.00231039337674215,0.00385431251085358,0.0108635413061866,0.0392875972740551,0.0534820279902941,0.0657909430024246,0.0998812512654135,0.0756902497718192,0.0699387301962651,0.0859323460853346,0.0802149565177025,0.0963876322919952,0.0923281068184071,0.0988552752820703,0.0990246095338413,0.108114677001468,0.245657161911693,0.158296678143116,0.142171133718728,0.149805748629105,0.14709704201143,0.156946012312126,0.177760543515669,1,0.287137702165284,0.213983762785443,0.212894739289645,0.179846149773804,0.18162391579536,0.00153204662905067,-0.000541728096687277,-0.000570558543770421,-0.000507117097497404,-0.000471089712770077,0.000164796620023941,0.00170233346676327,-0.000683493186393253,-0.000427867219716592
"White.breasted.Nuthatch",0.0237253908300423,0.0517582997110889,0.0374591012186903,0.0457294167821397,0.0571044800461503,0.153612228212128,0.0681272744306984,0.0517721635099245,0.0938194574127521,0.0634214784196824,0.00715858547383863,0.0334068484782777,0.0356876665898822,-0.000218322410573501,0.00879397820164174,0.00911511492890739,0.0342441152862673,0.0609430984330954,0.059798871877543,0.0755135213327068,0.0589347057700713,0.0937078250038121,0.100923892110541,0.0694402816897088,0.0107297267097736,0.0112027474137939,-0.000114930381624855,-0.00595377519575682,0.0063213089680587,-0.00145837439819999,0.00176924812933631,0.00310033283205092,0.00936572398952028,0.0208786779620993,0.0492761662167821,0.058444734857975,0.069545130358944,0.067272240442922,0.0621230019308077,0.0798817006725815,0.0712721561916959,0.0858161573707394,0.0822204138754766,0.0879289994038508,0.0881197716274721,0.0962375790189873,0.121380602956027,0.141067848803901,0.126790475841685,0.127786171328936,0.131029182711426,0.139948445766153,0.179785778036844,0.287137702165284,1,0.190925872121567,0.189994718708413,0.16042444456662,0.162298174398237,0.00105778254105864,-0.000736148912692024,-0.000775326319960337,-0.000689116370764319,-0.000640159116643094,0.000183082843223032,0.00130805570980011,-0.000605792192517731,-0.000581424501510998
"Carolina.Chickadee",0.0270448214886419,0.0585214025698074,0.0423961025530806,0.0518304332572094,0.0645740498536202,0.189077172260947,0.0769167700775388,0.0584900785905252,0.105754286072101,0.0706228140037808,0.00854496157741377,0.0365937383956197,0.0404627808632991,-0.000162722693642269,0.0101687623464321,0.0107008260644506,0.0387956674940427,0.0565960079816539,0.0673738528674695,0.0853555954479173,0.0703522764221599,0.105821258442126,0.113822836654561,0.0785144845558073,0.0126341741034056,0.0129276190719953,0.000217073132315949,0.00133793612451015,0.00743830825244765,-0.00108697320531797,0.00330080709690244,0.00386516222539209,0.0121619794962904,0.0239505917026981,0.0442692132110147,0.0660758507269042,0.0786655253725262,0.0760186321311212,0.0702414847744505,0.090226171767162,0.0805625799972758,0.0968084895186099,0.0927315737267124,0.0992853878521984,0.0994561836816502,0.108586387107482,0.134535487062261,0.158990242748134,0.142795725776834,0.143656677450786,0.147740489592698,0.157635180004581,0.178542157884695,0.213983762785443,0.190925872121567,1,0.213832416434078,0.180636885261859,0.18242766531079,0.00153320821753402,-0.000548675391043484,-0.00057787556899994,-0.000513620529331413,-0.000477131117900731,0.000161544830787366,0.00170601952496119,-0.000451516347290849,-0.000433354325773808
"Northern.Cardinal",0.0270198875370875,0.0583096253327179,0.0422567582877175,0.0516846709506295,0.0643429958284269,0.172144703797567,0.0766010112037082,0.0582627837716264,0.105263733980815,0.0703357760649002,0.00866402675722659,0.0365154425009972,0.0403535740164259,-0.000134154962952938,0.0102070268749786,0.0107933591969479,0.0386808741492478,0.0564046533941715,0.0670506342469582,0.0850383786327022,0.0700926285607758,0.105394715207614,0.113314992572262,0.0782305718986265,0.0127555493512318,0.0129676534261269,0.00033169916025117,0.00716563360219413,0.00750817489979827,-0.000896143290320075,0.00241162294316954,0.00397080929559513,0.0109710517508137,0.0239782459952399,0.0441632865538897,0.0658348452298291,0.0783918722129377,0.0757289451984971,0.0699876458488723,0.0898685876303356,0.0802635582942788,0.0963846560862845,0.0923187266579468,0.0988818504052117,0.0990370940680228,0.108118182400637,0.133925422028879,0.158245100645803,0.121034988546527,0.143375344026341,0.147069527253631,0.156865212246206,0.177648593930038,0.212894739289645,0.189994718708413,0.213832416434078,1,0.179733848346429,0.18140913403299,0.00163980791456053,-0.000452349485563878,-0.000476423256125911,-0.00042344888436901,-0.000393365584190796,0.000242244726984863,0.0017753556324764,-0.000372247763895857,-0.000357274281898826
"Northern.Mockingbird",0.0226125447261745,0.0490953870079317,0.0355526767896751,0.0434384682464313,0.0541703938127487,0.145376111475551,0.0645668975182074,0.0490854345043404,0.113174636216799,0.0592804973230982,0.0070119700031891,0.030643064704515,0.0339065840048607,-0.000165736278446908,0.00845248269645899,0.00884015383944458,0.0358263725783745,0.0474660613894086,0.0566049149789156,0.07161611128605,0.0590259493948907,0.0888222130341236,0.0955896535181733,0.0658679672908536,0.0104246659293008,0.0105392453867771,0.000250364948675845,-0.00335747832859735,0.00613913437574602,-0.00110710368534669,0.00183299326294241,0.00311764715267843,0.00903916559271937,0.0199734693770713,0.0370821025961331,0.0741570833388308,0.0659833933381525,0.0637895854625878,0.0589273543785215,0.0948643685271023,0.0675942166828815,0.0812923623632886,0.0778760482612652,0.083339747093138,0.0842218417984485,0.0911750265998512,0.112994605489533,0.13355909675599,0.119990934377035,0.12310418996513,0.124086378469493,0.132453344945374,0.150042915570621,0.179846149773804,0.16042444456662,0.180636885261859,0.179733848346429,1,0.153418425203384,0.00116911911615015,-0.000558836726159737,-0.000588577684326997,-0.000523132656914134,-0.000485967470437398,0.000120443838549364,0.00135236352233214,-0.000459878320490535,-0.000441379942741869
"Spinus.sp...goldfinch.sp..",0.0236369386051526,0.0501921883106074,0.000100619634712417,0.000149437100938645,0.0001330325398178,0.146996621648247,0.000114891171813293,0.000101143348937459,9.73430785220362e-05,0.00010858816029609,0.0082363701193597,0.0317129812584651,0.0465315092273699,2.97406419688011e-05,0.0273246981668197,0.0197814720071878,0.0334288819809863,0.0486222485923104,5.05180477218402e-05,0.0731567153741206,0.0568473095065245,0.0904961541244834,0.0970421423368838,0.0673410059889726,0.0118470977562649,0.011612999974153,0.000884546467179988,0.00749046557225379,0.00696528488110691,0.000198664858634496,0.00345346051234942,0.00273809737979036,0.0132738263549514,0.0633583696942603,0.0382969025952098,0.0755029198632552,0.0675359383911023,0.0651107879633277,0.0802810646399971,0.0771964614074998,0.0690510229458616,0.0825851892209077,0.079065735677769,0.0848866083500046,0.0849427272888845,0.0926761802580194,0.114641819849823,0.135334125156612,0.121340768594622,0.122655294781847,0.125888048813249,0.133992029525644,0.151633287582539,0.18162391579536,0.162298174398237,0.18242766531079,0.18140913403299,0.153418425203384,1,0.000123616641242929,0.000100280778279166,0.000105617661651593,9.38738410037408e-05,8.72047127049864e-05,0.00117314710859521,8.45901785740571e-05,8.25231301626008e-05,7.92036781102037e-05
"Evening.Grosbeak",-0.000666292271828158,-0.000237594131463407,0.000160912097272142,-0.000161133126150673,0.000387523778433529,0.00103719847931553,0.000768473719748914,0.00169843109577147,0.00148358365833601,0.000683768064257682,-0.001081431434808,0.000203844514003044,-0.000307657886673287,-0.000212814716775236,-0.000504040698882001,-0.0011637950826596,-0.00035283656083727,-0.000332437374087952,-0.000361491323194353,-0.000282967485810065,-0.000247042162801242,-9.69873040559568e-05,0.000269910634453227,-6.35981885853137e-05,-0.00132621467072978,-0.000714887258160026,-0.000854777265944543,-0.00439688865445487,-0.000768652308648748,-0.00138446946165711,-0.000753383324654655,-0.000912723369580853,-0.000806151493181293,-0.000714296955774064,-2.14316704809595e-05,-0.000938874025591784,-0.000403471966034349,-0.000197306601794629,-0.00101621505543286,-0.000129225542953803,-0.000269994603579817,0.000167780220435414,0.00021307541673035,-6.55214032251632e-05,4.77304640626118e-05,0.000133310386174802,0.000393854634637202,0.000649970762568051,0.000846560346845966,0.000532977067700209,0.000440278627627579,0.000882303619312013,0.00116318359498239,0.00153204662905067,0.00105778254105864,0.00153320821753402,0.00163980791456053,0.00116911911615015,0.000123616641242929,1,-0.00047253627345836,-0.000755766898859066,-0.000581601960920001,-0.000624009604609394,-0.000574807755420556,-0.000605300817449207,-0.000586199878751916,-0.00050964169486962
"gull.sp.",-0.000771571685158753,-0.000685003064274586,-0.000584083330099522,-0.000867462099282923,-0.00077223584731254,-0.000602649300464871,0.00363298138208787,0.00596082438853505,-0.000565063365890591,-0.000630339540154591,-0.00103571256836885,0.000268562598942168,-0.000705818408590914,-0.000172640392206785,-0.000587306226757118,-0.000944098427793026,-0.00061381709056656,-0.00074640468389552,-0.000293250414075275,-0.000947122993841847,-0.000791937196299098,-0.000966675998455293,-0.000733785233704793,-0.000920370159612141,-0.00119030577612877,-0.00069292334188219,-0.00069763162683126,0.00176870580146637,-0.000690852354466871,-0.00115322255478922,-0.000477990457537432,-0.000791576420351426,-0.000783133279710452,-0.000993568374978305,-0.000856769720299288,-0.000761637082561935,-0.000989551452505049,-0.000798787467621296,-0.000824377977213388,-0.000862260833948711,-0.000896323547385237,-0.000674615046920883,-0.000603392652715912,-0.000886141096846794,-0.00079497454817212,-0.000801563661370585,-0.000806132378234848,-0.000801790697814377,-0.000505251135725424,-0.000772108098113154,-0.0008789064515903,-0.000600464021123194,-0.000546124255454382,-0.000541728096687277,-0.000736148912692024,-0.000548675391043484,-0.000452349485563878,-0.000558836726159737,0.000100280778279166,-0.00047253627345836,1,-0.000613096198482104,-0.000484012308218301,-0.000506211527628288,-0.000437862113416407,-0.000491034511668106,-0.000479035576042022,-0.000459766607173775
"Rock.Pigeon..Feral.Pigeon.",-0.000812634271308271,-0.000721458519912149,-0.000615167897511712,-0.000913627916235977,-0.000813333779776862,-0.000634721937776831,-0.000702421160731752,-0.000618369779328424,-0.000595135702120851,-0.000663885835552542,-0.00109083257521047,-0.000806788046855377,-0.000743381644471824,-0.00018182821119268,-0.000618562314812508,-0.00099434278456573,-0.000646484071025056,-0.000786127897207173,-0.000308857026685535,-0.000997528316220696,-0.00083408362283802,-0.00101812192010937,-0.000772836847383469,-0.000969351712066047,-0.00125365314153458,-0.000729800309982949,-0.000760984169018887,-0.00196042176965992,-0.000727619105849203,-0.00121459637321264,-0.000716565552315081,-0.000833703646608866,-0.00082481116704518,-0.00104644549291527,-0.000902366495202869,-0.000802170955070398,-0.00104221479221725,-0.000841298461525353,-0.000868250882816676,-0.000908149842654493,-0.000944025353439423,-0.00071051765845361,-0.000635504850792531,-0.000933300998939921,-0.000837282620771038,-0.000844222402654693,-0.000849034263912975,-0.00084446152184297,-0.000532140300642831,-0.000813199231841006,-0.000925681330166099,-0.000632420359168522,-0.000575188663492233,-0.000570558543770421,-0.000775326319960337,-0.00057787556899994,-0.000476423256125911,-0.000588577684326997,0.000105617661651593,-0.000755766898859066,-0.000613096198482104,1,-0.000573925492442069,-0.000533151804031536,-0.000536068731425294,-0.00051716707630939,-0.000504529564466229,-0.000484235112536153
"blackbird.sp.",-0.000722275982880687,-0.000641238229761405,-0.000546766255743331,-0.000812039960023144,-0.000722897711725375,-0.000564146046567333,-0.00062431766930888,5.24954071134773e-05,-0.000528961476735045,-0.000590067157298619,-0.000945267391121113,-0.000526812414789451,-0.000660723682071518,0.000400345032171522,-0.000549783241586528,-0.000883779994764841,-0.000574600326743062,-0.000698716900914279,-0.000274514649941802,-0.000886611321338513,-0.000741340341849137,-0.000904915084808614,-0.000686903707188755,-0.000861567725247946,-0.00111425715966372,-0.0006486524809629,-0.000674079318647119,0.0102835022002486,-0.000646713808899416,-0.00107954318472584,-0.000626839285049447,-0.000741002615870739,-0.000733098907346525,-0.000930089307837869,-0.000713111064958309,-0.000712976101880374,-0.000926329026475434,-0.000747752949449157,-0.000771708481804312,-0.000807171003445651,-0.000839057450680809,-0.000631513902665581,-0.000564841906055314,-0.000829525556739822,-0.000744183637360866,-0.000750351772225469,-0.000754628593844434,-0.000750564303314592,-0.000472970648971617,-0.000722778124420318,-0.000822753132849681,-0.000562100384686885,-0.000511232385753097,-0.000507117097497404,-0.000689116370764319,-0.000513620529331413,-0.00042344888436901,-0.000523132656914134,9.38738410037408e-05,-0.000581601960920001,-0.000484012308218301,-0.000573925492442069,1,-0.000473869681451597,-0.000476462270362317,-0.000459662324791558,-0.000448430000965347,-0.000430392126201274
"House.Finch",-0.000670962953122987,-0.000595682407408961,-0.000507922055165649,-0.000754349781170905,-0.000671540512160739,-0.000524067124436066,-0.000579963943167086,-0.000510565734069089,-0.000491382190368369,-0.000548146708164026,-0.000900661308373862,-0.000666135935407827,-0.000613783544557118,-0.000150129028334521,-0.00051072470370833,-0.000820993151168205,-0.000533778695726948,-0.000649077591317163,-0.000255012162339699,-0.000823623330329925,-0.000688672912883572,-0.00084062672997529,-0.000638103648481225,0.00105282729609446,-0.00103509640650718,-0.000602569924091241,-0.00062831731733727,-0.00452419491719832,-0.000600768982119448,-0.00100284863461535,-0.000591642459668219,-0.000688359180148206,-0.000681016978915266,-0.000864012487534362,0.000739138948626171,-0.00066232376842407,-0.000860519349803951,-0.000694629946253865,-0.000716883593216445,-0.000749826732417618,-0.000779447854133608,-0.000586648930760118,-0.000524713547614952,-0.000770593139510636,-0.000691314210667802,-0.000697044139506845,-0.000701017120654475,-0.000697241571638814,-0.000439369148214931,-0.000671429420758952,-0.000764301852466951,-0.000522166793580586,-0.000474912636453624,-0.000471089712770077,-0.000640159116643094,-0.000477131117900731,-0.000393365584190796,-0.000485967470437398,8.72047127049864e-05,-0.000624009604609394,-0.000506211527628288,-0.000533151804031536,-0.000473869681451597,1,-0.000442612712524399,-0.000427006294258117,-0.00042965179356941,-0.000399815553668445
"American.Pipit",-0.000591967549681024,-0.000422824856073537,-0.000510700948053873,-0.000825655894182962,-0.000675214578160722,-1.02956744071028e-05,-0.000583136984504176,-0.000513359090791846,-0.000494070591985153,-0.000551145674193317,-0.000848907476365707,-0.000447632368395153,-0.000127454754208367,-0.000150950399418783,-0.000258190334119869,-0.000549478234530331,-0.000422925465758092,-0.00048207102940054,0.000549063368762348,-0.000687972091427226,-0.00026917596998496,-0.000527526331409802,-0.00030073113529286,-0.00033216111857494,-0.000958866737299891,-0.00056544224098835,-0.000623735079097965,-0.00119644188216882,-0.000531818498987265,-0.00100833532083133,-0.000559677423420084,-0.000655522900200397,-0.000683201043908472,-0.000439915949908484,-0.000614952435486291,-0.000135765657211064,-0.000628295332297107,-0.000469912278421759,3.71883437202772e-05,-0.000482942823540757,-0.000299077859691665,-0.000299805799037924,0.0003055684388926,-0.000476790194350531,-0.00039682490882748,-0.00037539074652965,-0.00030213258315352,-0.000225556559197929,-1.53098434722266e-05,-0.000244178089479007,-0.000421040429585691,-5.41222501345599e-05,5.54696714594795e-05,0.000164796620023941,0.000183082843223032,0.000161544830787366,0.000242244726984863,0.000120443838549364,0.00117314710859521,-0.000574807755420556,-0.000437862113416407,-0.000536068731425294,-0.000476462270362317,-0.000442612712524399,1,-0.000429342488842172,-0.000416349383210853,-0.000402002984963072
"Bonaparte.s.Gull",-0.000371267043282622,1.78075022084928e-05,0.000371987464584651,0.000328275207560899,0.000663372711583701,0.00123892928024402,0.000998711742141838,-0.000495258172167092,0.00166331491155369,0.000902159112587458,-0.000777809090996016,-0.000270509167008675,-0.000595381350724303,-0.000145627924478192,-0.00049541237564704,-0.000630033434227488,-0.000121397747966921,-5.27870010345188e-05,0.00247675429836671,6.93256212032869e-05,4.77201980331098e-05,0.000259043876811406,0.000199395260543133,2.27697171534006e-05,-0.000865580935081963,-0.000447787654571466,-0.000600438298898596,-0.00155032178517614,-0.000501320849875796,-0.000972781658850602,-0.000534219460184512,-0.000605826069627309,-0.000504312132418016,-0.000838108037324475,-0.00026892931990727,0.000254077264068214,-3.34100577941807e-05,-0.000399181573315533,0.000257860505613999,0.000189136193659737,6.34436943753418e-05,0.000411904883361788,0.000430265531205629,0.000260417453754108,0.000338173821160407,0.000424591297685348,0.000682008479030463,0.00093181387545355,0.0010161121099936,0.000806098778847062,0.000754245444427589,0.00108608800871633,0.00134187882372453,0.00170233346676327,0.00130805570980011,0.00170601952496119,0.0017753556324764,0.00135236352233214,8.45901785740571e-05,-0.000605300817449207,-0.000491034511668106,-0.00051716707630939,-0.000459662324791558,-0.000427006294258117,-0.000429342488842172,1,-0.000404082473391717,-0.000387828455967267
"Brown.headed.Cowbird",-0.00063494232590473,-0.000563703214164603,-0.000480654273956852,-0.00071385253444017,-0.000635488878701758,-0.000578035687315685,-0.000548828595232279,-0.000483156027032893,-0.000465002351334827,-0.000518719467593093,-0.000852309331431294,-0.000587862020277515,-0.000554092288414371,-0.000142069355681861,-0.000462392390244776,-0.000754310336543707,-0.000505122801498676,-0.00061423187913034,-0.000109368952755377,-0.000779407135066166,-0.000617031734839735,-0.000795497707681155,-0.00054800650488002,-0.000679973771920365,-0.000972819412722329,-0.000570220974708078,-0.000594148181683772,0.0468855649511331,-0.000568516716255216,-0.000949010733944945,-0.000557957878736887,-0.000648406522137233,-0.000644456601605837,-0.00079335667889921,-0.000725832643628504,-0.000583339526470411,-0.000814322392775182,-0.000657338757176703,-0.000678397717729664,-0.000547655620486617,-0.000737603218063908,-0.000555154699455093,-0.000496544315607482,-0.000729223868545639,-0.000654201026762201,-0.0006596233445329,-0.000663383036299969,-0.000659810177526615,-0.000415781627882742,-0.000635383751238772,-0.000723270329069518,-0.000494134283991635,-0.000449416964957534,-0.000683493186393253,-0.000605792192517731,-0.000451516347290849,-0.000372247763895857,-0.000459878320490535,8.25231301626008e-05,-0.000586199878751916,-0.000479035576042022,-0.000504529564466229,-0.000448430000965347,-0.00042965179356941,-0.000416349383210853,-0.000404082473391717,1,-0.00037563587196168
"Ring.billed.Gull",-0.000609402085215279,-0.000541028531473224,-0.000461320193766405,-0.00120519640363089,-0.000609926653196781,-0.000475983952523095,-0.000526752236722804,-0.000463721315063614,-0.000446297861982369,-0.000497854233835454,-0.000818025610566148,-0.000605017946497391,-0.000557468888830461,-0.000136354686190358,-0.000325284921678472,-0.000745667008797881,-0.000484804486902693,-0.000589524705908272,-0.000231614789999616,-0.000748055868954982,-0.000625487155720156,-0.000763499206253165,-0.000579557622604835,-0.000213939644160772,-0.000940126285048101,-0.000547284118325889,-0.000570669187590727,0.0364343835250003,-0.000545648412825465,-0.000910837247042301,-0.000537359249039738,-0.00058547000448797,-0.000518208583209026,0.000180220177760829,-0.000385395743443005,-0.000601555545930851,-0.000781566677709676,-0.000630897631128101,-0.000651109505419535,-0.000681030110766243,-0.000707933493816162,-0.000532823876535325,-0.000476571066359186,-0.000699891199483567,-0.000627886114365894,-0.000633090322089082,-0.000636698782116033,-0.000633269639818043,-0.000399057017761176,-0.00060982575443382,-0.000694177138185258,-0.000474257977071684,-0.000431339390055545,-0.000427867219716592,-0.000581424501510998,-0.000433354325773808,-0.000357274281898826,-0.000441379942741869,7.92036781102037e-05,-0.00050964169486962,-0.000459766607173775,-0.000484235112536153,-0.000430392126201274,-0.000399815553668445,-0.000402002984963072,-0.000387828455967267,-0.00037563587196168,1
